mc	mn	quarterbeats	quarterbeats_all_endings	duration_qb	mc_onset	mn_onset	timesig	staff	voice	duration	gracenote	nominal_duration	scalar	tied	tpc	midi	name	octave	chord_id
1	1	0	0	1.0	0	0	3/8	3	1	1/4		1/4	1		0	48	C3	3	5
1	1	0	0	1.0	0	0	3/8	2	2	1/4		1/4	1		-3	63	Eb4	4	2
1	1	0	0	1.5	0	0	3/8	2	3	3/8		1/4	3/2		1	67	G4	4	4
1	1	0	0	0.5	0	0	3/8	2	1	1/8		1/8	1		0	72	C5	5	0
1	1	1/2	1/2	1.0	1/8	1/8	3/8	2	1	1/4		1/4	1		2	74	D5	5	1
1	1	1	1	0.5	1/4	1/4	3/8	3	1	1/8		1/8	1		5	47	B2	2	6
1	1	1	1	0.5	1/4	1/4	3/8	2	2	1/8		1/8	1		2	62	D4	4	3
2	2	3/2	3/2	1.0	0	0	3/8	3	2	1/4		1/4	1		0	48	C3	3	12
2	2	3/2	3/2	1.0	0	0	3/8	3	1	1/4		1/4	1		0	60	C4	4	10
2	2	3/2	3/2	1.5	0	0	3/8	2	2	3/8		1/4	3/2	1	1	67	G4	4	9
2	2	3/2	3/2	0.5	0	0	3/8	2	1	1/8		1/8	1		-3	75	Eb5	5	7
2	2	2	2	1.0	1/8	1/8	3/8	2	1	1/4		1/4	1		-1	77	F5	5	8
2	2	5/2	5/2	0.5	1/4	1/4	3/8	3	2	1/8		1/8	1		2	50	D3	3	13
2	2	5/2	5/2	0.5	1/4	1/4	3/8	3	1	1/8		1/8	1		5	59	B3	3	11
3	3	3	3	1.0	0	0	3/8	3	2	1/4		1/4	1		-3	51	Eb3	3	20
3	3	3	3	0.5	0	0	3/8	3	1	1/8		1/8	1		1	55	G3	3	18
3	3	3	3	1.0	0	0	3/8	2	2	1/4		1/4	1	-1	1	67	G4	4	16
3	3	3	3	0.5	0	0	3/8	2	1	1/8		1/8	1		1	79	G5	5	14
3	3	7/2	7/2	1.0	1/8	1/8	3/8	3	1	1/4		1/4	1		0	60	C4	4	19
3	3	7/2	7/2	1.0	1/8	1/8	3/8	2	1	1/4		1/4	1		-4	80	Ab5	5	15
3	3	4	4	0.5	1/4	1/4	3/8	3	2	1/8		1/8	1		-1	53	F3	3	21
3	3	4	4	0.5	1/4	1/4	3/8	2	2	1/8		1/8	1		-1	65	F4	4	17
4	4	9/2	9/2	0.5	0	0	3/8	3	2	1/8		1/8	1		-1	53	F3	3	28
4	4	9/2	9/2	0.5	0	0	3/8	3	1	1/8		1/8	1		2	62	D4	4	26
4	4	9/2	9/2	0.5	0	0	3/8	2	2	1/8		1/8	1		-4	68	Ab4	4	24
4	4	9/2	9/2	0.5	0	0	3/8	2	1	1/8		1/8	1		5	71	B4	4	22
4	4	5	5	0.5	1/8	1/8	3/8	3	2	1/8		1/8	1		-3	51	Eb3	3	29
4	4	5	5	0.5	1/8	1/8	3/8	3	1	1/8		1/8	1		-3	63	Eb4	4	27
4	4	5	5	0.5	1/8	1/8	3/8	2	2	1/8		1/8	1		1	67	G4	4	25
4	4	5	5	0.5	1/8	1/8	3/8	2	1	1/8		1/8	1		0	72	C5	5	23
5	5	6	6	1.0	0	0	3/8	3	1	1/4		1/4	1		-2	46	Bb2	2	35
5	5	6	6	1.0	0	0	3/8	2	2	1/4		1/4	1		-5	61	Db4	4	32
5	5	6	6	1.5	0	0	3/8	2	3	3/8		1/4	3/2		-1	65	F4	4	34
5	5	6	6	0.5	0	0	3/8	2	1	1/8		1/8	1		-2	70	Bb4	4	30
5	5	13/2	13/2	1.0	1/8	1/8	3/8	2	1	1/4		1/4	1		0	72	C5	5	31
5	5	7	7	0.5	1/4	1/4	3/8	3	1	1/8		1/8	1		3	45	A2	2	36
5	5	7	7	0.5	1/4	1/4	3/8	2	2	1/8		1/8	1		0	60	C4	4	33
6	6	15/2	15/2	1.0	0	0	3/8	3	2	1/4		1/4	1		-2	46	Bb2	2	42
6	6	15/2	15/2	1.0	0	0	3/8	3	1	1/4		1/4	1		-2	58	Bb3	3	40
6	6	15/2	15/2	1.5	0	0	3/8	2	2	3/8		1/4	3/2	1	-1	65	F4	4	39
6	6	15/2	15/2	0.5	0	0	3/8	2	1	1/8		1/8	1		-5	73	Db5	5	37
6	6	8	8	1.0	1/8	1/8	3/8	2	1	1/4		1/4	1		-3	75	Eb5	5	38
6	6	17/2	17/2	0.5	1/4	1/4	3/8	3	2	1/8		1/8	1		0	48	C3	3	43
6	6	17/2	17/2	0.5	1/4	1/4	3/8	3	1	1/8		1/8	1		3	57	A3	3	41
7	7	9	9	1.0	0	0	3/8	3	2	1/4		1/4	1		-5	49	Db3	3	50
7	7	9	9	0.5	0	0	3/8	3	1	1/8		1/8	1		-1	53	F3	3	48
7	7	9	9	1.0	0	0	3/8	2	2	1/4		1/4	1	-1	-1	65	F4	4	46
7	7	9	9	0.5	0	0	3/8	2	1	1/8		1/8	1		-1	77	F5	5	44
7	7	19/2	19/2	1.0	1/8	1/8	3/8	3	1	1/4		1/4	1		-2	58	Bb3	3	49
7	7	19/2	19/2	1.0	1/8	1/8	3/8	2	1	1/4		1/4	1		-6	78	Gb5	5	45
7	7	10	10	0.5	1/4	1/4	3/8	3	2	1/8		1/8	1		-3	51	Eb3	3	51
7	7	10	10	0.5	1/4	1/4	3/8	2	2	1/8		1/8	1		-3	63	Eb4	4	47
8	8	21/2	21/2	0.5	0	0	3/8	3	2	1/8		1/8	1		-3	51	Eb3	3	58
8	8	21/2	21/2	0.5	0	0	3/8	3	1	1/8		1/8	1		0	60	C4	4	56
8	8	21/2	21/2	0.5	0	0	3/8	2	2	1/8		1/8	1		-6	66	Gb4	4	54
8	8	21/2	21/2	0.5	0	0	3/8	2	1	1/8		1/8	1		3	69	A4	4	52
8	8	11	11	0.5	1/8	1/8	3/8	3	2	1/8		1/8	1		-5	49	Db3	3	59
8	8	11	11	0.5	1/8	1/8	3/8	3	1	1/8		1/8	1		-5	61	Db4	4	57
8	8	11	11	0.5	1/8	1/8	3/8	2	2	1/8		1/8	1		-1	65	F4	4	55
8	8	11	11	0.5	1/8	1/8	3/8	2	1	1/8		1/8	1		-2	70	Bb4	4	53
9	9	12	12	1.5	0	0	3/8	3	1	3/8		1/4	3/2		1	55	G3	3	65
9	9	12	12	1.5	0	0	3/8	3	1	3/8		1/4	3/2		-2	58	Bb3	3	65
9	9	12	12	1.5	0	0	3/8	2	2	3/8		1/4	3/2		-3	63	Eb4	4	64
9	9	12	12	0.25	0	0	3/8	2	1	1/16		1/16	1		-2	70	Bb4	4	60
9	9	49/4	49/4	0.25	1/16	1/16	3/8	2	1	1/16		1/16	1		0	72	C5	5	61
9	9	25/2	25/2	0.5	1/8	1/8	3/8	2	1	1/8		1/8	1		-5	73	Db5	5	62
9	9	13	13	0.5	1/4	1/4	3/8	2	1	1/8		1/8	1		-5	73	Db5	5	63
10	10	27/2	27/2	0.5	0	0	3/8	3	1	1/8		1/8	1		-4	56	Ab3	3	72
10	10	27/2	27/2	0.5	0	0	3/8	2	2	1/8		1/8	1		-3	63	Eb4	4	69
10	10	27/2	27/2	0.25	0	0	3/8	2	1	1/16		1/16	1		0	72	C5	5	66
10	10	55/4	55/4	0.25	1/16	1/16	3/8	2	1	1/16		1/16	1		-2	70	Bb4	4	67
10	10	14	14	0.5	1/8	1/8	3/8	3	1	1/8		1/8	1		0	60	C4	4	73
10	10	14	14	0.5	1/8	1/8	3/8	3	1	1/8		1/8	1		-3	63	Eb4	4	73
10	10	14	14	0.5	1/8	1/8	3/8	2	1	1/8		1/8	1		-4	68	Ab4	4	68
10	10	14	14	0.5	1/8	1/8	3/8	2	2	1/8		1/8	1		-4	68	Ab4	4	70
10	10	29/2	29/2	0.5	1/4	1/4	3/8	3	1	1/8		1/8	1		-2	58	Bb3	3	74
10	10	29/2	29/2	0.5	1/4	1/4	3/8	3	1	1/8		1/8	1		-5	61	Db4	4	74
10	10	29/2	29/2	0.5	1/4	1/4	3/8	2	2	1/8		1/8	1		1	67	G4	4	71
11	11	15	15	1.5	0	0	3/8	3	2	3/8		1/4	3/2	1	-4	56	Ab3	3	81
11	11	15	15	1.5	0	0	3/8	3	2	3/8		1/4	3/2		0	60	C4	4	81
11	11	15	15	1.0	0	0	3/8	3	1	1/4		1/4	1		-1	65	F4	4	80
11	11	15	15	0.25	0	0	3/8	2	1	1/16		1/16	1		-1	77	F5	5	75
11	11	61/4	61/4	0.25	1/16	1/16	3/8	2	1	1/16		1/16	1		1	79	G5	5	76
11	11	31/2	31/2	0.5	1/8	1/8	3/8	2	1	1/8		1/8	1		-4	80	Ab5	5	77
11	11	16	16	0.5	1/4	1/4	3/8	2	2	1/8		1/8	1		-4	68	Ab4	4	79
11	11	16	16	0.5	1/4	1/4	3/8	2	1	1/8		1/8	1		-4	80	Ab5	5	78
12	12	33/2	33/2	0.5	0	0	3/8	3	2	1/8		1/8	1	-1	-4	56	Ab3	3	83
12	12	33/2	33/2	1.5	0	0	3/8	2	1	3/8		1/4	3/2		2	62	D4	4	82
12	12	33/2	33/2	1.5	0	0	3/8	2	1	3/8		1/4	3/2		-1	65	F4	4	82
12	12	33/2	33/2	1.5	0	0	3/8	2	1	3/8		1/4	3/2		5	71	B4	4	82
12	12	17	17	0.5	1/8	1/8	3/8	3	2	1/8		1/8	1		1	55	G3	3	84
12	12	35/2	35/2	0.5	1/4	1/4	3/8	3	2	1/8		1/8	1		-1	53	F3	3	85
13	13	18	18	0.5	0	0	3/8	3	1	1/8		1/8	1		-3	51	Eb3	3	89
13	13	18	18	0.5	0	0	3/8	2	1	1/8		1/8	1		1	67	G4	4	86
13	13	18	18	0.5	0	0	3/8	2	1	1/8		1/8	1		0	72	C5	5	86
13	13	37/2	37/2	0.5	1/8	1/8	3/8	3	1	1/8		1/8	1		2	50	D3	3	90
13	13	37/2	37/2	0.5	1/8	1/8	3/8	2	1	1/8		1/8	1		-1	65	F4	4	87
13	13	37/2	37/2	0.5	1/8	1/8	3/8	2	1	1/8		1/8	1		5	71	B4	4	87
13	13	37/2	37/2	0.5	1/8	1/8	3/8	2	1	1/8		1/8	1		-1	77	F5	5	87
13	13	19	19	0.5	1/4	1/4	3/8	3	1	1/8		1/8	1		0	48	C3	3	91
13	13	19	19	0.5	1/4	1/4	3/8	2	1	1/8		1/8	1		1	67	G4	4	88
13	13	19	19	0.5	1/4	1/4	3/8	2	1	1/8		1/8	1		0	72	C5	5	88
13	13	19	19	0.5	1/4	1/4	3/8	2	1	1/8		1/8	1		-3	75	Eb5	5	88
14	14	39/2	39/2	1.0	0	0	3/8	3	1	1/4		1/4	1		1	55	G3	3	95
14	14	39/2	39/2	1.0	0	0	3/8	2	2	1/4		1/4	1		1	67	G4	4	94
14	14	39/2	39/2	0.5	0	0	3/8	2	1	1/8		1/8	1		0	72	C5	5	92
14	14	39/2	39/2	0.5	0	0	3/8	2	1	1/8		1/8	1		-3	75	Eb5	5	92
14	14	20	20	0.5	1/8	1/8	3/8	2	1	1/8		1/8	1		5	71	B4	4	93
14	14	20	20	0.5	1/8	1/8	3/8	2	1	1/8		1/8	1		2	74	D5	5	93
15	15	21	21	0.0	0	0	3/8	2	1	0	appoggiatura	1/8	1		-4	80	Ab5	5	96
15	15	21	21	1.5	0	0	3/8	2	2	3/8		1/4	3/2		5	71	B4	4	98
15	15	21	21	1.5	0	0	3/8	2	2	3/8		1/4	3/2		2	74	D5	5	98
15	15	21	21	1.5	0	0	3/8	2	1	3/8		1/4	3/2		1	79	G5	5	97
15	15	43/2	43/2	0.5	1/8	1/8	3/8	3	2	1/8		1/8	1		1	55	G3	3	100
15	15	43/2	43/2	1.0	1/8	1/8	3/8	3	1	1/4		1/4	1	1	1	55	G3	3	99
15	15	22	22	0.5	1/4	1/4	3/8	3	2	1/8		1/8	1		-1	53	F3	3	101
16	16	45/2	45/2	0.0	0	0	3/8	2	1	0	appoggiatura	1/8	1		-4	80	Ab5	5	102
16	16	45/2	45/2	0.5	0	0	3/8	3	1	1/8		1/8	1		-3	51	Eb3	3	105
16	16	45/2	45/2	0.5	0	0	3/8	3	1	1/8		1/8	1	-1	1	55	G3	3	105
16	16	45/2	45/2	1.5	0	0	3/8	2	2	3/8		1/4	3/2		0	72	C5	5	104
16	16	45/2	45/2	1.5	0	0	3/8	2	1	3/8		1/4	3/2		1	79	G5	5	103
16	16	23	23	0.5	1/8	1/8	3/8	3	1	1/8		1/8	1		2	50	D3	3	106
16	16	23	23	0.5	1/8	1/8	3/8	3	1	1/8		1/8	1		-1	53	F3	3	106
16	16	47/2	47/2	0.5	1/4	1/4	3/8	3	1	1/8		1/8	1		0	48	C3	3	107
16	16	47/2	47/2	0.5	1/4	1/4	3/8	3	1	1/8		1/8	1		-3	51	Eb3	3	107
17	17	24	24	0.0	0	0	3/8	2	1	0	appoggiatura	1/8	1		-4	80	Ab5	5	108
17	17	24	24	0.5	0	0	3/8	3	1	1/8		1/8	1		1	43	G2	2	111
17	17	24	24	0.5	0	0	3/8	3	1	1/8		1/8	1		2	50	D3	3	111
17	17	24	24	1.5	0	0	3/8	2	2	3/8		1/4	3/2		5	71	B4	4	110
17	17	24	24	1.5	0	0	3/8	2	2	3/8		1/4	3/2		2	74	D5	5	110
17	17	24	24	1.5	0	0	3/8	2	1	3/8		1/4	3/2		1	79	G5	5	109
17	17	49/2	49/2	0.5	1/8	1/8	3/8	3	1	1/8		1/8	1	1	1	55	G3	3	112
17	17	49/2	49/2	1.0	1/8	1/8	3/8	3	2	1/4		1/4	1		1	55	G3	3	114
17	17	25	25	0.5	1/4	1/4	3/8	3	1	1/8		1/8	1		-1	53	F3	3	113
18	18	51/2	51/2	0.0	0	0	3/8	2	1	0	appoggiatura	1/8	1		-4	80	Ab5	5	115
18	18	51/2	51/2	0.5	0	0	3/8	3	1	1/8		1/8	1		-3	51	Eb3	3	120
18	18	51/2	51/2	0.5	0	0	3/8	3	1	1/8		1/8	1	-1	1	55	G3	3	120
18	18	51/2	51/2	0.5	0	0	3/8	2	2	1/8		1/8	1		0	72	C5	5	117
18	18	51/2	51/2	1.5	0	0	3/8	2	1	3/8		1/4	3/2		1	79	G5	5	116
18	18	26	26	0.5	1/8	1/8	3/8	3	1	1/8		1/8	1		2	50	D3	3	121
18	18	26	26	0.5	1/8	1/8	3/8	3	1	1/8		1/8	1		-1	53	F3	3	121
18	18	26	26	0.5	1/8	1/8	3/8	2	2	1/8		1/8	1		2	74	D5	5	118
18	18	53/2	53/2	0.5	1/4	1/4	3/8	3	1	1/8		1/8	1		0	48	C3	3	122
18	18	53/2	53/2	0.5	1/4	1/4	3/8	3	1	1/8		1/8	1		-3	51	Eb3	3	122
18	18	53/2	53/2	0.5	1/4	1/4	3/8	2	2	1/8		1/8	1		-3	75	Eb5	5	119
19	19	27	27	1.5	0	0	3/8	2	1	3/8		1/4	3/2		3	69	A4	4	123
19	19	27	27	1.5	0	0	3/8	2	2	3/8		1/4	3/2	1	2	74	D5	5	124
19	19	27	27	1.5	0	0	3/8	2	2	3/8		1/4	3/2		6	78	F#5	5	124
19	19	55/2	55/2	0.5	1/8	1/8	3/8	3	1	1/8		1/8	1		2	50	D3	3	125
19	19	55/2	55/2	0.5	1/8	1/8	3/8	3	1	1/8		1/8	1		2	62	D4	4	125
19	19	28	28	0.5	1/4	1/4	3/8	3	1	1/8		1/8	1		0	48	C3	3	126
19	19	28	28	0.5	1/4	1/4	3/8	3	1	1/8		1/8	1		0	60	C4	4	126
20	20	57/2	57/2	0.5	0	0	3/8	3	1	1/8		1/8	1		5	47	B2	2	131
20	20	57/2	57/2	0.5	0	0	3/8	3	1	1/8		1/8	1		5	59	B3	3	131
20	20	57/2	57/2	0.5	0	0	3/8	2	1	1/8		1/8	1		1	67	G4	4	127
20	20	57/2	57/2	1.5	0	0	3/8	2	2	3/8		1/4	3/2	-1	2	74	D5	5	130
20	20	57/2	57/2	1.5	0	0	3/8	2	2	3/8		1/4	3/2		-1	77	F5	5	130
20	20	29	29	0.5	1/8	1/8	3/8	3	1	1/8		1/8	1		3	45	A2	2	132
20	20	29	29	0.5	1/8	1/8	3/8	3	1	1/8		1/8	1		3	57	A3	3	132
20	20	29	29	0.5	1/8	1/8	3/8	2	1	1/8		1/8	1		3	69	A4	4	128
20	20	59/2	59/2	0.5	1/4	1/4	3/8	3	1	1/8		1/8	1		1	43	G2	2	133
20	20	59/2	59/2	0.5	1/4	1/4	3/8	3	1	1/8		1/8	1		1	55	G3	3	133
20	20	59/2	59/2	0.5	1/4	1/4	3/8	2	1	1/8		1/8	1		5	71	B4	4	129
21	21	30	30	0.5	0	0	3/8	3	1	1/8		1/8	1		0	48	C3	3	137
21	21	30	30	0.5	0	0	3/8	3	1	1/8		1/8	1		1	55	G3	3	137
21	21	30	30	0.5	0	0	3/8	2	1	1/8		1/8	1		1	67	G4	4	134
21	21	30	30	0.5	0	0	3/8	2	1	1/8		1/8	1		0	72	C5	5	134
21	21	30	30	0.5	0	0	3/8	2	1	1/8		1/8	1		-3	75	Eb5	5	134
21	21	61/2	61/2	0.5	1/8	1/8	3/8	3	1	1/8		1/8	1		2	50	D3	3	138
21	21	61/2	61/2	0.5	1/8	1/8	3/8	3	1	1/8		1/8	1		2	62	D4	4	138
21	21	61/2	61/2	0.5	1/8	1/8	3/8	2	1	1/8		1/8	1		-1	65	F4	4	135
21	21	61/2	61/2	0.5	1/8	1/8	3/8	2	1	1/8		1/8	1		5	71	B4	4	135
21	21	31	31	0.5	1/4	1/4	3/8	3	1	1/8		1/8	1		-3	51	Eb3	3	139
21	21	31	31	0.5	1/4	1/4	3/8	3	1	1/8		1/8	1		0	60	C4	4	139
21	21	31	31	0.5	1/4	1/4	3/8	2	1	1/8		1/8	1		1	67	G4	4	136
21	21	31	31	0.5	1/4	1/4	3/8	2	1	1/8		1/8	1		0	72	C5	5	136
22	22	63/2	63/2	0.5	0	0	3/8	3	1	1/8		1/8	1		-1	53	F3	3	147
22	22	63/2	63/2	0.5	0	0	3/8	2	2	1/8		1/8	1		-4	68	Ab4	4	144
22	22	63/2	63/2	0.25	0	0	3/8	2	1	1/16		1/16	1		2	74	D5	5	140
22	22	63/2	63/2	0.5	0	0	3/8	2	2	1/8		1/8	1		2	74	D5	5	144
22	22	127/4	127/4	0.25	1/16	1/16	3/8	2	1	1/16		1/16	1		-1	77	F5	5	141
22	22	32	32	0.5	1/8	1/8	3/8	3	1	1/8		1/8	1		1	55	G3	3	148
22	22	32	32	0.5	1/8	1/8	3/8	2	2	1/8		1/8	1		1	67	G4	4	145
22	22	32	32	0.5	1/8	1/8	3/8	2	2	1/8		1/8	1		0	72	C5	5	145
22	22	32	32	0.5	1/8	1/8	3/8	2	1	1/8		1/8	1		-3	75	Eb5	5	142
22	22	65/2	65/2	0.5	1/4	1/4	3/8	3	1	1/8		1/8	1		1	43	G2	2	149
22	22	65/2	65/2	0.5	1/4	1/4	3/8	2	2	1/8		1/8	1		2	62	D4	4	146
22	22	65/2	65/2	0.5	1/4	1/4	3/8	2	2	1/8		1/8	1		1	67	G4	4	146
22	22	65/2	65/2	0.5	1/4	1/4	3/8	2	1	1/8		1/8	1		5	71	B4	4	143
23	23	33	33	0.5	0	0	3/8	2	1	1/8		1/8	1		5	71	B4	4	150
23	23	67/2	67/2	0.5	1/8	1/8	3/8	3	1	1/8		1/8	1		-4	56	Ab3	3	154
23	23	67/2	67/2	0.5	1/8	1/8	3/8	2	2	1/8		1/8	1		0	60	C4	4	152
23	23	67/2	67/2	0.5	1/8	1/8	3/8	2	2	1/8		1/8	1		-3	63	Eb4	4	152
23	23	67/2	67/2	0.5	1/8	1/8	3/8	2	1	1/8		1/8	1		0	72	C5	5	151
23	23	34	34	0.5	1/4	1/4	3/8	3	1	1/8		1/8	1		-3	51	Eb3	3	155
23	23	34	34	0.5	1/4	1/4	3/8	2	2	1/8		1/8	1		1	67	G4	4	153
24	24	69/2	69/2	0.5	0	0	3/8	3	1	1/8		1/8	1		-1	53	F3	3	163
24	24	69/2	69/2	0.5	0	0	3/8	2	2	1/8		1/8	1		-4	68	Ab4	4	160
24	24	69/2	69/2	0.25	0	0	3/8	2	1	1/16		1/16	1		2	74	D5	5	156
24	24	69/2	69/2	0.5	0	0	3/8	2	2	1/8		1/8	1		2	74	D5	5	160
24	24	139/4	139/4	0.25	1/16	1/16	3/8	2	1	1/16		1/16	1		-1	77	F5	5	157
24	24	35	35	0.5	1/8	1/8	3/8	3	1	1/8		1/8	1		1	55	G3	3	164
24	24	35	35	0.5	1/8	1/8	3/8	2	2	1/8		1/8	1		1	67	G4	4	161
24	24	35	35	0.5	1/8	1/8	3/8	2	2	1/8		1/8	1		0	72	C5	5	161
24	24	35	35	0.5	1/8	1/8	3/8	2	1	1/8		1/8	1		-3	75	Eb5	5	158
24	24	71/2	71/2	0.5	1/4	1/4	3/8	3	1	1/8		1/8	1		1	43	G2	2	165
24	24	71/2	71/2	0.5	1/4	1/4	3/8	2	2	1/8		1/8	1		2	62	D4	4	162
24	24	71/2	71/2	0.5	1/4	1/4	3/8	2	2	1/8		1/8	1		1	67	G4	4	162
24	24	71/2	71/2	0.5	1/4	1/4	3/8	2	1	1/8		1/8	1		5	71	B4	4	159
25	25	36	36	1.0	0	0	3/8	2	1	1/4		1/4	1		0	72	C5	5	166
25	25	73/2	73/2	0.5	1/8	1/8	3/8	3	1	1/8		1/8	1		-4	56	Ab3	3	169
25	25	73/2	73/2	0.5	1/8	1/8	3/8	2	2	1/8		1/8	1		0	60	C4	4	167
25	25	73/2	73/2	0.5	1/8	1/8	3/8	2	2	1/8		1/8	1		-3	63	Eb4	4	167
25	25	37	37	0.5	1/4	1/4	3/8	3	1	1/8		1/8	1		-3	51	Eb3	3	170
25	25	37	37	0.5	1/4	1/4	3/8	2	2	1/8		1/8	1		1	67	G4	4	168
26	26	75/2	75/2	0.5	0	0	3/8	3	1	1/8		1/8	1		-1	53	F3	3	178
26	26	75/2	75/2	0.5	0	0	3/8	2	2	1/8		1/8	1		-4	68	Ab4	4	175
26	26	75/2	75/2	0.25	0	0	3/8	2	1	1/16		1/16	1		2	74	D5	5	171
26	26	151/4	151/4	0.25	1/16	1/16	3/8	2	1	1/16		1/16	1		-1	77	F5	5	172
26	26	38	38	0.5	1/8	1/8	3/8	3	1	1/8		1/8	1		1	55	G3	3	179
26	26	38	38	0.5	1/8	1/8	3/8	2	2	1/8		1/8	1		1	67	G4	4	176
26	26	38	38	0.5	1/8	1/8	3/8	2	2	1/8		1/8	1		0	72	C5	5	176
26	26	38	38	0.5	1/8	1/8	3/8	2	1	1/8		1/8	1		-3	75	Eb5	5	173
26	26	77/2	77/2	0.5	1/4	1/4	3/8	3	1	1/8		1/8	1		1	43	G2	2	180
26	26	77/2	77/2	0.5	1/4	1/4	3/8	2	2	1/8		1/8	1		2	62	D4	4	177
26	26	77/2	77/2	0.5	1/4	1/4	3/8	2	2	1/8		1/8	1		1	67	G4	4	177
26	26	77/2	77/2	0.5	1/4	1/4	3/8	2	1	1/8		1/8	1		5	71	B4	4	174
27	27	39	39	1.0	0	0	3/8	3	1	1/4		1/4	1		0	48	C3	3	183
27	27	39	39	0.5	0	0	3/8	2	1	1/8		1/8	1		-3	63	Eb4	4	181
27	27	39	39	0.5	0	0	3/8	2	1	1/8		1/8	1		1	67	G4	4	181
27	27	39	39	0.5	0	0	3/8	2	1	1/8		1/8	1		0	72	C5	5	181
27	27	79/2	79/2	0.5	1/8	1/8	3/8	2	1	1/8		1/8	1		0	60	C4	4	182
28	28	81/2	81/2	1.0	0	0	3/8	3	1	1/4		1/4	1		0	48	C3	3	191
28	28	81/2	81/2	1.0	0	0	3/8	2	2	1/4		1/4	1		-3	63	Eb4	4	188
28	28	81/2	81/2	1.5	0	0	3/8	2	3	3/8		1/4	3/2		1	67	G4	4	190
28	28	81/2	81/2	0.5	0	0	3/8	1	1	1/8		1/8	1		0	72	C5	5	184
28	28	81/2	81/2	0.5	0	0	3/8	2	1	1/8		1/8	1		0	72	C5	5	186
28	28	41	41	1.0	1/8	1/8	3/8	1	1	1/4		1/4	1		2	74	D5	5	185
28	28	41	41	1.0	1/8	1/8	3/8	2	1	1/4		1/4	1		2	74	D5	5	187
28	28	83/2	83/2	0.5	1/4	1/4	3/8	3	1	1/8		1/8	1		5	47	B2	2	192
28	28	83/2	83/2	0.5	1/4	1/4	3/8	2	2	1/8		1/8	1		2	62	D4	4	189
29	29	42	42	1.0	0	0	3/8	3	2	1/4		1/4	1		0	48	C3	3	200
29	29	42	42	1.0	0	0	3/8	3	1	1/4		1/4	1		0	60	C4	4	198
29	29	42	42	1.5	0	0	3/8	2	2	3/8		1/4	3/2	1	1	67	G4	4	197
29	29	42	42	0.5	0	0	3/8	1	1	1/8		1/8	1		-3	75	Eb5	5	193
29	29	42	42	0.5	0	0	3/8	2	1	1/8		1/8	1		-3	75	Eb5	5	195
29	29	85/2	85/2	1.0	1/8	1/8	3/8	1	1	1/4		1/4	1		-1	77	F5	5	194
29	29	85/2	85/2	1.0	1/8	1/8	3/8	2	1	1/4		1/4	1		-1	77	F5	5	196
29	29	43	43	0.5	1/4	1/4	3/8	3	2	1/8		1/8	1		2	50	D3	3	201
29	29	43	43	0.5	1/4	1/4	3/8	3	1	1/8		1/8	1		5	59	B3	3	199
30	30	87/2	87/2	1.0	0	0	3/8	3	2	1/4		1/4	1		-3	51	Eb3	3	210
30	30	87/2	87/2	0.5	0	0	3/8	3	1	1/8		1/8	1		1	55	G3	3	208
30	30	87/2	87/2	1.0	0	0	3/8	2	2	1/4		1/4	1	-1	1	67	G4	4	206
30	30	87/2	87/2	0.5	0	0	3/8	1	1	1/8		1/8	1		1	79	G5	5	202
30	30	87/2	87/2	0.5	0	0	3/8	2	1	1/8		1/8	1		1	79	G5	5	204
30	30	44	44	1.0	1/8	1/8	3/8	3	1	1/4		1/4	1		0	60	C4	4	209
30	30	44	44	1.0	1/8	1/8	3/8	1	1	1/4		1/4	1		-4	80	Ab5	5	203
30	30	44	44	1.0	1/8	1/8	3/8	2	1	1/4		1/4	1		-4	80	Ab5	5	205
30	30	89/2	89/2	0.5	1/4	1/4	3/8	3	2	1/8		1/8	1		-1	53	F3	3	211
30	30	89/2	89/2	0.5	1/4	1/4	3/8	2	2	1/8		1/8	1		-1	65	F4	4	207
31	31	45	45	0.5	0	0	3/8	3	2	1/8		1/8	1		-1	53	F3	3	220
31	31	45	45	0.5	0	0	3/8	3	1	1/8		1/8	1		2	62	D4	4	218
31	31	45	45	0.5	0	0	3/8	2	2	1/8		1/8	1		-4	68	Ab4	4	216
31	31	45	45	0.5	0	0	3/8	1	1	1/8		1/8	1		5	71	B4	4	212
31	31	45	45	0.5	0	0	3/8	2	1	1/8		1/8	1		5	71	B4	4	214
31	31	91/2	91/2	0.5	1/8	1/8	3/8	3	2	1/8		1/8	1		-3	51	Eb3	3	221
31	31	91/2	91/2	0.5	1/8	1/8	3/8	3	1	1/8		1/8	1		-3	63	Eb4	4	219
31	31	91/2	91/2	0.5	1/8	1/8	3/8	2	2	1/8		1/8	1		1	67	G4	4	217
31	31	91/2	91/2	0.5	1/8	1/8	3/8	1	1	1/8		1/8	1		0	72	C5	5	213
31	31	91/2	91/2	0.5	1/8	1/8	3/8	2	1	1/8		1/8	1		0	72	C5	5	215
32	32	93/2	93/2	1.0	0	0	3/8	3	1	1/4		1/4	1		-2	46	Bb2	2	229
32	32	93/2	93/2	1.0	0	0	3/8	2	2	1/4		1/4	1		-5	61	Db4	4	226
32	32	93/2	93/2	1.5	0	0	3/8	2	3	3/8		1/4	3/2		-1	65	F4	4	228
32	32	93/2	93/2	0.5	0	0	3/8	1	1	1/8		1/8	1		-2	70	Bb4	4	222
32	32	93/2	93/2	0.5	0	0	3/8	2	1	1/8		1/8	1		-2	70	Bb4	4	224
32	32	47	47	1.0	1/8	1/8	3/8	1	1	1/4		1/4	1		0	72	C5	5	223
32	32	47	47	1.0	1/8	1/8	3/8	2	1	1/4		1/4	1		0	72	C5	5	225
32	32	95/2	95/2	0.5	1/4	1/4	3/8	3	1	1/8		1/8	1		3	45	A2	2	230
32	32	95/2	95/2	0.5	1/4	1/4	3/8	2	2	1/8		1/8	1		0	60	C4	4	227
33	33	48	48	1.0	0	0	3/8	3	2	1/4		1/4	1		-2	46	Bb2	2	238
33	33	48	48	1.0	0	0	3/8	3	1	1/4		1/4	1		-2	58	Bb3	3	236
33	33	48	48	1.5	0	0	3/8	2	2	3/8		1/4	3/2	1	-1	65	F4	4	235
33	33	48	48	0.5	0	0	3/8	1	1	1/8		1/8	1		-5	73	Db5	5	231
33	33	48	48	0.5	0	0	3/8	2	1	1/8		1/8	1		-5	73	Db5	5	233
33	33	97/2	97/2	1.0	1/8	1/8	3/8	1	1	1/4		1/4	1		-3	75	Eb5	5	232
33	33	97/2	97/2	1.0	1/8	1/8	3/8	2	1	1/4		1/4	1		-3	75	Eb5	5	234
33	33	49	49	0.5	1/4	1/4	3/8	3	2	1/8		1/8	1		0	48	C3	3	239
33	33	49	49	0.5	1/4	1/4	3/8	3	1	1/8		1/8	1		3	57	A3	3	237
34	34	99/2	99/2	1.0	0	0	3/8	3	2	1/4		1/4	1		-5	49	Db3	3	248
34	34	99/2	99/2	0.5	0	0	3/8	3	1	1/8		1/8	1		-1	53	F3	3	246
34	34	99/2	99/2	1.0	0	0	3/8	2	2	1/4		1/4	1	-1	-1	65	F4	4	244
34	34	99/2	99/2	0.5	0	0	3/8	1	1	1/8		1/8	1		-1	77	F5	5	240
34	34	99/2	99/2	0.5	0	0	3/8	2	1	1/8		1/8	1		-1	77	F5	5	242
34	34	50	50	1.0	1/8	1/8	3/8	3	1	1/4		1/4	1		-2	58	Bb3	3	247
34	34	50	50	1.0	1/8	1/8	3/8	1	1	1/4		1/4	1		-6	78	Gb5	5	241
34	34	50	50	1.0	1/8	1/8	3/8	2	1	1/4		1/4	1		-6	78	Gb5	5	243
34	34	101/2	101/2	0.5	1/4	1/4	3/8	3	2	1/8		1/8	1		-3	51	Eb3	3	249
34	34	101/2	101/2	0.5	1/4	1/4	3/8	2	2	1/8		1/8	1		-3	63	Eb4	4	245
35	35	51	51	0.5	0	0	3/8	3	2	1/8		1/8	1		-3	51	Eb3	3	258
35	35	51	51	0.5	0	0	3/8	3	1	1/8		1/8	1		0	60	C4	4	256
35	35	51	51	0.5	0	0	3/8	2	2	1/8		1/8	1		-6	66	Gb4	4	254
35	35	51	51	0.5	0	0	3/8	1	1	1/8		1/8	1		3	69	A4	4	250
35	35	51	51	0.5	0	0	3/8	2	1	1/8		1/8	1		3	69	A4	4	252
35	35	103/2	103/2	0.5	1/8	1/8	3/8	3	2	1/8		1/8	1		-5	49	Db3	3	259
35	35	103/2	103/2	0.5	1/8	1/8	3/8	3	1	1/8		1/8	1		-5	61	Db4	4	257
35	35	103/2	103/2	0.5	1/8	1/8	3/8	2	2	1/8		1/8	1		-1	65	F4	4	255
35	35	103/2	103/2	0.5	1/8	1/8	3/8	1	1	1/8		1/8	1		-2	70	Bb4	4	251
35	35	103/2	103/2	0.5	1/8	1/8	3/8	2	1	1/8		1/8	1		-2	70	Bb4	4	253
36	36	105/2	105/2	1.5	0	0	3/8	3	1	3/8		1/4	3/2		1	55	G3	3	268
36	36	105/2	105/2	1.5	0	0	3/8	3	1	3/8		1/4	3/2		-2	58	Bb3	3	268
36	36	105/2	105/2	1.5	0	0	3/8	2	2	3/8		1/4	3/2	1	-3	63	Eb4	4	267
36	36	105/2	105/2	0.25	0	0	3/8	1	1	1/16		1/16	1		-2	70	Bb4	4	260
36	36	105/2	105/2	0.25	0	0	3/8	2	1	1/16		1/16	1		-2	70	Bb4	4	263
36	36	211/4	211/4	0.25	1/16	1/16	3/8	1	1	1/16		1/16	1		0	72	C5	5	261
36	36	211/4	211/4	0.25	1/16	1/16	3/8	2	1	1/16		1/16	1		0	72	C5	5	264
36	36	53	53	0.5	1/8	1/8	3/8	2	1	1/8		1/8	1		-5	73	Db5	5	265
36	36	53	53	1.0	1/8	1/8	3/8	1	1	1/4		1/4	1		-5	73	Db5	5	262
36	36	107/2	107/2	0.5	1/4	1/4	3/8	2	1	1/8		1/8	1		-5	73	Db5	5	266
37	37	54	54	0.5	0	0	3/8	3	1	1/8		1/8	1		-4	56	Ab3	3	277
37	37	54	54	1.0	0	0	3/8	2	2	1/4		1/4	1	-1	-3	63	Eb4	4	275
37	37	54	54	0.25	0	0	3/8	1	1	1/16		1/16	1		0	72	C5	5	269
37	37	54	54	0.25	0	0	3/8	2	1	1/16		1/16	1		0	72	C5	5	272
37	37	217/4	217/4	0.25	1/16	1/16	3/8	1	1	1/16		1/16	1		-2	70	Bb4	4	270
37	37	217/4	217/4	0.25	1/16	1/16	3/8	2	1	1/16		1/16	1		-2	70	Bb4	4	273
37	37	109/2	109/2	0.5	1/8	1/8	3/8	3	1	1/8		1/8	1		0	60	C4	4	278
37	37	109/2	109/2	0.5	1/8	1/8	3/8	1	1	1/8		1/8	1		-4	68	Ab4	4	271
37	37	109/2	109/2	0.5	1/8	1/8	3/8	2	1	1/8		1/8	1		-4	68	Ab4	4	274
37	37	55	55	0.5	1/4	1/4	3/8	3	1	1/8		1/8	1		-4	56	Ab3	3	279
37	37	55	55	0.5	1/4	1/4	3/8	2	2	1/8		1/8	1	1	0	72	C5	5	276
38	38	111/2	111/2	1.0	0	0	3/8	3	1	1/4		1/4	1		-5	61	Db4	4	288
38	38	111/2	111/2	1.5	0	0	3/8	3	2	3/8		1/4	3/2		-1	65	F4	4	290
38	38	111/2	111/2	0.5	0	0	3/8	2	2	1/8		1/8	1	-1	0	72	C5	5	286
38	38	111/2	111/2	0.5	0	0	3/8	1	1	1/8		1/8	1		-1	77	F5	5	280
38	38	111/2	111/2	0.5	0	0	3/8	2	1	1/8		1/8	1		-1	77	F5	5	283
38	38	56	56	0.0	1/8	1/8	3/8	1	1	0	appoggiatura	1/8	1		-3	75	Eb5	5	281
38	38	56	56	0.0	1/8	1/8	3/8	2	1	0	appoggiatura	1/8	1		-3	75	Eb5	5	284
38	38	56	56	1.0	1/8	1/8	3/8	2	2	1/4		1/4	1	1	-2	70	Bb4	4	287
38	38	56	56	1.0	1/8	1/8	3/8	1	1	1/4		1/4	1		-5	73	Db5	5	282
38	38	56	56	1.0	1/8	1/8	3/8	2	1	1/4		1/4	1		-5	73	Db5	5	285
38	38	113/2	113/2	0.5	1/4	1/4	3/8	3	1	1/8		1/8	1		-2	58	Bb3	3	289
39	39	57	57	1.0	0	0	3/8	3	1	1/4		1/4	1		0	60	C4	4	299
39	39	57	57	1.5	0	0	3/8	3	2	3/8		1/4	3/2	1	-3	63	Eb4	4	301
39	39	57	57	0.5	0	0	3/8	2	2	1/8		1/8	1	-1	-2	70	Bb4	4	297
39	39	57	57	0.5	0	0	3/8	1	1	1/8		1/8	1		-3	75	Eb5	5	291
39	39	57	57	0.5	0	0	3/8	2	1	1/8		1/8	1		-3	75	Eb5	5	294
39	39	115/2	115/2	0.0	1/8	1/8	3/8	1	1	0	appoggiatura	1/8	1		-5	73	Db5	5	292
39	39	115/2	115/2	0.0	1/8	1/8	3/8	2	1	0	appoggiatura	1/8	1		-5	73	Db5	5	295
39	39	115/2	115/2	1.0	1/8	1/8	3/8	2	2	1/4		1/4	1		-4	68	Ab4	4	298
39	39	115/2	115/2	1.0	1/8	1/8	3/8	1	1	1/4		1/4	1		0	72	C5	5	293
39	39	115/2	115/2	1.0	1/8	1/8	3/8	2	1	1/4		1/4	1		0	72	C5	5	296
39	39	58	58	0.5	1/4	1/4	3/8	3	1	1/8		1/8	1		-4	56	Ab3	3	300
40	40	117/2	117/2	0.5	0	0	3/8	3	1	1/8		1/8	1		-2	58	Bb3	3	313
40	40	117/2	117/2	0.5	0	0	3/8	3	2	1/8		1/8	1	-1	-3	63	Eb4	4	316
40	40	117/2	117/2	0.5	0	0	3/8	2	2	1/8		1/8	1		1	67	G4	4	310
40	40	117/2	117/2	0.25	0	0	3/8	1	1	1/16		1/16	1		-2	70	Bb4	4	302
40	40	117/2	117/2	0.25	0	0	3/8	2	1	1/16		1/16	1		-2	70	Bb4	4	306
40	40	235/4	235/4	0.25	1/16	1/16	3/8	1	1	1/16		1/16	1		0	72	C5	5	303
40	40	235/4	235/4	0.25	1/16	1/16	3/8	2	1	1/16		1/16	1		0	72	C5	5	307
40	40	59	59	0.5	1/8	1/8	3/8	3	1	1/8		1/8	1		1	55	G3	3	314
40	40	59	59	0.5	1/8	1/8	3/8	3	2	1/8		1/8	1		-3	63	Eb4	4	317
40	40	59	59	0.5	1/8	1/8	3/8	2	2	1/8		1/8	1		-2	70	Bb4	4	311
40	40	59	59	0.5	1/8	1/8	3/8	1	1	1/8		1/8	1		-5	73	Db5	5	304
40	40	59	59	0.5	1/8	1/8	3/8	2	1	1/8		1/8	1		-5	73	Db5	5	308
40	40	119/2	119/2	0.5	1/4	1/4	3/8	3	1	1/8		1/8	1		-4	56	Ab3	3	315
40	40	119/2	119/2	0.5	1/4	1/4	3/8	3	2	1/8		1/8	1		-3	63	Eb4	4	318
40	40	119/2	119/2	0.5	1/4	1/4	3/8	2	2	1/8		1/8	1		-4	68	Ab4	4	312
40	40	119/2	119/2	0.5	1/4	1/4	3/8	1	1	1/8		1/8	1		0	72	C5	5	305
40	40	119/2	119/2	0.5	1/4	1/4	3/8	2	1	1/8		1/8	1		0	72	C5	5	309
41	41	60	60	0.5	0	0	3/8	3	2	1/8		1/8	1		-3	51	Eb3	3	322
41	41	60	60	1.0	0	0	3/8	3	1	1/4		1/4	1		-3	63	Eb4	4	321
41	41	60	60	1.0	0	0	3/8	2	1	1/4		1/4	1		1	67	G4	4	320
41	41	60	60	1.0	0	0	3/8	1	1	1/4		1/4	1		-2	70	Bb4	4	319
41	41	60	60	1.0	0	0	3/8	2	1	1/4		1/4	1		-2	70	Bb4	4	320
41	41	121/2	121/2	0.5	1/8	1/8	3/8	3	2	1/8		1/8	1		1	55	G3	3	323
41	41	61	61	0.5	1/4	1/4	3/8	3	2	1/8		1/8	1		-2	58	Bb3	3	324
42	42	123/2	123/2	1.0	0	0	3/8	3	2	1/4		1/4	1		-3	51	Eb3	3	335
42	42	123/2	123/2	0.5	0	0	3/8	3	1	1/8		1/8	1		-5	61	Db4	4	332
42	42	123/2	123/2	1.5	0	0	3/8	2	2	3/8		1/4	3/2	1	-3	63	Eb4	4	329
42	42	123/2	123/2	1.0	0	0	3/8	2	3	1/4		1/4	1		1	67	G4	4	330
42	42	123/2	123/2	0.5	0	0	3/8	1	1	1/8		1/8	1		-2	70	Bb4	4	325
42	42	123/2	123/2	0.5	0	0	3/8	2	1	1/8		1/8	1		-2	70	Bb4	4	327
42	42	62	62	0.5	1/8	1/8	3/8	3	1	1/8		1/8	1		-2	58	Bb3	3	333
42	42	62	62	1.0	1/8	1/8	3/8	1	1	1/4		1/4	1		-5	73	Db5	5	326
42	42	62	62	1.0	1/8	1/8	3/8	2	1	1/4		1/4	1		-5	73	Db5	5	328
42	42	125/2	125/2	0.5	1/4	1/4	3/8	3	2	1/8		1/8	1		-3	51	Eb3	3	336
42	42	125/2	125/2	0.5	1/4	1/4	3/8	3	1	1/8		1/8	1		1	55	G3	3	334
42	42	125/2	125/2	0.5	1/4	1/4	3/8	2	3	1/8		1/8	1		-2	70	Bb4	4	331
43	43	63	63	1.5	0	0	3/8	3	2	3/8		1/4	3/2		-3	51	Eb3	3	348
43	43	63	63	1.0	0	0	3/8	3	1	1/4		1/4	1		-4	56	Ab3	3	346
43	43	63	63	1.5	0	0	3/8	2	2	3/8		1/4	3/2	-1	-3	63	Eb4	4	343
43	43	63	63	1.0	0	0	3/8	2	3	1/4		1/4	1		-4	68	Ab4	4	344
43	43	63	63	0.5	0	0	3/8	1	1	1/8		1/8	1		0	72	C5	5	337
43	43	63	63	0.5	0	0	3/8	2	1	1/8		1/8	1		0	72	C5	5	340
43	43	127/2	127/2	0.5	1/8	1/8	3/8	1	1	1/8		1/8	1		-3	75	Eb5	5	338
43	43	127/2	127/2	0.5	1/8	1/8	3/8	2	1	1/8		1/8	1		-3	75	Eb5	5	341
43	43	64	64	0.5	1/4	1/4	3/8	3	1	1/8		1/8	1		0	60	C4	4	347
43	43	64	64	0.5	1/4	1/4	3/8	1	1	1/8		1/8	1		-4	68	Ab4	4	339
43	43	64	64	0.5	1/4	1/4	3/8	2	1	1/8		1/8	1		-4	68	Ab4	4	342
43	43	64	64	0.5	1/4	1/4	3/8	2	3	1/8		1/8	1		-4	68	Ab4	4	345
44	44	129/2	129/2	1.0	0	0	3/8	3	2	1/4		1/4	1		-3	51	Eb3	3	359
44	44	129/2	129/2	0.5	0	0	3/8	3	1	1/8		1/8	1		-5	61	Db4	4	356
44	44	129/2	129/2	1.5	0	0	3/8	2	3	3/8		1/4	3/2	1	-3	63	Eb4	4	355
44	44	129/2	129/2	1.0	0	0	3/8	2	2	1/4		1/4	1		1	67	G4	4	353
44	44	129/2	129/2	0.5	0	0	3/8	1	1	1/8		1/8	1		-2	70	Bb4	4	349
44	44	129/2	129/2	0.5	0	0	3/8	2	1	1/8		1/8	1		-2	70	Bb4	4	351
44	44	65	65	0.5	1/8	1/8	3/8	3	1	1/8		1/8	1		-2	58	Bb3	3	357
44	44	65	65	1.0	1/8	1/8	3/8	1	1	1/4		1/4	1		-5	73	Db5	5	350
44	44	65	65	1.0	1/8	1/8	3/8	2	1	1/4		1/4	1		-5	73	Db5	5	352
44	44	131/2	131/2	0.5	1/4	1/4	3/8	3	2	1/8		1/8	1		-3	51	Eb3	3	360
44	44	131/2	131/2	0.5	1/4	1/4	3/8	3	1	1/8		1/8	1		1	55	G3	3	358
44	44	131/2	131/2	0.5	1/4	1/4	3/8	2	2	1/8		1/8	1		-2	70	Bb4	4	354
45	45	66	66	1.5	0	0	3/8	3	2	3/8		1/4	3/2		-3	51	Eb3	3	372
45	45	66	66	1.0	0	0	3/8	3	1	1/4		1/4	1		-4	56	Ab3	3	370
45	45	66	66	1.5	0	0	3/8	2	3	3/8		1/4	3/2	-1	-3	63	Eb4	4	369
45	45	66	66	1.0	0	0	3/8	2	2	1/4		1/4	1		-4	68	Ab4	4	367
45	45	66	66	0.5	0	0	3/8	1	1	1/8		1/8	1		0	72	C5	5	361
45	45	66	66	0.5	0	0	3/8	2	1	1/8		1/8	1		0	72	C5	5	364
45	45	133/2	133/2	0.5	1/8	1/8	3/8	1	1	1/8		1/8	1		-3	75	Eb5	5	362
45	45	133/2	133/2	0.5	1/8	1/8	3/8	2	1	1/8		1/8	1		-3	75	Eb5	5	365
45	45	67	67	0.5	1/4	1/4	3/8	3	1	1/8		1/8	1		0	60	C4	4	371
45	45	67	67	0.5	1/4	1/4	3/8	1	1	1/8		1/8	1		-4	68	Ab4	4	363
45	45	67	67	0.5	1/4	1/4	3/8	2	1	1/8		1/8	1		-4	68	Ab4	4	366
45	45	67	67	0.5	1/4	1/4	3/8	2	2	1/8		1/8	1		-4	68	Ab4	4	368
46	46	135/2	135/2	1.0	0	0	3/8	3	2	1/4		1/4	1		-3	51	Eb3	3	383
46	46	135/2	135/2	0.5	0	0	3/8	3	1	1/8		1/8	1		-5	61	Db4	4	380
46	46	135/2	135/2	1.5	0	0	3/8	2	3	3/8		1/4	3/2	1	-3	63	Eb4	4	379
46	46	135/2	135/2	1.5	0	0	3/8	2	3	3/8		1/4	3/2		1	67	G4	4	379
46	46	135/2	135/2	0.5	0	0	3/8	1	1	1/8		1/8	1		-2	70	Bb4	4	373
46	46	135/2	135/2	0.5	0	0	3/8	2	1	1/8		1/8	1		-2	70	Bb4	4	376
46	46	68	68	0.5	1/8	1/8	3/8	3	1	1/8		1/8	1		0	60	C4	4	381
46	46	68	68	0.5	1/8	1/8	3/8	1	1	1/8		1/8	1		0	72	C5	5	374
46	46	68	68	0.5	1/8	1/8	3/8	2	1	1/8		1/8	1		0	72	C5	5	377
46	46	137/2	137/2	0.5	1/4	1/4	3/8	3	2	1/8		1/8	1		-3	51	Eb3	3	384
46	46	137/2	137/2	0.5	1/4	1/4	3/8	3	1	1/8		1/8	1		-2	58	Bb3	3	382
46	46	137/2	137/2	0.5	1/4	1/4	3/8	1	1	1/8		1/8	1		-5	73	Db5	5	375
46	46	137/2	137/2	0.5	1/4	1/4	3/8	2	1	1/8		1/8	1		-5	73	Db5	5	378
47	47	69	69	1.5	0	0	3/8	3	2	3/8		1/4	3/2		-3	51	Eb3	3	396
47	47	69	69	1.0	0	0	3/8	3	1	1/4		1/4	1		-4	56	Ab3	3	394
47	47	69	69	1.5	0	0	3/8	2	3	3/8		1/4	3/2	-1	-3	63	Eb4	4	393
47	47	69	69	1.0	0	0	3/8	2	2	1/4		1/4	1		-4	68	Ab4	4	391
47	47	69	69	0.5	0	0	3/8	1	1	1/8		1/8	1		0	72	C5	5	385
47	47	69	69	0.5	0	0	3/8	2	1	1/8		1/8	1		0	72	C5	5	388
47	47	139/2	139/2	0.5	1/8	1/8	3/8	1	1	1/8		1/8	1		-3	75	Eb5	5	386
47	47	139/2	139/2	0.5	1/8	1/8	3/8	2	1	1/8		1/8	1		-3	75	Eb5	5	389
47	47	70	70	0.5	1/4	1/4	3/8	3	1	1/8		1/8	1		0	60	C4	4	395
47	47	70	70	0.5	1/4	1/4	3/8	1	1	1/8		1/8	1		-4	68	Ab4	4	387
47	47	70	70	0.5	1/4	1/4	3/8	2	1	1/8		1/8	1		-4	68	Ab4	4	390
47	47	70	70	0.5	1/4	1/4	3/8	2	2	1/8		1/8	1		-4	68	Ab4	4	392
48	48	141/2	141/2	0.5	0	0	3/8	3	1	1/8		1/8	1		-3	51	Eb3	3	405
48	48	141/2	141/2	0.5	0	0	3/8	3	1	1/8		1/8	1		-2	58	Bb3	3	405
48	48	141/2	141/2	1.5	0	0	3/8	2	2	3/8		1/4	3/2		-3	63	Eb4	4	404
48	48	141/2	141/2	0.5	0	0	3/8	2	1	1/8		1/8	1		1	67	G4	4	401
48	48	141/2	141/2	0.25	0	0	3/8	1	1	1/16		1/16	1		-2	70	Bb4	4	397
48	48	141/2	141/2	0.5	0	0	3/8	2	1	1/8		1/8	1		-2	70	Bb4	4	401
48	48	283/4	283/4	0.25	1/16	1/16	3/8	1	1	1/16		1/16	1		0	72	C5	5	398
48	48	71	71	0.5	1/8	1/8	3/8	3	1	1/8		1/8	1		-3	51	Eb3	3	406
48	48	71	71	0.5	1/8	1/8	3/8	3	1	1/8		1/8	1		1	55	G3	3	406
48	48	71	71	0.5	1/8	1/8	3/8	2	1	1/8		1/8	1		-2	70	Bb4	4	402
48	48	71	71	0.5	1/8	1/8	3/8	1	1	1/8		1/8	1		-5	73	Db5	5	399
48	48	71	71	0.5	1/8	1/8	3/8	2	1	1/8		1/8	1		-5	73	Db5	5	402
48	48	143/2	143/2	0.5	1/4	1/4	3/8	3	1	1/8		1/8	1		-4	56	Ab3	3	407
48	48	143/2	143/2	0.5	1/4	1/4	3/8	2	1	1/8		1/8	1		-4	68	Ab4	4	403
48	48	143/2	143/2	0.5	1/4	1/4	3/8	1	1	1/8		1/8	1		0	72	C5	5	400
48	48	143/2	143/2	0.5	1/4	1/4	3/8	2	1	1/8		1/8	1		0	72	C5	5	403
49	49	72	72	1.5	0	0	3/8	3	1	3/8		1/4	3/2		-3	51	Eb3	3	413
49	49	72	72	1.5	0	0	3/8	2	2	3/8		1/4	3/2		-3	63	Eb4	4	412
49	49	72	72	0.5	0	0	3/8	2	1	1/8		1/8	1		-4	68	Ab4	4	410
49	49	72	72	0.5	0	0	3/8	1	1	1/8		1/8	1		0	72	C5	5	408
49	49	72	72	0.5	0	0	3/8	2	1	1/8		1/8	1		0	72	C5	5	410
49	49	145/2	145/2	0.5	1/8	1/8	3/8	2	1	1/8		1/8	1		1	67	G4	4	411
49	49	145/2	145/2	0.5	1/8	1/8	3/8	1	1	1/8		1/8	1		-2	70	Bb4	4	409
49	49	145/2	145/2	0.5	1/8	1/8	3/8	2	1	1/8		1/8	1		-2	70	Bb4	4	411
50	50	147/2	147/2	1.5	0	0	3/8	2	1	3/8		1/4	3/2		-1	65	F4	4	415
50	50	147/2	147/2	1.5	0	0	3/8	2	1	3/8		1/4	3/2		-2	70	Bb4	4	415
50	50	147/2	147/2	1.5	0	0	3/8	1	1	3/8		1/4	3/2		2	74	D5	5	414
50	50	147/2	147/2	1.5	0	0	3/8	2	1	3/8		1/4	3/2		2	74	D5	5	415
50	50	74	74	0.5	1/8	1/8	3/8	3	2	1/8		1/8	1		-2	58	Bb3	3	417
50	50	74	74	1.0	1/8	1/8	3/8	3	1	1/4		1/4	1	1	-2	58	Bb3	3	416
50	50	149/2	149/2	0.5	1/4	1/4	3/8	3	2	1/8		1/8	1		-4	56	Ab3	3	418
51	51	75	75	0.5	0	0	3/8	3	2	1/8		1/8	1		1	55	G3	3	425
51	51	75	75	1.5	0	0	3/8	3	1	3/8		1/4	3/2	-1	-2	58	Bb3	3	424
51	51	75	75	1.5	0	0	3/8	2	1	3/8		1/4	3/2		-3	63	Eb4	4	420
51	51	75	75	0.5	0	0	3/8	2	2	1/8		1/8	1		-2	70	Bb4	4	421
51	51	75	75	1.5	0	0	3/8	1	1	3/8		1/4	3/2		-5	73	Db5	5	419
51	51	75	75	1.5	0	0	3/8	2	1	3/8		1/4	3/2		-5	73	Db5	5	420
51	51	151/2	151/2	0.5	1/8	1/8	3/8	3	2	1/8		1/8	1		-1	53	F3	3	426
51	51	151/2	151/2	0.5	1/8	1/8	3/8	2	2	1/8		1/8	1		-4	68	Ab4	4	422
51	51	76	76	0.5	1/4	1/4	3/8	3	2	1/8		1/8	1		-3	51	Eb3	3	427
51	51	76	76	0.5	1/4	1/4	3/8	2	2	1/8		1/8	1		1	67	G4	4	423
52	52	153/2	153/2	0.5	0	0	3/8	3	1	1/8		1/8	1		-4	56	Ab3	3	434
52	52	153/2	153/2	0.5	0	0	3/8	2	1	1/8		1/8	1		-3	63	Eb4	4	431
52	52	153/2	153/2	0.5	0	0	3/8	2	1	1/8		1/8	1		-4	68	Ab4	4	431
52	52	153/2	153/2	0.5	0	0	3/8	1	1	1/8		1/8	1		0	72	C5	5	428
52	52	153/2	153/2	0.5	0	0	3/8	2	1	1/8		1/8	1		0	72	C5	5	431
52	52	77	77	0.5	1/8	1/8	3/8	3	1	1/8		1/8	1		-2	58	Bb3	3	435
52	52	77	77	0.5	1/8	1/8	3/8	2	1	1/8		1/8	1		-5	61	Db4	4	432
52	52	77	77	0.5	1/8	1/8	3/8	2	1	1/8		1/8	1		1	67	G4	4	432
52	52	77	77	0.5	1/8	1/8	3/8	1	1	1/8		1/8	1		-2	70	Bb4	4	429
52	52	77	77	0.5	1/8	1/8	3/8	2	1	1/8		1/8	1		-2	70	Bb4	4	432
52	52	155/2	155/2	0.5	1/4	1/4	3/8	3	1	1/8		1/8	1		0	60	C4	4	436
52	52	155/2	155/2	0.5	1/4	1/4	3/8	2	1	1/8		1/8	1		-3	63	Eb4	4	433
52	52	155/2	155/2	0.5	1/4	1/4	3/8	1	1	1/8		1/8	1		-4	68	Ab4	4	430
52	52	155/2	155/2	0.5	1/4	1/4	3/8	2	1	1/8		1/8	1		-4	68	Ab4	4	433
53	53	78	78	0.5	0	0	3/8	3	1	1/8		1/8	1		-5	49	Db3	3	446
53	53	78	78	1.0	0	0	3/8	2	2	1/4		1/4	1		-1	65	F4	4	445
53	53	78	78	0.25	0	0	3/8	1	1	1/16		1/16	1		-2	70	Bb4	4	437
53	53	78	78	0.25	0	0	3/8	2	1	1/16		1/16	1		-2	70	Bb4	4	441
53	53	313/4	313/4	0.25	1/16	1/16	3/8	1	1	1/16		1/16	1		-5	73	Db5	5	438
53	53	313/4	313/4	0.25	1/16	1/16	3/8	2	1	1/16		1/16	1		-5	73	Db5	5	442
53	53	157/2	157/2	0.5	1/8	1/8	3/8	3	1	1/8		1/8	1		-3	51	Eb3	3	447
53	53	157/2	157/2	0.5	1/8	1/8	3/8	2	1	1/8		1/8	1		-3	63	Eb4	4	443
53	53	157/2	157/2	0.5	1/8	1/8	3/8	2	1	1/8		1/8	1		-4	68	Ab4	4	443
53	53	157/2	157/2	0.5	1/8	1/8	3/8	1	1	1/8		1/8	1		0	72	C5	5	439
53	53	157/2	157/2	0.5	1/8	1/8	3/8	2	1	1/8		1/8	1		0	72	C5	5	443
53	53	79	79	0.5	1/4	1/4	3/8	3	1	1/8		1/8	1		-3	39	Eb2	2	448
53	53	79	79	0.5	1/4	1/4	3/8	2	1	1/8		1/8	1		-2	58	Bb3	3	444
53	53	79	79	0.5	1/4	1/4	3/8	2	1	1/8		1/8	1		-3	63	Eb4	4	444
53	53	79	79	0.5	1/4	1/4	3/8	1	1	1/8		1/8	1		1	67	G4	4	440
53	53	79	79	0.5	1/4	1/4	3/8	2	1	1/8		1/8	1		1	67	G4	4	444
54	54	159/2	159/2	0.5	0	0	3/8	3	1	1/8		1/8	1		-4	44	Ab2	2	453
54	54	159/2	159/2	0.5	0	0	3/8	2	1	1/8		1/8	1		0	60	C4	4	450
54	54	159/2	159/2	0.5	0	0	3/8	2	1	1/8		1/8	1		-3	63	Eb4	4	450
54	54	159/2	159/2	0.5	0	0	3/8	2	1	1/8		1/8	1		-4	68	Ab4	4	450
54	54	159/2	159/2	1.0	0	0	3/8	1	1	1/4		1/4	1		-4	68	Ab4	4	449
54	54	80	80	0.5	1/8	1/8	3/8	3	1	1/8		1/8	1		-2	46	Bb2	2	454
54	54	80	80	0.5	1/8	1/8	3/8	2	1	1/8		1/8	1		1	55	G3	3	451
54	54	161/2	161/2	0.5	1/4	1/4	3/8	3	1	1/8		1/8	1		0	48	C3	3	455
54	54	161/2	161/2	0.5	1/4	1/4	3/8	2	1	1/8		1/8	1		-4	56	Ab3	3	452
55	55	81	81	1.5	0	0	3/8	2	1	3/8		1/4	3/2		-1	65	F4	4	457
55	55	81	81	1.5	0	0	3/8	2	1	3/8		1/4	3/2	1	-2	70	Bb4	4	457
55	55	81	81	1.5	0	0	3/8	1	1	3/8		1/4	3/2		2	74	D5	5	456
55	55	81	81	1.5	0	0	3/8	2	1	3/8		1/4	3/2		2	74	D5	5	457
55	55	163/2	163/2	0.5	1/8	1/8	3/8	3	2	1/8		1/8	1		-2	58	Bb3	3	459
55	55	163/2	163/2	1.0	1/8	1/8	3/8	3	1	1/4		1/4	1	1	-2	58	Bb3	3	458
55	55	82	82	0.5	1/4	1/4	3/8	3	2	1/8		1/8	1		-4	56	Ab3	3	460
56	56	165/2	165/2	0.5	0	0	3/8	3	2	1/8		1/8	1		1	55	G3	3	467
56	56	165/2	165/2	1.0	0	0	3/8	3	1	1/4		1/4	1	-1	-2	58	Bb3	3	466
56	56	165/2	165/2	1.5	0	0	3/8	2	1	3/8		1/4	3/2	1	-3	63	Eb4	4	462
56	56	165/2	165/2	0.5	0	0	3/8	2	2	1/8		1/8	1	-1	-2	70	Bb4	4	463
56	56	165/2	165/2	1.5	0	0	3/8	1	1	3/8		1/4	3/2		-5	73	Db5	5	461
56	56	165/2	165/2	1.5	0	0	3/8	2	1	3/8		1/4	3/2		-5	73	Db5	5	462
56	56	83	83	0.5	1/8	1/8	3/8	3	2	1/8		1/8	1		-1	53	F3	3	468
56	56	83	83	0.5	1/8	1/8	3/8	2	2	1/8		1/8	1		-4	68	Ab4	4	464
56	56	167/2	167/2	0.5	1/4	1/4	3/8	3	2	1/8		1/8	1		-3	51	Eb3	3	469
56	56	167/2	167/2	0.5	1/4	1/4	3/8	2	2	1/8		1/8	1		1	67	G4	4	465
57	57	84	84	0.5	0	0	3/8	3	1	1/8		1/8	1		-4	44	Ab2	2	476
57	57	84	84	0.5	0	0	3/8	3	1	1/8		1/8	1		-4	56	Ab3	3	476
57	57	84	84	0.5	0	0	3/8	2	1	1/8		1/8	1	-1	-3	63	Eb4	4	473
57	57	84	84	0.5	0	0	3/8	2	1	1/8		1/8	1		-4	68	Ab4	4	473
57	57	84	84	0.5	0	0	3/8	1	1	1/8		1/8	1		0	72	C5	5	470
57	57	84	84	0.5	0	0	3/8	2	1	1/8		1/8	1		0	72	C5	5	473
57	57	169/2	169/2	0.5	1/8	1/8	3/8	3	1	1/8		1/8	1		-2	46	Bb2	2	477
57	57	169/2	169/2	0.5	1/8	1/8	3/8	2	1	1/8		1/8	1		-5	61	Db4	4	474
57	57	169/2	169/2	0.5	1/8	1/8	3/8	2	1	1/8		1/8	1		1	67	G4	4	474
57	57	169/2	169/2	0.5	1/8	1/8	3/8	1	1	1/8		1/8	1		-2	70	Bb4	4	471
57	57	169/2	169/2	0.5	1/8	1/8	3/8	2	1	1/8		1/8	1		-2	70	Bb4	4	474
57	57	85	85	0.5	1/4	1/4	3/8	3	1	1/8		1/8	1		0	48	C3	3	478
57	57	85	85	0.5	1/4	1/4	3/8	2	1	1/8		1/8	1		-3	63	Eb4	4	475
57	57	85	85	0.5	1/4	1/4	3/8	1	1	1/8		1/8	1		-4	68	Ab4	4	472
57	57	85	85	0.5	1/4	1/4	3/8	2	1	1/8		1/8	1		-4	68	Ab4	4	475
58	58	171/2	171/2	0.5	0	0	3/8	3	2	1/8		1/8	1		-5	49	Db3	3	491
58	58	171/2	171/2	0.5	0	0	3/8	2	2	1/8		1/8	1		-2	58	Bb3	3	487
58	58	171/2	171/2	0.25	0	0	3/8	1	1	1/16		1/16	1		-1	65	F4	4	479
58	58	171/2	171/2	0.25	0	0	3/8	2	1	1/16		1/16	1		-1	65	F4	4	483
58	58	171/2	171/2	0.5	0	0	3/8	2	2	1/8		1/8	1		-1	65	F4	4	487
58	58	343/4	343/4	0.25	1/16	1/16	3/8	1	1	1/16		1/16	1		-2	70	Bb4	4	480
58	58	343/4	343/4	0.25	1/16	1/16	3/8	2	1	1/16		1/16	1		-2	70	Bb4	4	484
58	58	86	86	0.5	1/8	1/8	3/8	3	2	1/8		1/8	1		-3	51	Eb3	3	492
58	58	86	86	1.0	1/8	1/8	3/8	3	1	1/4		1/4	1	1	-3	51	Eb3	3	490
58	58	86	86	0.5	1/8	1/8	3/8	2	2	1/8		1/8	1		0	60	C4	4	488
58	58	86	86	0.5	1/8	1/8	3/8	2	2	1/8		1/8	1		-3	63	Eb4	4	488
58	58	86	86	0.5	1/8	1/8	3/8	1	1	1/8		1/8	1		-4	68	Ab4	4	481
58	58	86	86	0.5	1/8	1/8	3/8	2	1	1/8		1/8	1		-4	68	Ab4	4	485
58	58	173/2	173/2	0.5	1/4	1/4	3/8	3	2	1/8		1/8	1		-3	39	Eb2	2	493
58	58	173/2	173/2	0.5	1/4	1/4	3/8	2	2	1/8		1/8	1		-2	58	Bb3	3	489
58	58	173/2	173/2	0.5	1/4	1/4	3/8	2	2	1/8		1/8	1		-3	63	Eb4	4	489
58	58	173/2	173/2	0.5	1/4	1/4	3/8	1	1	1/8		1/8	1		1	67	G4	4	482
58	58	173/2	173/2	0.5	1/4	1/4	3/8	2	1	1/8		1/8	1		1	67	G4	4	486
59	59	87	87	1.0	0	0	3/8	3	2	1/4		1/4	1		-4	44	Ab2	2	498
59	59	87	87	1.0	0	0	3/8	3	1	1/4		1/4	1	-1	-3	51	Eb3	3	497
59	59	87	87	0.5	0	0	3/8	2	1	1/8		1/8	1		0	60	C4	4	495
59	59	87	87	0.5	0	0	3/8	2	1	1/8		1/8	1		-3	63	Eb4	4	495
59	59	87	87	0.5	0	0	3/8	2	1	1/8		1/8	1		-4	68	Ab4	4	495
59	59	87	87	1.0	0	0	3/8	1	1	1/4		1/4	1		-4	68	Ab4	4	494
59	59	175/2	175/2	1.0	1/8	1/8	3/8	2	1	1/4		1/4	1		-4	68	Ab4	4	496
59	59	175/2	175/2	1.0	1/8	1/8	3/8	2	1	1/4		1/4	1		-4	80	Ab5	5	496
59	59	88	88	0.5	1/4	1/4	3/8	3	2	1/8		1/8	1		0	48	C3	3	499
59	59	88	88	0.5	1/4	1/4	3/8	3	2	1/8		1/8	1		-3	51	Eb3	3	499
60	60	177/2	177/2	0.5	0	0	3/8	3	2	1/8		1/8	1		-5	49	Db3	3	508
60	60	177/2	177/2	0.5	0	0	3/8	2	2	1/8		1/8	1		-1	65	F4	4	504
60	60	177/2	177/2	0.25	0	0	3/8	2	1	1/16		1/16	1		-2	70	Bb4	4	500
60	60	177/2	177/2	0.5	0	0	3/8	2	2	1/8		1/8	1		-2	70	Bb4	4	504
60	60	355/4	355/4	0.25	1/16	1/16	3/8	2	1	1/16		1/16	1		-5	73	Db5	5	501
60	60	89	89	0.5	1/8	1/8	3/8	3	2	1/8		1/8	1		-3	51	Eb3	3	509
60	60	89	89	1.0	1/8	1/8	3/8	3	1	1/4		1/4	1		-3	51	Eb3	3	507
60	60	89	89	0.5	1/8	1/8	3/8	2	2	1/8		1/8	1		-3	63	Eb4	4	505
60	60	89	89	0.5	1/8	1/8	3/8	2	2	1/8		1/8	1		-4	68	Ab4	4	505
60	60	89	89	0.5	1/8	1/8	3/8	2	1	1/8		1/8	1		0	72	C5	5	502
60	60	179/2	179/2	0.5	1/4	1/4	3/8	3	2	1/8		1/8	1		-3	39	Eb2	2	510
60	60	179/2	179/2	0.5	1/4	1/4	3/8	2	2	1/8		1/8	1		-5	61	Db4	4	506
60	60	179/2	179/2	0.5	1/4	1/4	3/8	2	1	1/8		1/8	1		1	67	G4	4	503
60	60	179/2	179/2	0.5	1/4	1/4	3/8	2	2	1/8		1/8	1		-2	70	Bb4	4	506
61	61	90	90	0.5	0	0	3/8	2	1	1/8		1/8	1		0	60	C4	4	511
61	61	90	90	0.5	0	0	3/8	2	1	1/8		1/8	1		-4	68	Ab4	4	511
61	61	181/2	181/2	0.5	1/8	1/8	3/8	3	1	1/8		1/8	1		-1	53	F3	3	513
61	61	181/2	181/2	1.0	1/8	1/8	3/8	2	1	1/4		1/4	1		-4	68	Ab4	4	512
61	61	181/2	181/2	1.0	1/8	1/8	3/8	2	1	1/4		1/4	1		-4	80	Ab5	5	512
61	61	91	91	0.5	1/4	1/4	3/8	3	1	1/8		1/8	1		0	48	C3	3	514
61	61	91	91	0.5	1/4	1/4	3/8	3	1	1/8		1/8	1		-3	51	Eb3	3	514
62	62	183/2	183/2	0.5	0	0	3/8	3	2	1/8		1/8	1		-5	49	Db3	3	523
62	62	183/2	183/2	0.5	0	0	3/8	2	2	1/8		1/8	1		-1	65	F4	4	519
62	62	183/2	183/2	0.25	0	0	3/8	2	1	1/16		1/16	1		-2	70	Bb4	4	515
62	62	183/2	183/2	0.5	0	0	3/8	2	2	1/8		1/8	1		-2	70	Bb4	4	519
62	62	367/4	367/4	0.25	1/16	1/16	3/8	2	1	1/16		1/16	1		-5	73	Db5	5	516
62	62	92	92	0.5	1/8	1/8	3/8	3	2	1/8		1/8	1		-3	51	Eb3	3	524
62	62	92	92	1.0	1/8	1/8	3/8	3	1	1/4		1/4	1	1	-3	51	Eb3	3	522
62	62	92	92	0.5	1/8	1/8	3/8	2	2	1/8		1/8	1		-3	63	Eb4	4	520
62	62	92	92	0.5	1/8	1/8	3/8	2	1	1/8		1/8	1		-4	68	Ab4	4	517
62	62	92	92	0.5	1/8	1/8	3/8	2	2	1/8		1/8	1		-4	68	Ab4	4	520
62	62	92	92	0.5	1/8	1/8	3/8	2	1	1/8		1/8	1		0	72	C5	5	517
62	62	185/2	185/2	0.5	1/4	1/4	3/8	3	2	1/8		1/8	1		-3	39	Eb2	2	525
62	62	185/2	185/2	0.5	1/4	1/4	3/8	2	2	1/8		1/8	1		-2	58	Bb3	3	521
62	62	185/2	185/2	0.5	1/4	1/4	3/8	2	2	1/8		1/8	1		-3	63	Eb4	4	521
62	62	185/2	185/2	0.5	1/4	1/4	3/8	2	1	1/8		1/8	1		1	67	G4	4	518
63	63	93	93	1.0	0	0	3/8	3	2	1/4		1/4	1		-4	44	Ab2	2	529
63	63	93	93	1.0	0	0	3/8	3	1	1/4		1/4	1	-1	-3	51	Eb3	3	528
63	63	93	93	0.5	0	0	3/8	2	1	1/8		1/8	1		0	60	C4	4	526
63	63	93	93	0.5	0	0	3/8	2	1	1/8		1/8	1		-3	63	Eb4	4	526
63	63	93	93	0.5	0	0	3/8	2	1	1/8		1/8	1		-4	68	Ab4	4	526
63	63	187/2	187/2	0.5	1/8	1/8	3/8	2	1	1/8		1/8	1		-4	56	Ab3	3	527
64	64	189/2	189/2	1.5	0	0	3/8	2	1	3/8		1/4	3/2		-3	63	Eb4	4	531
64	64	189/2	189/2	1.5	0	0	3/8	2	1	3/8		1/4	3/2		0	72	C5	5	531
64	64	189/2	189/2	1.5	0	0	3/8	1	1	3/8		1/4	3/2		-3	75	Eb5	5	530
64	64	189/2	189/2	1.5	0	0	3/8	2	1	3/8		1/4	3/2		-3	75	Eb5	5	531
64	64	95	95	0.5	1/8	1/8	3/8	3	1	1/8		1/8	1		-4	44	Ab2	2	532
64	64	95	95	0.5	1/8	1/8	3/8	3	1	1/8		1/8	1		-4	56	Ab3	3	532
64	64	191/2	191/2	0.5	1/4	1/4	3/8	3	1	1/8		1/8	1		-4	44	Ab2	2	533
64	64	191/2	191/2	0.5	1/4	1/4	3/8	3	1	1/8		1/8	1		-4	56	Ab3	3	533
65	65	96	96	1.5	0	0	3/8	2	1	3/8		1/4	3/2		-3	63	Eb4	4	535
65	65	96	96	1.5	0	0	3/8	2	1	3/8		1/4	3/2		-2	70	Bb4	4	535
65	65	96	96	1.5	0	0	3/8	1	1	3/8		1/4	3/2		-3	75	Eb5	5	534
65	65	96	96	1.5	0	0	3/8	2	1	3/8		1/4	3/2		-3	75	Eb5	5	535
65	65	193/2	193/2	0.5	1/8	1/8	3/8	3	1	1/8		1/8	1		-6	42	Gb2	2	536
65	65	193/2	193/2	0.5	1/8	1/8	3/8	3	1	1/8		1/8	1		-6	54	Gb3	3	536
65	65	97	97	0.5	1/4	1/4	3/8	3	1	1/8		1/8	1		-6	42	Gb2	2	537
65	65	97	97	0.5	1/4	1/4	3/8	3	1	1/8		1/8	1		-6	54	Gb3	3	537
66	66	195/2	195/2	1.5	0	0	3/8	3	1	3/8		1/4	3/2	1	-1	41	F2	2	544
66	66	195/2	195/2	1.5	0	0	3/8	3	1	3/8		1/4	3/2	1	-1	53	F3	3	544
66	66	195/2	195/2	0.5	0	0	3/8	2	1	1/8		1/8	1		-1	65	F4	4	541
66	66	195/2	195/2	0.5	0	0	3/8	2	1	1/8		1/8	1		3	69	A4	4	541
66	66	195/2	195/2	0.5	0	0	3/8	1	1	1/8		1/8	1		-3	75	Eb5	5	538
66	66	195/2	195/2	0.5	0	0	3/8	2	1	1/8		1/8	1		-3	75	Eb5	5	541
66	66	98	98	0.5	1/8	1/8	3/8	2	1	1/8		1/8	1		-1	65	F4	4	542
66	66	98	98	0.5	1/8	1/8	3/8	1	1	1/8		1/8	1		3	69	A4	4	539
66	66	98	98	0.5	1/8	1/8	3/8	2	1	1/8		1/8	1		3	69	A4	4	542
66	66	197/2	197/2	0.5	1/4	1/4	3/8	2	1	1/8		1/8	1		1	67	G4	4	543
66	66	197/2	197/2	0.5	1/4	1/4	3/8	1	1	1/8		1/8	1		-2	70	Bb4	4	540
66	66	197/2	197/2	0.5	1/4	1/4	3/8	2	1	1/8		1/8	1		-2	70	Bb4	4	543
67	67	99	99	1.5	0	0	3/8	3	1	3/8		1/4	3/2	-1	-1	41	F2	2	552
67	67	99	99	1.5	0	0	3/8	3	1	3/8		1/4	3/2	-1	-1	53	F3	3	552
67	67	99	99	1.5	0	0	3/8	2	2	3/8		1/4	3/2		3	69	A4	4	551
67	67	99	99	0.5	0	0	3/8	1	1	1/8		1/8	1		0	72	C5	5	545
67	67	99	99	0.5	0	0	3/8	2	1	1/8		1/8	1		0	72	C5	5	548
67	67	199/2	199/2	0.5	1/8	1/8	3/8	1	1	1/8		1/8	1		-5	73	Db5	5	546
67	67	199/2	199/2	0.5	1/8	1/8	3/8	2	1	1/8		1/8	1		-5	73	Db5	5	549
67	67	100	100	0.5	1/4	1/4	3/8	1	1	1/8		1/8	1		-3	75	Eb5	5	547
67	67	100	100	0.5	1/4	1/4	3/8	2	1	1/8		1/8	1		-3	75	Eb5	5	550
68	68	201/2	201/2	0.5	0	0	3/8	3	1	1/8		1/8	1		4	52	E3	3	557
68	68	201/2	201/2	0.5	0	0	3/8	3	1	1/8		1/8	1		1	55	G3	3	557
68	68	201/2	201/2	0.5	0	0	3/8	2	1	1/8		1/8	1		-2	70	Bb4	4	555
68	68	201/2	201/2	0.5	0	0	3/8	2	1	1/8		1/8	1		-5	73	Db5	5	555
68	68	201/2	201/2	0.5	0	0	3/8	1	1	1/8		1/8	1		2	74	D5	5	553
68	68	101	101	0.5	1/8	1/8	3/8	3	1	1/8		1/8	1		-1	53	F3	3	558
68	68	101	101	0.5	1/8	1/8	3/8	3	1	1/8		1/8	1		3	57	A3	3	558
68	68	101	101	0.5	1/8	1/8	3/8	2	1	1/8		1/8	1		3	69	A4	4	556
68	68	101	101	0.5	1/8	1/8	3/8	1	1	1/8		1/8	1		0	72	C5	5	554
68	68	101	101	0.5	1/8	1/8	3/8	2	1	1/8		1/8	1		0	72	C5	5	556
69	69	102	102	1.5	0	0	3/8	2	1	3/8		1/4	3/2		-1	65	F4	4	560
69	69	102	102	1.5	0	0	3/8	2	1	3/8		1/4	3/2		-5	73	Db5	5	560
69	69	102	102	1.5	0	0	3/8	1	1	3/8		1/4	3/2		-1	77	F5	5	559
69	69	102	102	1.5	0	0	3/8	2	1	3/8		1/4	3/2		-1	77	F5	5	560
69	69	205/2	205/2	0.5	1/8	1/8	3/8	3	1	1/8		1/8	1		-2	46	Bb2	2	561
69	69	205/2	205/2	0.5	1/8	1/8	3/8	3	1	1/8		1/8	1		-2	58	Bb3	3	561
69	69	103	103	0.5	1/4	1/4	3/8	3	1	1/8		1/8	1		-2	46	Bb2	2	562
69	69	103	103	0.5	1/4	1/4	3/8	3	1	1/8		1/8	1		-2	58	Bb3	3	562
70	70	207/2	207/2	1.5	0	0	3/8	2	1	3/8		1/4	3/2		-1	65	F4	4	564
70	70	207/2	207/2	1.5	0	0	3/8	2	1	3/8		1/4	3/2		0	72	C5	5	564
70	70	207/2	207/2	1.5	0	0	3/8	1	1	3/8		1/4	3/2		-1	77	F5	5	563
70	70	207/2	207/2	1.5	0	0	3/8	2	1	3/8		1/4	3/2		-1	77	F5	5	564
70	70	104	104	0.5	1/8	1/8	3/8	3	1	1/8		1/8	1		-4	44	Ab2	2	565
70	70	104	104	0.5	1/8	1/8	3/8	3	1	1/8		1/8	1		-4	56	Ab3	3	565
70	70	209/2	209/2	0.5	1/4	1/4	3/8	3	1	1/8		1/8	1		-4	44	Ab2	2	566
70	70	209/2	209/2	0.5	1/4	1/4	3/8	3	1	1/8		1/8	1		-4	56	Ab3	3	566
71	71	105	105	1.5	0	0	3/8	3	1	3/8		1/4	3/2	1	1	43	G2	2	573
71	71	105	105	1.5	0	0	3/8	3	1	3/8		1/4	3/2	1	1	55	G3	3	573
71	71	105	105	0.5	0	0	3/8	2	1	1/8		1/8	1		1	67	G4	4	570
71	71	105	105	0.5	0	0	3/8	2	1	1/8		1/8	1		5	71	B4	4	570
71	71	105	105	0.5	0	0	3/8	1	1	1/8		1/8	1		-1	77	F5	5	567
71	71	105	105	0.5	0	0	3/8	2	1	1/8		1/8	1		-1	77	F5	5	570
71	71	211/2	211/2	0.5	1/8	1/8	3/8	2	1	1/8		1/8	1		1	67	G4	4	571
71	71	211/2	211/2	0.5	1/8	1/8	3/8	1	1	1/8		1/8	1		5	71	B4	4	568
71	71	211/2	211/2	0.5	1/8	1/8	3/8	2	1	1/8		1/8	1		5	71	B4	4	571
71	71	106	106	0.5	1/4	1/4	3/8	2	1	1/8		1/8	1		3	69	A4	4	572
71	71	106	106	0.5	1/4	1/4	3/8	1	1	1/8		1/8	1		0	72	C5	5	569
71	71	106	106	0.5	1/4	1/4	3/8	2	1	1/8		1/8	1		0	72	C5	5	572
72	72	213/2	213/2	1.5	0	0	3/8	3	1	3/8		1/4	3/2	-1	1	43	G2	2	581
72	72	213/2	213/2	1.5	0	0	3/8	3	1	3/8		1/4	3/2	-1	1	55	G3	3	581
72	72	213/2	213/2	1.5	0	0	3/8	2	2	3/8		1/4	3/2		5	71	B4	4	580
72	72	213/2	213/2	0.5	0	0	3/8	1	1	1/8		1/8	1		2	74	D5	5	574
72	72	213/2	213/2	0.5	0	0	3/8	2	1	1/8		1/8	1		2	74	D5	5	577
72	72	107	107	0.5	1/8	1/8	3/8	1	1	1/8		1/8	1		-3	75	Eb5	5	575
72	72	107	107	0.5	1/8	1/8	3/8	2	1	1/8		1/8	1		-3	75	Eb5	5	578
72	72	215/2	215/2	0.5	1/4	1/4	3/8	1	1	1/8		1/8	1		-1	77	F5	5	576
72	72	215/2	215/2	0.5	1/4	1/4	3/8	2	1	1/8		1/8	1		-1	77	F5	5	579
73	73	108	108	0.5	0	0	3/8	3	1	1/8		1/8	1		6	54	F#3	3	586
73	73	108	108	0.5	0	0	3/8	3	1	1/8		1/8	1		3	57	A3	3	586
73	73	108	108	0.5	0	0	3/8	2	1	1/8		1/8	1		0	72	C5	5	584
73	73	108	108	0.5	0	0	3/8	1	1	1/8		1/8	1		-3	75	Eb5	5	582
73	73	108	108	0.5	0	0	3/8	2	1	1/8		1/8	1		-3	75	Eb5	5	584
73	73	217/2	217/2	0.5	1/8	1/8	3/8	3	1	1/8		1/8	1		1	55	G3	3	587
73	73	217/2	217/2	0.5	1/8	1/8	3/8	3	1	1/8		1/8	1		5	59	B3	3	587
73	73	217/2	217/2	0.5	1/8	1/8	3/8	2	1	1/8		1/8	1		5	71	B4	4	585
73	73	217/2	217/2	0.5	1/8	1/8	3/8	1	1	1/8		1/8	1		2	74	D5	5	583
73	73	217/2	217/2	0.5	1/8	1/8	3/8	2	1	1/8		1/8	1		2	74	D5	5	585
74	74	219/2	219/2	1.5	0	0	3/8	2	1	3/8		1/4	3/2		5	59	B3	3	589
74	74	219/2	219/2	1.5	0	0	3/8	2	1	3/8		1/4	3/2		2	62	D4	4	589
74	74	219/2	219/2	1.5	0	0	3/8	2	1	3/8		1/4	3/2		1	67	G4	4	589
74	74	219/2	219/2	1.5	0	0	3/8	1	1	3/8		1/4	3/2		1	79	G5	5	588
74	74	110	110	0.5	1/8	1/8	3/8	3	1	1/8		1/8	1		1	55	G3	3	590
74	74	110	110	1.0	1/8	1/8	3/8	3	2	1/4		1/4	1	1	1	55	G3	3	592
74	74	221/2	221/2	0.5	1/4	1/4	3/8	3	1	1/8		1/8	1		-1	53	F3	3	591
75	75	111	111	0.5	0	0	3/8	3	1	1/8		1/8	1		-3	51	Eb3	3	595
75	75	111	111	1.5	0	0	3/8	3	2	3/8		1/4	3/2	0	1	55	G3	3	598
75	75	111	111	1.5	0	0	3/8	2	1	3/8		1/4	3/2		0	60	C4	4	594
75	75	111	111	1.5	0	0	3/8	2	1	3/8		1/4	3/2		-3	63	Eb4	4	594
75	75	111	111	1.5	0	0	3/8	2	1	3/8		1/4	3/2		1	67	G4	4	594
75	75	111	111	1.5	0	0	3/8	1	1	3/8		1/4	3/2		1	79	G5	5	593
75	75	223/2	223/2	0.5	1/8	1/8	3/8	3	1	1/8		1/8	1		2	50	D3	3	596
75	75	112	112	0.5	1/4	1/4	3/8	3	1	1/8		1/8	1		0	48	C3	3	597
76	76	225/2	225/2	0.5	0	0	3/8	3	1	1/8		1/8	1		1	43	G2	2	601
76	76	225/2	225/2	0.5	0	0	3/8	3	2	1/8		1/8	1	-1	1	55	G3	3	604
76	76	225/2	225/2	1.5	0	0	3/8	2	1	3/8		1/4	3/2		5	59	B3	3	600
76	76	225/2	225/2	1.5	0	0	3/8	2	1	3/8		1/4	3/2		2	62	D4	4	600
76	76	225/2	225/2	1.5	0	0	3/8	2	1	3/8		1/4	3/2		1	67	G4	4	600
76	76	225/2	225/2	1.5	0	0	3/8	1	1	3/8		1/4	3/2		1	79	G5	5	599
76	76	113	113	0.5	1/8	1/8	3/8	3	1	1/8		1/8	1		1	55	G3	3	602
76	76	113	113	1.0	1/8	1/8	3/8	3	2	1/4		1/4	1	1	1	55	G3	3	605
76	76	227/2	227/2	0.5	1/4	1/4	3/8	3	1	1/8		1/8	1		-1	53	F3	3	603
77	77	114	114	0.5	0	0	3/8	3	1	1/8		1/8	1		-3	51	Eb3	3	608
77	77	114	114	1.5	0	0	3/8	3	2	3/8		1/4	3/2	-1	1	55	G3	3	611
77	77	114	114	1.5	0	0	3/8	2	1	3/8		1/4	3/2		0	60	C4	4	607
77	77	114	114	1.5	0	0	3/8	2	1	3/8		1/4	3/2		-3	63	Eb4	4	607
77	77	114	114	1.5	0	0	3/8	2	1	3/8		1/4	3/2		1	67	G4	4	607
77	77	114	114	1.5	0	0	3/8	1	1	3/8		1/4	3/2		1	79	G5	5	606
77	77	229/2	229/2	0.5	1/8	1/8	3/8	3	1	1/8		1/8	1		2	50	D3	3	609
77	77	115	115	0.5	1/4	1/4	3/8	3	1	1/8		1/8	1		0	48	C3	3	610
78	78	231/2	231/2	1.5	0	0	3/8	2	1	3/8		1/4	3/2		3	69	A4	4	613
78	78	231/2	231/2	1.5	0	0	3/8	2	1	3/8		1/4	3/2	1	2	74	D5	5	613
78	78	231/2	231/2	1.5	0	0	3/8	1	1	3/8		1/4	3/2		6	78	F#5	5	612
78	78	231/2	231/2	1.5	0	0	3/8	2	1	3/8		1/4	3/2		6	78	F#5	5	613
78	78	116	116	0.5	1/8	1/8	3/8	3	1	1/8		1/8	1		2	50	D3	3	614
78	78	116	116	1.0	1/8	1/8	3/8	3	2	1/4		1/4	1	1	2	50	D3	3	616
78	78	233/2	233/2	0.5	1/4	1/4	3/8	3	1	1/8		1/8	1		0	48	C3	3	615
79	79	117	117	0.5	0	0	3/8	3	1	1/8		1/8	1		5	47	B2	2	622
79	79	117	117	1.5	0	0	3/8	3	2	3/8		1/4	3/2	-1	2	50	D3	3	625
79	79	117	117	1.5	0	0	3/8	2	1	3/8		1/4	3/2	1	1	67	G4	4	618
79	79	117	117	0.5	0	0	3/8	2	2	1/8		1/8	1	-1	2	74	D5	5	619
79	79	117	117	1.5	0	0	3/8	1	1	3/8		1/4	3/2		-1	77	F5	5	617
79	79	117	117	1.5	0	0	3/8	2	1	3/8		1/4	3/2		-1	77	F5	5	618
79	79	235/2	235/2	0.5	1/8	1/8	3/8	3	1	1/8		1/8	1		3	45	A2	2	623
79	79	235/2	235/2	0.5	1/8	1/8	3/8	2	2	1/8		1/8	1		0	72	C5	5	620
79	79	118	118	0.5	1/4	1/4	3/8	3	1	1/8		1/8	1		1	43	G2	2	624
79	79	118	118	0.5	1/4	1/4	3/8	2	2	1/8		1/8	1		5	71	B4	4	621
80	80	237/2	237/2	0.5	0	0	3/8	3	1	1/8		1/8	1		0	48	C3	3	632
80	80	237/2	237/2	0.5	0	0	3/8	2	1	1/8		1/8	1	-1	1	67	G4	4	629
80	80	237/2	237/2	0.5	0	0	3/8	2	1	1/8		1/8	1		0	72	C5	5	629
80	80	237/2	237/2	0.5	0	0	3/8	1	1	1/8		1/8	1		-3	75	Eb5	5	626
80	80	237/2	237/2	0.5	0	0	3/8	2	1	1/8		1/8	1		-3	75	Eb5	5	629
80	80	119	119	0.5	1/8	1/8	3/8	3	1	1/8		1/8	1		2	50	D3	3	633
80	80	119	119	0.5	1/8	1/8	3/8	2	1	1/8		1/8	1		-1	65	F4	4	630
80	80	119	119	0.5	1/8	1/8	3/8	2	1	1/8		1/8	1		5	71	B4	4	630
80	80	119	119	0.5	1/8	1/8	3/8	1	1	1/8		1/8	1		2	74	D5	5	627
80	80	119	119	0.5	1/8	1/8	3/8	2	1	1/8		1/8	1		2	74	D5	5	630
80	80	239/2	239/2	0.5	1/4	1/4	3/8	3	1	1/8		1/8	1		-3	51	Eb3	3	634
80	80	239/2	239/2	0.5	1/4	1/4	3/8	2	1	1/8		1/8	1		1	67	G4	4	631
80	80	239/2	239/2	0.5	1/4	1/4	3/8	1	1	1/8		1/8	1		0	72	C5	5	628
80	80	239/2	239/2	0.5	1/4	1/4	3/8	2	1	1/8		1/8	1		0	72	C5	5	631
81	81	120	120	0.5	0	0	3/8	3	1	1/8		1/8	1		-1	53	F3	3	643
81	81	120	120	0.5	0	0	3/8	3	2	1/8		1/8	1		-1	53	F3	3	645
81	81	120	120	0.25	0	0	3/8	2	1	1/16		1/16	1		-4	68	Ab4	4	639
81	81	120	120	0.25	0	0	3/8	1	1	1/16		1/16	1		-1	77	F5	5	635
81	81	120	120	0.25	0	0	3/8	2	1	1/16		1/16	1		-1	77	F5	5	639
81	81	481/4	481/4	0.25	1/16	1/16	3/8	2	1	1/16		1/16	1		-1	65	F4	4	640
81	81	481/4	481/4	0.25	1/16	1/16	3/8	1	1	1/16		1/16	1		2	74	D5	5	636
81	81	481/4	481/4	0.25	1/16	1/16	3/8	2	1	1/16		1/16	1		2	74	D5	5	640
81	81	241/2	241/2	0.5	1/8	1/8	3/8	3	2	1/8		1/8	1		1	55	G3	3	646
81	81	241/2	241/2	1.0	1/8	1/8	3/8	3	1	1/4		1/4	1	1	1	55	G3	3	644
81	81	241/2	241/2	0.5	1/8	1/8	3/8	2	1	1/8		1/8	1		-3	63	Eb4	4	641
81	81	241/2	241/2	0.5	1/8	1/8	3/8	1	1	1/8		1/8	1		0	72	C5	5	637
81	81	241/2	241/2	0.5	1/8	1/8	3/8	2	1	1/8		1/8	1		0	72	C5	5	641
81	81	121	121	0.5	1/4	1/4	3/8	3	2	1/8		1/8	1		1	43	G2	2	647
81	81	121	121	0.5	1/4	1/4	3/8	2	1	1/8		1/8	1		2	62	D4	4	642
81	81	121	121	0.5	1/4	1/4	3/8	1	1	1/8		1/8	1		5	71	B4	4	638
81	81	121	121	0.5	1/4	1/4	3/8	2	1	1/8		1/8	1		5	71	B4	4	642
82	82	243/2	243/2	1.0	0	0	3/8	3	2	1/4		1/4	1		0	48	C3	3	651
82	82	243/2	243/2	1.0	0	0	3/8	3	1	1/4		1/4	1	-1	1	55	G3	3	650
82	82	243/2	243/2	1.0	0	0	3/8	2	1	1/4		1/4	1		-3	63	Eb4	4	649
82	82	243/2	243/2	1.0	0	0	3/8	1	1	1/4		1/4	1		0	72	C5	5	648
82	82	243/2	243/2	1.0	0	0	3/8	2	1	1/4		1/4	1		0	72	C5	5	649
83	83	123	123	1.5	0	0	3/8	3	1	3/8		1/4	3/2	1	0	36	C2	2	658
83	83	123	123	1.5	0	0	3/8	3	1	3/8		1/4	3/2	1	0	48	C3	3	658
83	83	123	123	1.0	0	0	3/8	2	2	1/4		1/4	1		4	64	E4	4	656
83	83	123	123	0.5	0	0	3/8	1	1	1/8		1/8	1		0	72	C5	5	652
83	83	123	123	0.5	0	0	3/8	2	1	1/8		1/8	1		0	72	C5	5	654
83	83	123	123	1.0	0	0	3/8	2	2	1/4		1/4	1		0	72	C5	5	656
83	83	247/2	247/2	1.0	1/8	1/8	3/8	1	1	1/4		1/4	1		0	72	C5	5	653
83	83	247/2	247/2	1.0	1/8	1/8	3/8	2	1	1/4		1/4	1		0	72	C5	5	655
83	83	124	124	0.5	1/4	1/4	3/8	2	2	1/8		1/8	1		4	64	E4	4	657
83	83	124	124	0.5	1/4	1/4	3/8	2	2	1/8		1/8	1		0	72	C5	5	657
84	84	249/2	249/2	1.5	0	0	3/8	3	1	3/8		1/4	3/2	-1	0	36	C2	2	665
84	84	249/2	249/2	1.5	0	0	3/8	3	1	3/8		1/4	3/2	-1	0	48	C3	3	665
84	84	249/2	249/2	1.0	0	0	3/8	2	2	1/4		1/4	1		0	72	C5	5	663
84	84	249/2	249/2	0.5	0	0	3/8	1	1	1/8		1/8	1		-5	73	Db5	5	659
84	84	249/2	249/2	0.5	0	0	3/8	2	1	1/8		1/8	1		-5	73	Db5	5	661
84	84	125	125	1.0	1/8	1/8	3/8	1	1	1/4		1/4	1		-5	73	Db5	5	660
84	84	125	125	1.0	1/8	1/8	3/8	2	1	1/4		1/4	1		-5	73	Db5	5	662
84	84	251/2	251/2	0.5	1/4	1/4	3/8	2	2	1/8		1/8	1		-1	65	F4	4	664
84	84	251/2	251/2	0.5	1/4	1/4	3/8	2	2	1/8		1/8	1		0	72	C5	5	664
85	85	126	126	1.5	0	0	3/8	3	1	3/8		1/4	3/2	1	0	36	C2	2	672
85	85	126	126	1.5	0	0	3/8	3	1	3/8		1/4	3/2	1	0	48	C3	3	672
85	85	126	126	1.0	0	0	3/8	2	2	1/4		1/4	1		1	67	G4	4	670
85	85	126	126	1.0	0	0	3/8	2	2	1/4		1/4	1		-2	70	Bb4	4	670
85	85	126	126	0.5	0	0	3/8	1	1	1/8		1/8	1		4	76	E5	5	666
85	85	126	126	0.5	0	0	3/8	2	1	1/8		1/8	1		4	76	E5	5	668
85	85	126	126	1.0	0	0	3/8	2	2	1/4		1/4	1		4	76	E5	5	670
85	85	253/2	253/2	1.0	1/8	1/8	3/8	1	1	1/4		1/4	1		4	76	E5	5	667
85	85	253/2	253/2	1.0	1/8	1/8	3/8	2	1	1/4		1/4	1		4	76	E5	5	669
85	85	127	127	0.5	1/4	1/4	3/8	2	2	1/8		1/8	1		1	67	G4	4	671
85	85	127	127	0.5	1/4	1/4	3/8	2	2	1/8		1/8	1		-2	70	Bb4	4	671
86	86	255/2	255/2	1.5	0	0	3/8	3	1	3/8		1/4	3/2	-1	0	36	C2	2	679
86	86	255/2	255/2	1.5	0	0	3/8	3	1	3/8		1/4	3/2	-1	0	48	C3	3	679
86	86	255/2	255/2	1.0	0	0	3/8	2	2	1/4		1/4	1		-4	68	Ab4	4	677
86	86	255/2	255/2	1.0	0	0	3/8	2	2	1/4		1/4	1		0	72	C5	5	677
86	86	255/2	255/2	0.5	0	0	3/8	1	1	1/8		1/8	1		-1	77	F5	5	673
86	86	255/2	255/2	0.5	0	0	3/8	2	1	1/8		1/8	1		-1	77	F5	5	675
86	86	255/2	255/2	1.0	0	0	3/8	2	2	1/4		1/4	1		-1	77	F5	5	677
86	86	128	128	1.0	1/8	1/8	3/8	1	1	1/4		1/4	1		-1	77	F5	5	674
86	86	128	128	1.0	1/8	1/8	3/8	2	1	1/4		1/4	1		-1	77	F5	5	676
86	86	257/2	257/2	0.5	1/4	1/4	3/8	2	2	1/8		1/8	1		-4	68	Ab4	4	678
86	86	257/2	257/2	0.5	1/4	1/4	3/8	2	2	1/8		1/8	1		0	72	C5	5	678
87	87	129	129	1.5	0	0	3/8	3	1	3/8		1/4	3/2	1	0	36	C2	2	686
87	87	129	129	1.5	0	0	3/8	3	1	3/8		1/4	3/2	1	0	48	C3	3	686
87	87	129	129	1.0	0	0	3/8	2	2	1/4		1/4	1		-4	68	Ab4	4	684
87	87	129	129	1.0	0	0	3/8	2	2	1/4		1/4	1		-1	77	F5	5	684
87	87	129	129	0.5	0	0	3/8	1	1	1/8		1/8	1		-4	80	Ab5	5	680
87	87	129	129	0.5	0	0	3/8	2	1	1/8		1/8	1		-4	80	Ab5	5	682
87	87	259/2	259/2	1.0	1/8	1/8	3/8	1	1	1/4		1/4	1		5	71	B4	4	681
87	87	259/2	259/2	1.0	1/8	1/8	3/8	2	1	1/4		1/4	1		5	71	B4	4	683
87	87	130	130	0.5	1/4	1/4	3/8	2	2	1/8		1/8	1		-1	65	F4	4	685
87	87	130	130	0.5	1/4	1/4	3/8	2	2	1/8		1/8	1		-4	68	Ab4	4	685
88	88	261/2	261/2	1.5	0	0	3/8	3	1	3/8		1/4	3/2	-1	0	36	C2	2	693
88	88	261/2	261/2	1.5	0	0	3/8	3	1	3/8		1/4	3/2	-1	0	48	C3	3	693
88	88	261/2	261/2	1.0	0	0	3/8	2	2	1/4		1/4	1		-3	63	Eb4	4	691
88	88	261/2	261/2	1.0	0	0	3/8	2	2	1/4		1/4	1		1	67	G4	4	691
88	88	261/2	261/2	0.5	0	0	3/8	1	1	1/8		1/8	1		0	72	C5	5	687
88	88	261/2	261/2	0.5	0	0	3/8	2	1	1/8		1/8	1		0	72	C5	5	689
88	88	131	131	1.0	1/8	1/8	3/8	1	1	1/4		1/4	1		0	72	C5	5	688
88	88	131	131	1.0	1/8	1/8	3/8	2	1	1/4		1/4	1		0	72	C5	5	690
88	88	263/2	263/2	0.5	1/4	1/4	3/8	2	2	1/8		1/8	1		-3	63	Eb4	4	692
88	88	263/2	263/2	0.5	1/4	1/4	3/8	2	2	1/8		1/8	1		1	67	G4	4	692
89	89	132	132	1.0	0	0	3/8	3	1	1/4		1/4	1		6	54	F#3	3	700
89	89	132	132	1.0	0	0	3/8	3	1	1/4		1/4	1		3	57	A3	3	700
89	89	132	132	1.0	0	0	3/8	2	2	1/4		1/4	1		0	72	C5	5	698
89	89	132	132	0.5	0	0	3/8	1	1	1/8		1/8	1		-3	75	Eb5	5	694
89	89	132	132	0.5	0	0	3/8	2	1	1/8		1/8	1		-3	75	Eb5	5	696
89	89	265/2	265/2	1.0	1/8	1/8	3/8	1	1	1/4		1/4	1		-3	75	Eb5	5	695
89	89	265/2	265/2	1.0	1/8	1/8	3/8	2	1	1/4		1/4	1		-3	75	Eb5	5	697
89	89	133	133	0.5	1/4	1/4	3/8	3	1	1/8		1/8	1		6	54	F#3	3	701
89	89	133	133	0.5	1/4	1/4	3/8	3	1	1/8		1/8	1		3	57	A3	3	701
89	89	133	133	0.5	1/4	1/4	3/8	2	2	1/8		1/8	1		0	72	C5	5	699
90	90	267/2	267/2	0.5	0	0	3/8	3	2	1/8		1/8	1		1	55	G3	3	708
90	90	267/2	267/2	1.0	0	0	3/8	3	1	1/4		1/4	1		1	55	G3	3	707
90	90	267/2	267/2	1.0	0	0	3/8	2	2	1/4		1/4	1		1	67	G4	4	706
90	90	267/2	267/2	0.5	0	0	3/8	2	1	1/8		1/8	1		0	72	C5	5	704
90	90	267/2	267/2	0.5	0	0	3/8	1	1	1/8		1/8	1		-3	75	Eb5	5	702
90	90	267/2	267/2	0.5	0	0	3/8	2	1	1/8		1/8	1		-3	75	Eb5	5	704
90	90	134	134	0.5	1/8	1/8	3/8	3	2	1/8		1/8	1		1	43	G2	2	709
90	90	134	134	0.5	1/8	1/8	3/8	2	1	1/8		1/8	1		5	71	B4	4	705
90	90	134	134	0.5	1/8	1/8	3/8	1	1	1/8		1/8	1		2	74	D5	5	703
90	90	134	134	0.5	1/8	1/8	3/8	2	1	1/8		1/8	1		2	74	D5	5	705
91	91	135	135	1.5	0	0	3/8	2	1	3/8		1/4	3/2		2	62	D4	4	711
91	91	135	135	1.5	0	0	3/8	2	1	3/8		1/4	3/2		1	67	G4	4	711
91	91	135	135	1.5	0	0	3/8	2	1	3/8		1/4	3/2		5	71	B4	4	711
91	91	135	135	1.5	0	0	3/8	1	1	3/8		1/4	3/2		1	79	G5	5	710
91	91	271/2	271/2	0.5	1/8	1/8	3/8	3	2	1/8		1/8	1		1	55	G3	3	713
91	91	271/2	271/2	1.0	1/8	1/8	3/8	3	1	1/4		1/4	1	1	1	55	G3	3	712
91	91	136	136	0.5	1/4	1/4	3/8	3	2	1/8		1/8	1		-1	53	F3	3	714
92	92	273/2	273/2	0.5	0	0	3/8	3	1	1/8		1/8	1		-3	51	Eb3	3	720
92	92	273/2	273/2	1.5	0	0	3/8	3	2	3/8		1/4	3/2	0	1	55	G3	3	723
92	92	273/2	273/2	0.5	0	0	3/8	2	2	1/8		1/8	1		0	60	C4	4	717
92	92	273/2	273/2	1.5	0	0	3/8	2	1	3/8		1/4	3/2		1	67	G4	4	716
92	92	273/2	273/2	1.5	0	0	3/8	2	1	3/8		1/4	3/2		0	72	C5	5	716
92	92	273/2	273/2	1.5	0	0	3/8	1	1	3/8		1/4	3/2		1	79	G5	5	715
92	92	137	137	0.5	1/8	1/8	3/8	3	1	1/8		1/8	1		2	50	D3	3	721
92	92	137	137	0.5	1/8	1/8	3/8	2	2	1/8		1/8	1		2	62	D4	4	718
92	92	275/2	275/2	0.5	1/4	1/4	3/8	3	1	1/8		1/8	1		0	48	C3	3	722
92	92	275/2	275/2	0.5	1/4	1/4	3/8	2	2	1/8		1/8	1		-3	63	Eb4	4	719
93	93	138	138	0.5	0	0	3/8	3	2	1/8		1/8	1		1	43	G2	2	729
93	93	138	138	0.5	0	0	3/8	3	1	1/8		1/8	1	-1	1	55	G3	3	727
93	93	138	138	1.5	0	0	3/8	2	2	3/8		1/4	3/2		2	62	D4	4	726
93	93	138	138	1.5	0	0	3/8	2	1	3/8		1/4	3/2		1	67	G4	4	725
93	93	138	138	1.5	0	0	3/8	2	1	3/8		1/4	3/2		5	71	B4	4	725
93	93	138	138	1.5	0	0	3/8	1	1	3/8		1/4	3/2		1	79	G5	5	724
93	93	277/2	277/2	0.5	1/8	1/8	3/8	3	2	1/8		1/8	1		1	55	G3	3	730
93	93	277/2	277/2	1.0	1/8	1/8	3/8	3	1	1/4		1/4	1	1	1	55	G3	3	728
93	93	139	139	0.5	1/4	1/4	3/8	3	2	1/8		1/8	1		-1	53	F3	3	731
94	94	279/2	279/2	0.5	0	0	3/8	3	2	1/8		1/8	1		-3	51	Eb3	3	738
94	94	279/2	279/2	1.5	0	0	3/8	3	1	3/8		1/4	3/2	-1	1	55	G3	3	737
94	94	279/2	279/2	0.5	0	0	3/8	2	2	1/8		1/8	1		0	60	C4	4	734
94	94	279/2	279/2	1.5	0	0	3/8	2	1	3/8		1/4	3/2		1	67	G4	4	733
94	94	279/2	279/2	1.5	0	0	3/8	2	1	3/8		1/4	3/2		0	72	C5	5	733
94	94	279/2	279/2	1.5	0	0	3/8	1	1	3/8		1/4	3/2		1	79	G5	5	732
94	94	140	140	0.5	1/8	1/8	3/8	3	2	1/8		1/8	1		2	50	D3	3	739
94	94	140	140	0.5	1/8	1/8	3/8	2	2	1/8		1/8	1		2	62	D4	4	735
94	94	281/2	281/2	0.5	1/4	1/4	3/8	3	2	1/8		1/8	1		0	48	C3	3	740
94	94	281/2	281/2	0.5	1/4	1/4	3/8	2	2	1/8		1/8	1		-3	63	Eb4	4	736
95	95	141	141	1.5	0	0	3/8	2	1	3/8		1/4	3/2		3	69	A4	4	742
95	95	141	141	1.5	0	0	3/8	2	1	3/8		1/4	3/2		2	74	D5	5	742
95	95	141	141	1.5	0	0	3/8	1	1	3/8		1/4	3/2		6	78	F#5	5	741
95	95	141	141	1.5	0	0	3/8	2	1	3/8		1/4	3/2		6	78	F#5	5	742
95	95	283/2	283/2	0.5	1/8	1/8	3/8	3	2	1/8		1/8	1		2	50	D3	3	744
95	95	283/2	283/2	1.0	1/8	1/8	3/8	3	1	1/4		1/4	1	1	2	50	D3	3	743
95	95	142	142	0.5	1/4	1/4	3/8	3	2	1/8		1/8	1		0	48	C3	3	745
96	96	285/2	285/2	0.5	0	0	3/8	3	2	1/8		1/8	1		5	47	B2	2	752
96	96	285/2	285/2	1.5	0	0	3/8	3	1	3/8		1/4	3/2	-1	2	50	D3	3	751
96	96	285/2	285/2	1.5	0	0	3/8	2	1	3/8		1/4	3/2	1	1	67	G4	4	747
96	96	285/2	285/2	0.5	0	0	3/8	2	2	1/8		1/8	1		2	74	D5	5	748
96	96	285/2	285/2	1.5	0	0	3/8	1	1	3/8		1/4	3/2		-1	77	F5	5	746
96	96	285/2	285/2	1.5	0	0	3/8	2	1	3/8		1/4	3/2		-1	77	F5	5	747
96	96	143	143	0.5	1/8	1/8	3/8	3	2	1/8		1/8	1		3	45	A2	2	753
96	96	143	143	0.5	1/8	1/8	3/8	2	2	1/8		1/8	1		0	72	C5	5	749
96	96	287/2	287/2	0.5	1/4	1/4	3/8	3	2	1/8		1/8	1		1	43	G2	2	754
96	96	287/2	287/2	0.5	1/4	1/4	3/8	2	2	1/8		1/8	1		5	71	B4	4	750
97	97	144	144	0.5	0	0	3/8	3	1	1/8		1/8	1		0	48	C3	3	761
97	97	144	144	0.5	0	0	3/8	2	1	1/8		1/8	1	-1	1	67	G4	4	758
97	97	144	144	0.5	0	0	3/8	2	1	1/8		1/8	1		0	72	C5	5	758
97	97	144	144	0.5	0	0	3/8	1	1	1/8		1/8	1		-3	75	Eb5	5	755
97	97	144	144	0.5	0	0	3/8	2	1	1/8		1/8	1		-3	75	Eb5	5	758
97	97	289/2	289/2	0.5	1/8	1/8	3/8	3	1	1/8		1/8	1		2	50	D3	3	762
97	97	289/2	289/2	0.5	1/8	1/8	3/8	2	1	1/8		1/8	1		-1	65	F4	4	759
97	97	289/2	289/2	0.5	1/8	1/8	3/8	2	1	1/8		1/8	1		5	71	B4	4	759
97	97	289/2	289/2	0.5	1/8	1/8	3/8	1	1	1/8		1/8	1		2	74	D5	5	756
97	97	289/2	289/2	0.5	1/8	1/8	3/8	2	1	1/8		1/8	1		2	74	D5	5	759
97	97	145	145	0.5	1/4	1/4	3/8	3	1	1/8		1/8	1		-3	51	Eb3	3	763
97	97	145	145	0.5	1/4	1/4	3/8	2	1	1/8		1/8	1		1	67	G4	4	760
97	97	145	145	0.5	1/4	1/4	3/8	1	1	1/8		1/8	1		0	72	C5	5	757
97	97	145	145	0.5	1/4	1/4	3/8	2	1	1/8		1/8	1		0	72	C5	5	760
98	98	291/2	291/2	0.5	0	0	3/8	3	2	1/8		1/8	1		-1	53	F3	3	776
98	98	291/2	291/2	0.5	0	0	3/8	2	2	1/8		1/8	1		-4	68	Ab4	4	772
98	98	291/2	291/2	0.25	0	0	3/8	1	1	1/16		1/16	1		2	74	D5	5	764
98	98	291/2	291/2	0.25	0	0	3/8	2	1	1/16		1/16	1		2	74	D5	5	768
98	98	291/2	291/2	0.5	0	0	3/8	2	2	1/8		1/8	1		2	74	D5	5	772
98	98	583/4	583/4	0.25	1/16	1/16	3/8	1	1	1/16		1/16	1		-1	77	F5	5	765
98	98	583/4	583/4	0.25	1/16	1/16	3/8	2	1	1/16		1/16	1		-1	77	F5	5	769
98	98	146	146	0.5	1/8	1/8	3/8	3	2	1/8		1/8	1		1	55	G3	3	777
98	98	146	146	1.0	1/8	1/8	3/8	3	1	1/4		1/4	1	1	1	55	G3	3	775
98	98	146	146	0.5	1/8	1/8	3/8	2	2	1/8		1/8	1		1	67	G4	4	773
98	98	146	146	0.5	1/8	1/8	3/8	2	2	1/8		1/8	1		0	72	C5	5	773
98	98	146	146	0.5	1/8	1/8	3/8	1	1	1/8		1/8	1		-3	75	Eb5	5	766
98	98	146	146	0.5	1/8	1/8	3/8	2	1	1/8		1/8	1		-3	75	Eb5	5	770
98	98	293/2	293/2	0.5	1/4	1/4	3/8	3	2	1/8		1/8	1		1	43	G2	2	778
98	98	293/2	293/2	0.5	1/4	1/4	3/8	2	2	1/8		1/8	1		-1	65	F4	4	774
98	98	293/2	293/2	0.5	1/4	1/4	3/8	1	1	1/8		1/8	1		5	71	B4	4	767
98	98	293/2	293/2	0.5	1/4	1/4	3/8	2	1	1/8		1/8	1		5	71	B4	4	771
98	98	293/2	293/2	0.5	1/4	1/4	3/8	2	2	1/8		1/8	1		2	74	D5	5	774
99	99	147	147	0.5	0	0	3/8	3	1	1/8		1/8	1		0	48	C3	3	783
99	99	147	147	0.5	0	0	3/8	3	1	1/8		1/8	1	-1	1	55	G3	3	783
99	99	147	147	0.5	0	0	3/8	2	1	1/8		1/8	1		-3	63	Eb4	4	780
99	99	147	147	0.5	0	0	3/8	2	1	1/8		1/8	1		0	72	C5	5	780
99	99	147	147	1.0	0	0	3/8	1	1	1/4		1/4	1		0	72	C5	5	779
99	99	295/2	295/2	0.5	1/8	1/8	3/8	3	1	1/8		1/8	1		2	50	D3	3	784
99	99	295/2	295/2	0.5	1/8	1/8	3/8	2	1	1/8		1/8	1		5	59	B3	3	781
99	99	148	148	0.5	1/4	1/4	3/8	3	1	1/8		1/8	1		-3	51	Eb3	3	785
99	99	148	148	0.5	1/4	1/4	3/8	2	1	1/8		1/8	1		0	60	C4	4	782
100	100	297/2	297/2	1.5	0	0	3/8	2	1	3/8		1/4	3/2		3	69	A4	4	787
100	100	297/2	297/2	1.5	0	0	3/8	2	1	3/8		1/4	3/2		2	74	D5	5	787
100	100	297/2	297/2	1.5	0	0	3/8	1	1	3/8		1/4	3/2		6	78	F#5	5	786
100	100	297/2	297/2	1.5	0	0	3/8	2	1	3/8		1/4	3/2		6	78	F#5	5	787
100	100	149	149	0.5	1/8	1/8	3/8	3	2	1/8		1/8	1		2	50	D3	3	789
100	100	149	149	1.0	1/8	1/8	3/8	3	1	1/4		1/4	1	1	2	50	D3	3	788
100	100	299/2	299/2	0.5	1/4	1/4	3/8	3	2	1/8		1/8	1		0	48	C3	3	790
101	101	150	150	0.5	0	0	3/8	3	1	1/8		1/8	1		5	47	B2	2	796
101	101	150	150	1.5	0	0	3/8	3	2	3/8		1/4	3/2	-1	2	50	D3	3	799
101	101	150	150	1.5	0	0	3/8	2	1	3/8		1/4	3/2	1	1	67	G4	4	792
101	101	150	150	0.5	0	0	3/8	2	2	1/8		1/8	1		2	74	D5	5	793
101	101	150	150	1.5	0	0	3/8	1	1	3/8		1/4	3/2		-1	77	F5	5	791
101	101	150	150	1.5	0	0	3/8	2	1	3/8		1/4	3/2		-1	77	F5	5	792
101	101	301/2	301/2	0.5	1/8	1/8	3/8	3	1	1/8		1/8	1		3	45	A2	2	797
101	101	301/2	301/2	0.5	1/8	1/8	3/8	2	2	1/8		1/8	1		0	72	C5	5	794
101	101	151	151	0.5	1/4	1/4	3/8	3	1	1/8		1/8	1		1	43	G2	2	798
101	101	151	151	0.5	1/4	1/4	3/8	2	2	1/8		1/8	1		5	71	B4	4	795
102	102	303/2	303/2	0.5	0	0	3/8	3	1	1/8		1/8	1		0	48	C3	3	806
102	102	303/2	303/2	0.5	0	0	3/8	2	1	1/8		1/8	1	-1	1	67	G4	4	803
102	102	303/2	303/2	0.5	0	0	3/8	2	1	1/8		1/8	1		0	72	C5	5	803
102	102	303/2	303/2	0.5	0	0	3/8	1	1	1/8		1/8	1		-3	75	Eb5	5	800
102	102	303/2	303/2	0.5	0	0	3/8	2	1	1/8		1/8	1		-3	75	Eb5	5	803
102	102	152	152	0.5	1/8	1/8	3/8	3	1	1/8		1/8	1		2	50	D3	3	807
102	102	152	152	0.5	1/8	1/8	3/8	2	1	1/8		1/8	1		-1	65	F4	4	804
102	102	152	152	0.5	1/8	1/8	3/8	2	1	1/8		1/8	1		5	71	B4	4	804
102	102	152	152	0.5	1/8	1/8	3/8	1	1	1/8		1/8	1		2	74	D5	5	801
102	102	152	152	0.5	1/8	1/8	3/8	2	1	1/8		1/8	1		2	74	D5	5	804
102	102	305/2	305/2	0.5	1/4	1/4	3/8	3	1	1/8		1/8	1		-3	51	Eb3	3	808
102	102	305/2	305/2	0.5	1/4	1/4	3/8	2	1	1/8		1/8	1		1	67	G4	4	805
102	102	305/2	305/2	0.5	1/4	1/4	3/8	1	1	1/8		1/8	1		0	72	C5	5	802
102	102	305/2	305/2	0.5	1/4	1/4	3/8	2	1	1/8		1/8	1		0	72	C5	5	805
103	103	153	153	0.5	0	0	3/8	3	2	1/8		1/8	1		-1	53	F3	3	821
103	103	153	153	0.5	0	0	3/8	2	2	1/8		1/8	1		-4	68	Ab4	4	817
103	103	153	153	0.25	0	0	3/8	1	1	1/16		1/16	1		2	74	D5	5	809
103	103	153	153	0.25	0	0	3/8	2	1	1/16		1/16	1		2	74	D5	5	813
103	103	153	153	0.5	0	0	3/8	2	2	1/8		1/8	1		2	74	D5	5	817
103	103	613/4	613/4	0.25	1/16	1/16	3/8	1	1	1/16		1/16	1		-1	77	F5	5	810
103	103	613/4	613/4	0.25	1/16	1/16	3/8	2	1	1/16		1/16	1		-1	77	F5	5	814
103	103	307/2	307/2	0.5	1/8	1/8	3/8	3	2	1/8		1/8	1		1	55	G3	3	822
103	103	307/2	307/2	1.0	1/8	1/8	3/8	3	1	1/4		1/4	1	1	1	55	G3	3	820
103	103	307/2	307/2	0.5	1/8	1/8	3/8	2	2	1/8		1/8	1		1	67	G4	4	818
103	103	307/2	307/2	0.5	1/8	1/8	3/8	2	2	1/8		1/8	1		0	72	C5	5	818
103	103	307/2	307/2	0.5	1/8	1/8	3/8	1	1	1/8		1/8	1		-3	75	Eb5	5	811
103	103	307/2	307/2	0.5	1/8	1/8	3/8	2	1	1/8		1/8	1		-3	75	Eb5	5	815
103	103	154	154	0.5	1/4	1/4	3/8	3	2	1/8		1/8	1		1	43	G2	2	823
103	103	154	154	0.5	1/4	1/4	3/8	2	2	1/8		1/8	1		2	62	D4	4	819
103	103	154	154	0.5	1/4	1/4	3/8	2	2	1/8		1/8	1		1	67	G4	4	819
103	103	154	154	0.5	1/4	1/4	3/8	1	1	1/8		1/8	1		5	71	B4	4	812
103	103	154	154	0.5	1/4	1/4	3/8	2	1	1/8		1/8	1		5	71	B4	4	816
104	104	309/2	309/2	1.0	0	0	3/8	3	2	1/4		1/4	1		0	48	C3	3	829
104	104	309/2	309/2	1.0	0	0	3/8	3	1	1/4		1/4	1	-1	1	55	G3	3	827
104	104	309/2	309/2	0.5	0	0	3/8	2	1	1/8		1/8	1		-3	63	Eb4	4	825
104	104	309/2	309/2	0.5	0	0	3/8	2	1	1/8		1/8	1		1	67	G4	4	825
104	104	309/2	309/2	0.5	0	0	3/8	2	1	1/8		1/8	1		0	72	C5	5	825
104	104	309/2	309/2	1.0	0	0	3/8	1	1	1/4		1/4	1		0	72	C5	5	824
104	104	155	155	1.0	1/8	1/8	3/8	2	1	1/4		1/4	1		0	72	C5	5	826
104	104	155	155	1.0	1/8	1/8	3/8	2	1	1/4		1/4	1		0	84	C6	6	826
104	104	311/2	311/2	0.5	1/4	1/4	3/8	3	2	1/8		1/8	1		-3	51	Eb3	3	830
104	104	311/2	311/2	0.5	1/4	1/4	3/8	3	1	1/8		1/8	1		1	55	G3	3	828
105	105	156	156	0.5	0	0	3/8	3	2	1/8		1/8	1		-1	53	F3	3	839
105	105	156	156	0.5	0	0	3/8	2	2	1/8		1/8	1		-4	68	Ab4	4	835
105	105	156	156	0.25	0	0	3/8	2	1	1/16		1/16	1		2	74	D5	5	831
105	105	156	156	0.5	0	0	3/8	2	2	1/8		1/8	1		2	74	D5	5	835
105	105	625/4	625/4	0.25	1/16	1/16	3/8	2	1	1/16		1/16	1		-1	77	F5	5	832
105	105	313/2	313/2	0.5	1/8	1/8	3/8	3	2	1/8		1/8	1		1	55	G3	3	840
105	105	313/2	313/2	1.0	1/8	1/8	3/8	3	1	1/4		1/4	1		1	55	G3	3	838
105	105	313/2	313/2	0.5	1/8	1/8	3/8	2	2	1/8		1/8	1		1	67	G4	4	836
105	105	313/2	313/2	0.5	1/8	1/8	3/8	2	2	1/8		1/8	1		0	72	C5	5	836
105	105	313/2	313/2	0.5	1/8	1/8	3/8	2	1	1/8		1/8	1		-3	75	Eb5	5	833
105	105	157	157	0.5	1/4	1/4	3/8	3	2	1/8		1/8	1		1	43	G2	2	841
105	105	157	157	0.5	1/4	1/4	3/8	2	2	1/8		1/8	1		-1	65	F4	4	837
105	105	157	157	0.5	1/4	1/4	3/8	2	1	1/8		1/8	1		5	71	B4	4	834
105	105	157	157	0.5	1/4	1/4	3/8	2	2	1/8		1/8	1		2	74	D5	5	837
106	106	315/2	315/2	0.5	0	0	3/8	2	1	1/8		1/8	1		-3	63	Eb4	4	842
106	106	315/2	315/2	0.5	0	0	3/8	2	1	1/8		1/8	1		0	72	C5	5	842
106	106	158	158	0.5	1/8	1/8	3/8	3	1	1/8		1/8	1		-4	56	Ab3	3	844
106	106	158	158	1.0	1/8	1/8	3/8	2	1	1/4		1/4	1		0	72	C5	5	843
106	106	158	158	1.0	1/8	1/8	3/8	2	1	1/4		1/4	1		0	84	C6	6	843
106	106	317/2	317/2	0.5	1/4	1/4	3/8	3	1	1/8		1/8	1		-3	51	Eb3	3	845
106	106	317/2	317/2	0.5	1/4	1/4	3/8	3	1	1/8		1/8	1		1	55	G3	3	845
107	107	159	159	0.5	0	0	3/8	3	2	1/8		1/8	1		-1	53	F3	3	854
107	107	159	159	0.5	0	0	3/8	2	2	1/8		1/8	1		-4	68	Ab4	4	850
107	107	159	159	0.25	0	0	3/8	2	1	1/16		1/16	1		2	74	D5	5	846
107	107	159	159	0.5	0	0	3/8	2	2	1/8		1/8	1		2	74	D5	5	850
107	107	637/4	637/4	0.25	1/16	1/16	3/8	2	1	1/16		1/16	1		-1	77	F5	5	847
107	107	319/2	319/2	0.5	1/8	1/8	3/8	3	2	1/8		1/8	1		1	55	G3	3	855
107	107	319/2	319/2	1.0	1/8	1/8	3/8	3	1	1/4		1/4	1	1	1	55	G3	3	853
107	107	319/2	319/2	0.5	1/8	1/8	3/8	2	2	1/8		1/8	1		1	67	G4	4	851
107	107	319/2	319/2	0.5	1/8	1/8	3/8	2	2	1/8		1/8	1		0	72	C5	5	851
107	107	319/2	319/2	0.5	1/8	1/8	3/8	2	1	1/8		1/8	1		-3	75	Eb5	5	848
107	107	160	160	0.5	1/4	1/4	3/8	3	2	1/8		1/8	1		1	43	G2	2	856
107	107	160	160	0.5	1/4	1/4	3/8	2	2	1/8		1/8	1		2	62	D4	4	852
107	107	160	160	0.5	1/4	1/4	3/8	2	2	1/8		1/8	1		1	67	G4	4	852
107	107	160	160	0.5	1/4	1/4	3/8	2	1	1/8		1/8	1		5	71	B4	4	849
108	108	321/2	321/2	1.0	0	0	3/8	3	2	1/4		1/4	1		0	48	C3	3	860
108	108	321/2	321/2	1.0	0	0	3/8	3	1	1/4		1/4	1	-1	1	55	G3	3	859
108	108	321/2	321/2	0.5	0	0	3/8	2	1	1/8		1/8	1		-3	63	Eb4	4	857
108	108	321/2	321/2	0.5	0	0	3/8	2	1	1/8		1/8	1		1	67	G4	4	857
108	108	321/2	321/2	0.5	0	0	3/8	2	1	1/8		1/8	1		0	72	C5	5	857
108	108	161	161	0.5	1/8	1/8	3/8	2	1	1/8		1/8	1		0	60	C4	4	858
