mc	mn	mc_onset	mn_onset	timesig	staff	voice	duration	gracenote	nominal_duration	scalar	tied	tpc	midi	volta	chord_id
1	1	0	0	3/8	3	1	1/4		1/4	1		0	48		5
1	1	0	0	3/8	2	2	1/4		1/4	1		-3	63		2
1	1	0	0	3/8	2	3	3/8		1/4	3/2		1	67		4
1	1	0	0	3/8	2	1	1/8		1/8	1		0	72		0
1	1	1/8	1/8	3/8	2	1	1/4		1/4	1		2	74		1
1	1	1/4	1/4	3/8	3	1	1/8		1/8	1		5	47		6
1	1	1/4	1/4	3/8	2	2	1/8		1/8	1		2	62		3
2	2	0	0	3/8	3	2	1/4		1/4	1		0	48		12
2	2	0	0	3/8	3	1	1/4		1/4	1		0	60		10
2	2	0	0	3/8	2	2	3/8		1/4	3/2	1	1	67		9
2	2	0	0	3/8	2	1	1/8		1/8	1		-3	75		7
2	2	1/8	1/8	3/8	2	1	1/4		1/4	1		-1	77		8
2	2	1/4	1/4	3/8	3	2	1/8		1/8	1		2	50		13
2	2	1/4	1/4	3/8	3	1	1/8		1/8	1		5	59		11
3	3	0	0	3/8	3	2	1/4		1/4	1		-3	51		20
3	3	0	0	3/8	3	1	1/8		1/8	1		1	55		18
3	3	0	0	3/8	2	2	1/4		1/4	1	-1	1	67		16
3	3	0	0	3/8	2	1	1/8		1/8	1		1	79		14
3	3	1/8	1/8	3/8	3	1	1/4		1/4	1		0	60		19
3	3	1/8	1/8	3/8	2	1	1/4		1/4	1		-4	80		15
3	3	1/4	1/4	3/8	3	2	1/8		1/8	1		-1	53		21
3	3	1/4	1/4	3/8	2	2	1/8		1/8	1		-1	65		17
4	4	0	0	3/8	3	2	1/8		1/8	1		-1	53		28
4	4	0	0	3/8	3	1	1/8		1/8	1		2	62		26
4	4	0	0	3/8	2	2	1/8		1/8	1		-4	68		24
4	4	0	0	3/8	2	1	1/8		1/8	1		5	71		22
4	4	1/8	1/8	3/8	3	2	1/8		1/8	1		-3	51		29
4	4	1/8	1/8	3/8	3	1	1/8		1/8	1		-3	63		27
4	4	1/8	1/8	3/8	2	2	1/8		1/8	1		1	67		25
4	4	1/8	1/8	3/8	2	1	1/8		1/8	1		0	72		23
5	5	0	0	3/8	3	1	1/4		1/4	1		-2	46		35
5	5	0	0	3/8	2	2	1/4		1/4	1		-5	61		32
5	5	0	0	3/8	2	3	3/8		1/4	3/2		-1	65		34
5	5	0	0	3/8	2	1	1/8		1/8	1		-2	70		30
5	5	1/8	1/8	3/8	2	1	1/4		1/4	1		0	72		31
5	5	1/4	1/4	3/8	3	1	1/8		1/8	1		3	45		36
5	5	1/4	1/4	3/8	2	2	1/8		1/8	1		0	60		33
6	6	0	0	3/8	3	2	1/4		1/4	1		-2	46		42
6	6	0	0	3/8	3	1	1/4		1/4	1		-2	58		40
6	6	0	0	3/8	2	2	3/8		1/4	3/2	1	-1	65		39
6	6	0	0	3/8	2	1	1/8		1/8	1		-5	73		37
6	6	1/8	1/8	3/8	2	1	1/4		1/4	1		-3	75		38
6	6	1/4	1/4	3/8	3	2	1/8		1/8	1		0	48		43
6	6	1/4	1/4	3/8	3	1	1/8		1/8	1		3	57		41
7	7	0	0	3/8	3	2	1/4		1/4	1		-5	49		50
7	7	0	0	3/8	3	1	1/8		1/8	1		-1	53		48
7	7	0	0	3/8	2	2	1/4		1/4	1	-1	-1	65		46
7	7	0	0	3/8	2	1	1/8		1/8	1		-1	77		44
7	7	1/8	1/8	3/8	3	1	1/4		1/4	1		-2	58		49
7	7	1/8	1/8	3/8	2	1	1/4		1/4	1		-6	78		45
7	7	1/4	1/4	3/8	3	2	1/8		1/8	1		-3	51		51
7	7	1/4	1/4	3/8	2	2	1/8		1/8	1		-3	63		47
8	8	0	0	3/8	3	2	1/8		1/8	1		-3	51		58
8	8	0	0	3/8	3	1	1/8		1/8	1		0	60		56
8	8	0	0	3/8	2	2	1/8		1/8	1		-6	66		54
8	8	0	0	3/8	2	1	1/8		1/8	1		3	69		52
8	8	1/8	1/8	3/8	3	2	1/8		1/8	1		-5	49		59
8	8	1/8	1/8	3/8	3	1	1/8		1/8	1		-5	61		57
8	8	1/8	1/8	3/8	2	2	1/8		1/8	1		-1	65		55
8	8	1/8	1/8	3/8	2	1	1/8		1/8	1		-2	70		53
9	9	0	0	3/8	3	1	3/8		1/4	3/2		1	55		65
9	9	0	0	3/8	3	1	3/8		1/4	3/2		-2	58		65
9	9	0	0	3/8	2	2	3/8		1/4	3/2		-3	63		64
9	9	0	0	3/8	2	1	1/16		1/16	1		-2	70		60
9	9	1/16	1/16	3/8	2	1	1/16		1/16	1		0	72		61
9	9	1/8	1/8	3/8	2	1	1/8		1/8	1		-5	73		62
9	9	1/4	1/4	3/8	2	1	1/8		1/8	1		-5	73		63
10	10	0	0	3/8	3	1	1/8		1/8	1		-4	56		72
10	10	0	0	3/8	2	2	1/8		1/8	1		-3	63		69
10	10	0	0	3/8	2	1	1/16		1/16	1		0	72		66
10	10	1/16	1/16	3/8	2	1	1/16		1/16	1		-2	70		67
10	10	1/8	1/8	3/8	3	1	1/8		1/8	1		0	60		73
10	10	1/8	1/8	3/8	3	1	1/8		1/8	1		-3	63		73
10	10	1/8	1/8	3/8	2	1	1/8		1/8	1		-4	68		68
10	10	1/8	1/8	3/8	2	2	1/8		1/8	1		-4	68		70
10	10	1/4	1/4	3/8	3	1	1/8		1/8	1		-2	58		74
10	10	1/4	1/4	3/8	3	1	1/8		1/8	1		-5	61		74
10	10	1/4	1/4	3/8	2	2	1/8		1/8	1		1	67		71
11	11	0	0	3/8	3	2	3/8		1/4	3/2	1	-4	56		81
11	11	0	0	3/8	3	2	3/8		1/4	3/2		0	60		81
11	11	0	0	3/8	3	1	1/4		1/4	1		-1	65		80
11	11	0	0	3/8	2	1	1/16		1/16	1		-1	77		75
11	11	1/16	1/16	3/8	2	1	1/16		1/16	1		1	79		76
11	11	1/8	1/8	3/8	2	1	1/8		1/8	1		-4	80		77
11	11	1/4	1/4	3/8	2	2	1/8		1/8	1		-4	68		79
11	11	1/4	1/4	3/8	2	1	1/8		1/8	1		-4	80		78
12	12	0	0	3/8	3	2	1/8		1/8	1	-1	-4	56		83
12	12	0	0	3/8	2	1	3/8		1/4	3/2		2	62		82
12	12	0	0	3/8	2	1	3/8		1/4	3/2		-1	65		82
12	12	0	0	3/8	2	1	3/8		1/4	3/2		5	71		82
12	12	1/8	1/8	3/8	3	2	1/8		1/8	1		1	55		84
12	12	1/4	1/4	3/8	3	2	1/8		1/8	1		-1	53		85
13	13	0	0	3/8	3	1	1/8		1/8	1		-3	51		89
13	13	0	0	3/8	2	1	1/8		1/8	1		1	67		86
13	13	0	0	3/8	2	1	1/8		1/8	1		0	72		86
13	13	1/8	1/8	3/8	3	1	1/8		1/8	1		2	50		90
13	13	1/8	1/8	3/8	2	1	1/8		1/8	1		-1	65		87
13	13	1/8	1/8	3/8	2	1	1/8		1/8	1		5	71		87
13	13	1/8	1/8	3/8	2	1	1/8		1/8	1		-1	77		87
13	13	1/4	1/4	3/8	3	1	1/8		1/8	1		0	48		91
13	13	1/4	1/4	3/8	2	1	1/8		1/8	1		1	67		88
13	13	1/4	1/4	3/8	2	1	1/8		1/8	1		0	72		88
13	13	1/4	1/4	3/8	2	1	1/8		1/8	1		-3	75		88
14	14	0	0	3/8	3	1	1/4		1/4	1		1	55		95
14	14	0	0	3/8	2	2	1/4		1/4	1		1	67		94
14	14	0	0	3/8	2	1	1/8		1/8	1		0	72		92
14	14	0	0	3/8	2	1	1/8		1/8	1		-3	75		92
14	14	1/8	1/8	3/8	2	1	1/8		1/8	1		5	71		93
14	14	1/8	1/8	3/8	2	1	1/8		1/8	1		2	74		93
15	15	0	0	3/8	2	1	0	appoggiatura	1/8	1		-4	80		96
15	15	0	0	3/8	2	2	3/8		1/4	3/2		5	71		98
15	15	0	0	3/8	2	2	3/8		1/4	3/2		2	74		98
15	15	0	0	3/8	2	1	3/8		1/4	3/2		1	79		97
15	15	1/8	1/8	3/8	3	2	1/8		1/8	1		1	55		100
15	15	1/8	1/8	3/8	3	1	1/4		1/4	1	1	1	55		99
15	15	1/4	1/4	3/8	3	2	1/8		1/8	1		-1	53		101
16	16	0	0	3/8	2	1	0	appoggiatura	1/8	1		-4	80		102
16	16	0	0	3/8	3	1	1/8		1/8	1		-3	51		105
16	16	0	0	3/8	3	1	1/8		1/8	1	-1	1	55		105
16	16	0	0	3/8	2	2	3/8		1/4	3/2		0	72		104
16	16	0	0	3/8	2	1	3/8		1/4	3/2		1	79		103
16	16	1/8	1/8	3/8	3	1	1/8		1/8	1		2	50		106
16	16	1/8	1/8	3/8	3	1	1/8		1/8	1		-1	53		106
16	16	1/4	1/4	3/8	3	1	1/8		1/8	1		0	48		107
16	16	1/4	1/4	3/8	3	1	1/8		1/8	1		-3	51		107
17	17	0	0	3/8	2	1	0	appoggiatura	1/8	1		-4	80		108
17	17	0	0	3/8	3	1	1/8		1/8	1		1	43		111
17	17	0	0	3/8	3	1	1/8		1/8	1		2	50		111
17	17	0	0	3/8	2	2	3/8		1/4	3/2		5	71		110
17	17	0	0	3/8	2	2	3/8		1/4	3/2		2	74		110
17	17	0	0	3/8	2	1	3/8		1/4	3/2		1	79		109
17	17	1/8	1/8	3/8	3	1	1/8		1/8	1	1	1	55		112
17	17	1/8	1/8	3/8	3	2	1/4		1/4	1		1	55		114
17	17	1/4	1/4	3/8	3	1	1/8		1/8	1		-1	53		113
18	18	0	0	3/8	2	1	0	appoggiatura	1/8	1		-4	80		115
18	18	0	0	3/8	3	1	1/8		1/8	1		-3	51		120
18	18	0	0	3/8	3	1	1/8		1/8	1	-1	1	55		120
18	18	0	0	3/8	2	2	1/8		1/8	1		0	72		117
18	18	0	0	3/8	2	1	3/8		1/4	3/2		1	79		116
18	18	1/8	1/8	3/8	3	1	1/8		1/8	1		2	50		121
18	18	1/8	1/8	3/8	3	1	1/8		1/8	1		-1	53		121
18	18	1/8	1/8	3/8	2	2	1/8		1/8	1		2	74		118
18	18	1/4	1/4	3/8	3	1	1/8		1/8	1		0	48		122
18	18	1/4	1/4	3/8	3	1	1/8		1/8	1		-3	51		122
18	18	1/4	1/4	3/8	2	2	1/8		1/8	1		-3	75		119
19	19	0	0	3/8	2	1	3/8		1/4	3/2		3	69		123
19	19	0	0	3/8	2	2	3/8		1/4	3/2	1	2	74		124
19	19	0	0	3/8	2	2	3/8		1/4	3/2		6	78		124
19	19	1/8	1/8	3/8	3	1	1/8		1/8	1		2	50		125
19	19	1/8	1/8	3/8	3	1	1/8		1/8	1		2	62		125
19	19	1/4	1/4	3/8	3	1	1/8		1/8	1		0	48		126
19	19	1/4	1/4	3/8	3	1	1/8		1/8	1		0	60		126
20	20	0	0	3/8	3	1	1/8		1/8	1		5	47		131
20	20	0	0	3/8	3	1	1/8		1/8	1		5	59		131
20	20	0	0	3/8	2	1	1/8		1/8	1		1	67		127
20	20	0	0	3/8	2	2	3/8		1/4	3/2	-1	2	74		130
20	20	0	0	3/8	2	2	3/8		1/4	3/2		-1	77		130
20	20	1/8	1/8	3/8	3	1	1/8		1/8	1		3	45		132
20	20	1/8	1/8	3/8	3	1	1/8		1/8	1		3	57		132
20	20	1/8	1/8	3/8	2	1	1/8		1/8	1		3	69		128
20	20	1/4	1/4	3/8	3	1	1/8		1/8	1		1	43		133
20	20	1/4	1/4	3/8	3	1	1/8		1/8	1		1	55		133
20	20	1/4	1/4	3/8	2	1	1/8		1/8	1		5	71		129
21	21	0	0	3/8	3	1	1/8		1/8	1		0	48		137
21	21	0	0	3/8	3	1	1/8		1/8	1		1	55		137
21	21	0	0	3/8	2	1	1/8		1/8	1		1	67		134
21	21	0	0	3/8	2	1	1/8		1/8	1		0	72		134
21	21	0	0	3/8	2	1	1/8		1/8	1		-3	75		134
21	21	1/8	1/8	3/8	3	1	1/8		1/8	1		2	50		138
21	21	1/8	1/8	3/8	3	1	1/8		1/8	1		2	62		138
21	21	1/8	1/8	3/8	2	1	1/8		1/8	1		-1	65		135
21	21	1/8	1/8	3/8	2	1	1/8		1/8	1		5	71		135
21	21	1/4	1/4	3/8	3	1	1/8		1/8	1		-3	51		139
21	21	1/4	1/4	3/8	3	1	1/8		1/8	1		0	60		139
21	21	1/4	1/4	3/8	2	1	1/8		1/8	1		1	67		136
21	21	1/4	1/4	3/8	2	1	1/8		1/8	1		0	72		136
22	22	0	0	3/8	3	1	1/8		1/8	1		-1	53		147
22	22	0	0	3/8	2	2	1/8		1/8	1		-4	68		144
22	22	0	0	3/8	2	1	1/16		1/16	1		2	74		140
22	22	0	0	3/8	2	2	1/8		1/8	1		2	74		144
22	22	1/16	1/16	3/8	2	1	1/16		1/16	1		-1	77		141
22	22	1/8	1/8	3/8	3	1	1/8		1/8	1		1	55		148
22	22	1/8	1/8	3/8	2	2	1/8		1/8	1		1	67		145
22	22	1/8	1/8	3/8	2	2	1/8		1/8	1		0	72		145
22	22	1/8	1/8	3/8	2	1	1/8		1/8	1		-3	75		142
22	22	1/4	1/4	3/8	3	1	1/8		1/8	1		1	43		149
22	22	1/4	1/4	3/8	2	2	1/8		1/8	1		2	62		146
22	22	1/4	1/4	3/8	2	2	1/8		1/8	1		1	67		146
22	22	1/4	1/4	3/8	2	1	1/8		1/8	1		5	71		143
23	23	0	0	3/8	2	1	1/8		1/8	1		5	71		150
23	23	1/8	1/8	3/8	3	1	1/8		1/8	1		-4	56		154
23	23	1/8	1/8	3/8	2	2	1/8		1/8	1		0	60		152
23	23	1/8	1/8	3/8	2	2	1/8		1/8	1		-3	63		152
23	23	1/8	1/8	3/8	2	1	1/8		1/8	1		0	72		151
23	23	1/4	1/4	3/8	3	1	1/8		1/8	1		-3	51		155
23	23	1/4	1/4	3/8	2	2	1/8		1/8	1		1	67		153
24	24	0	0	3/8	3	1	1/8		1/8	1		-1	53		163
24	24	0	0	3/8	2	2	1/8		1/8	1		-4	68		160
24	24	0	0	3/8	2	1	1/16		1/16	1		2	74		156
24	24	0	0	3/8	2	2	1/8		1/8	1		2	74		160
24	24	1/16	1/16	3/8	2	1	1/16		1/16	1		-1	77		157
24	24	1/8	1/8	3/8	3	1	1/8		1/8	1		1	55		164
24	24	1/8	1/8	3/8	2	2	1/8		1/8	1		1	67		161
24	24	1/8	1/8	3/8	2	2	1/8		1/8	1		0	72		161
24	24	1/8	1/8	3/8	2	1	1/8		1/8	1		-3	75		158
24	24	1/4	1/4	3/8	3	1	1/8		1/8	1		1	43		165
24	24	1/4	1/4	3/8	2	2	1/8		1/8	1		2	62		162
24	24	1/4	1/4	3/8	2	2	1/8		1/8	1		1	67		162
24	24	1/4	1/4	3/8	2	1	1/8		1/8	1		5	71		159
25	25	0	0	3/8	2	1	1/4		1/4	1		0	72		166
25	25	1/8	1/8	3/8	3	1	1/8		1/8	1		-4	56		169
25	25	1/8	1/8	3/8	2	2	1/8		1/8	1		0	60		167
25	25	1/8	1/8	3/8	2	2	1/8		1/8	1		-3	63		167
25	25	1/4	1/4	3/8	3	1	1/8		1/8	1		-3	51		170
25	25	1/4	1/4	3/8	2	2	1/8		1/8	1		1	67		168
26	26	0	0	3/8	3	1	1/8		1/8	1		-1	53		178
26	26	0	0	3/8	2	2	1/8		1/8	1		-4	68		175
26	26	0	0	3/8	2	1	1/16		1/16	1		2	74		171
26	26	1/16	1/16	3/8	2	1	1/16		1/16	1		-3	75		172
26	26	1/8	1/8	3/8	3	1	1/8		1/8	1		1	55		179
26	26	1/8	1/8	3/8	2	2	1/8		1/8	1		1	67		176
26	26	1/8	1/8	3/8	2	2	1/8		1/8	1		0	72		176
26	26	1/8	1/8	3/8	2	1	1/8		1/8	1		-3	75		173
26	26	1/4	1/4	3/8	3	1	1/8		1/8	1		1	43		180
26	26	1/4	1/4	3/8	2	2	1/8		1/8	1		2	62		177
26	26	1/4	1/4	3/8	2	2	1/8		1/8	1		1	67		177
26	26	1/4	1/4	3/8	2	1	1/8		1/8	1		5	71		174
27	27	0	0	3/8	3	1	1/4		1/4	1		0	48		183
27	27	0	0	3/8	2	1	1/8		1/8	1		-3	63		181
27	27	0	0	3/8	2	1	1/8		1/8	1		1	67		181
27	27	0	0	3/8	2	1	1/8		1/8	1		0	72		181
27	27	1/8	1/8	3/8	2	1	1/8		1/8	1		0	60		182
28	28	0	0	3/8	3	1	1/4		1/4	1		0	48		191
28	28	0	0	3/8	2	2	1/4		1/4	1		-3	63		188
28	28	0	0	3/8	2	3	3/8		1/4	3/2		1	67		190
28	28	0	0	3/8	1	1	1/8		1/8	1		0	72		184
28	28	0	0	3/8	2	1	1/8		1/8	1		0	72		186
28	28	1/8	1/8	3/8	1	1	1/4		1/4	1		2	74		185
28	28	1/8	1/8	3/8	2	1	1/4		1/4	1		2	74		187
28	28	1/4	1/4	3/8	3	1	1/8		1/8	1		5	47		192
28	28	1/4	1/4	3/8	2	2	1/8		1/8	1		2	62		189
29	29	0	0	3/8	3	2	1/4		1/4	1		0	48		200
29	29	0	0	3/8	3	1	1/4		1/4	1		0	60		198
29	29	0	0	3/8	2	2	3/8		1/4	3/2	1	1	67		197
29	29	0	0	3/8	1	1	1/8		1/8	1		-3	75		193
29	29	0	0	3/8	2	1	1/8		1/8	1		-3	75		195
29	29	1/8	1/8	3/8	1	1	1/4		1/4	1		-1	77		194
29	29	1/8	1/8	3/8	2	1	1/4		1/4	1		-1	77		196
29	29	1/4	1/4	3/8	3	2	1/8		1/8	1		2	50		201
29	29	1/4	1/4	3/8	3	1	1/8		1/8	1		5	59		199
30	30	0	0	3/8	3	2	1/4		1/4	1		-3	51		210
30	30	0	0	3/8	3	1	1/8		1/8	1		1	55		208
30	30	0	0	3/8	2	2	1/4		1/4	1	-1	1	67		206
30	30	0	0	3/8	1	1	1/8		1/8	1		1	79		202
30	30	0	0	3/8	2	1	1/8		1/8	1		1	79		204
30	30	1/8	1/8	3/8	3	1	1/4		1/4	1		0	60		209
30	30	1/8	1/8	3/8	1	1	1/4		1/4	1		-4	80		203
30	30	1/8	1/8	3/8	2	1	1/4		1/4	1		-4	80		205
30	30	1/4	1/4	3/8	3	2	1/8		1/8	1		-1	53		211
30	30	1/4	1/4	3/8	2	2	1/8		1/8	1		-1	65		207
31	31	0	0	3/8	3	2	1/8		1/8	1		-1	53		220
31	31	0	0	3/8	3	1	1/8		1/8	1		2	62		218
31	31	0	0	3/8	2	2	1/8		1/8	1		-4	68		216
31	31	0	0	3/8	1	1	1/8		1/8	1		5	71		212
31	31	0	0	3/8	2	1	1/8		1/8	1		5	71		214
31	31	1/8	1/8	3/8	3	2	1/8		1/8	1		-3	51		221
31	31	1/8	1/8	3/8	3	1	1/8		1/8	1		-3	63		219
31	31	1/8	1/8	3/8	2	2	1/8		1/8	1		1	67		217
31	31	1/8	1/8	3/8	1	1	1/8		1/8	1		0	72		213
31	31	1/8	1/8	3/8	2	1	1/8		1/8	1		0	72		215
32	32	0	0	3/8	3	1	1/4		1/4	1		-2	46		229
32	32	0	0	3/8	2	2	1/4		1/4	1		-5	61		226
32	32	0	0	3/8	2	3	3/8		1/4	3/2		-1	65		228
32	32	0	0	3/8	1	1	1/8		1/8	1		-2	70		222
32	32	0	0	3/8	2	1	1/8		1/8	1		-2	70		224
32	32	1/8	1/8	3/8	1	1	1/4		1/4	1		0	72		223
32	32	1/8	1/8	3/8	2	1	1/4		1/4	1		0	72		225
32	32	1/4	1/4	3/8	3	1	1/8		1/8	1		3	45		230
32	32	1/4	1/4	3/8	2	2	1/8		1/8	1		0	60		227
33	33	0	0	3/8	3	2	1/4		1/4	1		-2	46		238
33	33	0	0	3/8	3	1	1/4		1/4	1		-2	58		236
33	33	0	0	3/8	2	2	3/8		1/4	3/2	1	-1	65		235
33	33	0	0	3/8	1	1	1/8		1/8	1		-5	73		231
33	33	0	0	3/8	2	1	1/8		1/8	1		-5	73		233
33	33	1/8	1/8	3/8	1	1	1/4		1/4	1		-3	75		232
33	33	1/8	1/8	3/8	2	1	1/4		1/4	1		-3	75		234
33	33	1/4	1/4	3/8	3	2	1/8		1/8	1		0	48		239
33	33	1/4	1/4	3/8	3	1	1/8		1/8	1		3	57		237
34	34	0	0	3/8	3	2	1/4		1/4	1		-5	49		248
34	34	0	0	3/8	3	1	1/8		1/8	1		-1	53		246
34	34	0	0	3/8	2	2	1/4		1/4	1	-1	-1	65		244
34	34	0	0	3/8	1	1	1/8		1/8	1		-1	77		240
34	34	0	0	3/8	2	1	1/8		1/8	1		-1	77		242
34	34	1/8	1/8	3/8	3	1	1/4		1/4	1		-2	58		247
34	34	1/8	1/8	3/8	1	1	1/4		1/4	1		-6	78		241
34	34	1/8	1/8	3/8	2	1	1/4		1/4	1		-6	78		243
34	34	1/4	1/4	3/8	3	2	1/8		1/8	1		-3	51		249
34	34	1/4	1/4	3/8	2	2	1/8		1/8	1		-3	63		245
35	35	0	0	3/8	3	2	1/8		1/8	1		-3	51		258
35	35	0	0	3/8	3	1	1/8		1/8	1		0	60		256
35	35	0	0	3/8	2	2	1/8		1/8	1		-6	66		254
35	35	0	0	3/8	1	1	1/8		1/8	1		3	69		250
35	35	0	0	3/8	2	1	1/8		1/8	1		3	69		252
35	35	1/8	1/8	3/8	3	2	1/8		1/8	1		-5	49		259
35	35	1/8	1/8	3/8	3	1	1/8		1/8	1		-5	61		257
35	35	1/8	1/8	3/8	2	2	1/8		1/8	1		-1	65		255
35	35	1/8	1/8	3/8	1	1	1/8		1/8	1		-2	70		251
35	35	1/8	1/8	3/8	2	1	1/8		1/8	1		-2	70		253
36	36	0	0	3/8	3	1	3/8		1/4	3/2		1	55		268
36	36	0	0	3/8	3	1	3/8		1/4	3/2		-2	58		268
36	36	0	0	3/8	2	2	3/8		1/4	3/2	1	-3	63		267
36	36	0	0	3/8	1	1	1/16		1/16	1		-2	70		260
36	36	0	0	3/8	2	1	1/16		1/16	1		-2	70		263
36	36	1/16	1/16	3/8	1	1	1/16		1/16	1		0	72		261
36	36	1/16	1/16	3/8	2	1	1/16		1/16	1		0	72		264
36	36	1/8	1/8	3/8	2	1	1/8		1/8	1		-5	73		265
36	36	1/8	1/8	3/8	1	1	1/4		1/4	1		-5	73		262
36	36	1/4	1/4	3/8	2	1	1/8		1/8	1		-5	73		266
37	37	0	0	3/8	3	1	1/8		1/8	1		-4	56		277
37	37	0	0	3/8	2	2	1/4		1/4	1	-1	-3	63		275
37	37	0	0	3/8	1	1	1/16		1/16	1		0	72		269
37	37	0	0	3/8	2	1	1/16		1/16	1		0	72		272
37	37	1/16	1/16	3/8	1	1	1/16		1/16	1		-2	70		270
37	37	1/16	1/16	3/8	2	1	1/16		1/16	1		-2	70		273
37	37	1/8	1/8	3/8	3	1	1/8		1/8	1		0	60		278
37	37	1/8	1/8	3/8	1	1	1/8		1/8	1		-4	68		271
37	37	1/8	1/8	3/8	2	1	1/8		1/8	1		-4	68		274
37	37	1/4	1/4	3/8	3	1	1/8		1/8	1		-4	56		279
37	37	1/4	1/4	3/8	2	2	1/8		1/8	1	1	0	72		276
38	38	0	0	3/8	3	1	1/4		1/4	1		-5	61		288
38	38	0	0	3/8	3	2	3/8		1/4	3/2		-1	65		290
38	38	0	0	3/8	2	2	1/8		1/8	1	-1	0	72		286
38	38	0	0	3/8	1	1	1/8		1/8	1		-1	77		280
38	38	0	0	3/8	2	1	1/8		1/8	1		-1	77		283
38	38	1/8	1/8	3/8	1	1	0	appoggiatura	1/8	1		-3	75		281
38	38	1/8	1/8	3/8	2	1	0	appoggiatura	1/8	1		-3	75		284
38	38	1/8	1/8	3/8	2	2	1/4		1/4	1	1	-2	70		287
38	38	1/8	1/8	3/8	1	1	1/4		1/4	1		-5	73		282
38	38	1/8	1/8	3/8	2	1	1/4		1/4	1		-5	73		285
38	38	1/4	1/4	3/8	3	1	1/8		1/8	1		-2	58		289
39	39	0	0	3/8	3	1	1/4		1/4	1		0	60		299
39	39	0	0	3/8	3	2	3/8		1/4	3/2	1	-3	63		301
39	39	0	0	3/8	2	2	1/8		1/8	1	-1	-2	70		297
39	39	0	0	3/8	1	1	1/8		1/8	1		-3	75		291
39	39	0	0	3/8	2	1	1/8		1/8	1		-3	75		294
39	39	1/8	1/8	3/8	1	1	0	appoggiatura	1/8	1		-5	73		292
39	39	1/8	1/8	3/8	2	1	0	appoggiatura	1/8	1		-5	73		295
39	39	1/8	1/8	3/8	2	2	1/4		1/4	1		-4	68		298
39	39	1/8	1/8	3/8	1	1	1/4		1/4	1		0	72		293
39	39	1/8	1/8	3/8	2	1	1/4		1/4	1		0	72		296
39	39	1/4	1/4	3/8	3	1	1/8		1/8	1		-4	56		300
40	40	0	0	3/8	3	1	1/8		1/8	1		-2	58		313
40	40	0	0	3/8	3	2	1/8		1/8	1	-1	-3	63		316
40	40	0	0	3/8	2	2	1/8		1/8	1		1	67		310
40	40	0	0	3/8	1	1	1/16		1/16	1		-2	70		302
40	40	0	0	3/8	2	1	1/16		1/16	1		-2	70		306
40	40	1/16	1/16	3/8	1	1	1/16		1/16	1		0	72		303
40	40	1/16	1/16	3/8	2	1	1/16		1/16	1		0	72		307
40	40	1/8	1/8	3/8	3	1	1/8		1/8	1		1	55		314
40	40	1/8	1/8	3/8	3	2	1/8		1/8	1		-3	63		317
40	40	1/8	1/8	3/8	2	2	1/8		1/8	1		-2	70		311
40	40	1/8	1/8	3/8	1	1	1/8		1/8	1		-5	73		304
40	40	1/8	1/8	3/8	2	1	1/8		1/8	1		-5	73		308
40	40	1/4	1/4	3/8	3	1	1/8		1/8	1		-4	56		315
40	40	1/4	1/4	3/8	3	2	1/8		1/8	1		-3	63		318
40	40	1/4	1/4	3/8	2	2	1/8		1/8	1		-4	68		312
40	40	1/4	1/4	3/8	1	1	1/8		1/8	1		0	72		305
40	40	1/4	1/4	3/8	2	1	1/8		1/8	1		0	72		309
41	41	0	0	3/8	3	2	1/8		1/8	1		-3	51		322
41	41	0	0	3/8	3	1	1/4		1/4	1		-3	63		321
41	41	0	0	3/8	2	1	1/4		1/4	1		1	67		320
41	41	0	0	3/8	1	1	1/4		1/4	1		-2	70		319
41	41	0	0	3/8	2	1	1/4		1/4	1		-2	70		320
41	41	1/8	1/8	3/8	3	2	1/8		1/8	1		1	55		323
41	41	1/4	1/4	3/8	3	2	1/8		1/8	1		-2	58		324
42	42	0	0	3/8	3	2	1/4		1/4	1		-3	51		335
42	42	0	0	3/8	3	1	1/8		1/8	1		-5	61		332
42	42	0	0	3/8	2	2	3/8		1/4	3/2	1	-3	63		329
42	42	0	0	3/8	2	3	1/4		1/4	1		1	67		330
42	42	0	0	3/8	1	1	1/8		1/8	1		-2	70		325
42	42	0	0	3/8	2	1	1/8		1/8	1		-2	70		327
42	42	1/8	1/8	3/8	3	1	1/8		1/8	1		-2	58		333
42	42	1/8	1/8	3/8	1	1	1/4		1/4	1		-5	73		326
42	42	1/8	1/8	3/8	2	1	1/4		1/4	1		-5	73		328
42	42	1/4	1/4	3/8	3	2	1/8		1/8	1		-3	51		336
42	42	1/4	1/4	3/8	3	1	1/8		1/8	1		1	55		334
42	42	1/4	1/4	3/8	2	3	1/8		1/8	1		-2	70		331
43	43	0	0	3/8	3	2	3/8		1/4	3/2		-3	51		348
43	43	0	0	3/8	3	1	1/4		1/4	1		-4	56		346
43	43	0	0	3/8	2	2	3/8		1/4	3/2	-1	-3	63		343
43	43	0	0	3/8	2	3	1/4		1/4	1		-4	68		344
43	43	0	0	3/8	1	1	1/8		1/8	1		0	72		337
43	43	0	0	3/8	2	1	1/8		1/8	1		0	72		340
43	43	1/8	1/8	3/8	1	1	1/8		1/8	1		-3	75		338
43	43	1/8	1/8	3/8	2	1	1/8		1/8	1		-3	75		341
43	43	1/4	1/4	3/8	3	1	1/8		1/8	1		0	60		347
43	43	1/4	1/4	3/8	1	1	1/8		1/8	1		-4	68		339
43	43	1/4	1/4	3/8	2	1	1/8		1/8	1		-4	68		342
43	43	1/4	1/4	3/8	2	3	1/8		1/8	1		-4	68		345
44	44	0	0	3/8	3	2	1/4		1/4	1		-3	51		359
44	44	0	0	3/8	3	1	1/8		1/8	1		-5	61		356
44	44	0	0	3/8	2	3	3/8		1/4	3/2	1	-3	63		355
44	44	0	0	3/8	2	2	1/4		1/4	1		1	67		353
44	44	0	0	3/8	1	1	1/8		1/8	1		-2	70		349
44	44	0	0	3/8	2	1	1/8		1/8	1		-2	70		351
44	44	1/8	1/8	3/8	3	1	1/8		1/8	1		-2	58		357
44	44	1/8	1/8	3/8	1	1	1/4		1/4	1		-5	73		350
44	44	1/8	1/8	3/8	2	1	1/4		1/4	1		-5	73		352
44	44	1/4	1/4	3/8	3	2	1/8		1/8	1		-3	51		360
44	44	1/4	1/4	3/8	3	1	1/8		1/8	1		1	55		358
44	44	1/4	1/4	3/8	2	2	1/8		1/8	1		-2	70		354
45	45	0	0	3/8	3	2	3/8		1/4	3/2		-3	51		372
45	45	0	0	3/8	3	1	1/4		1/4	1		-4	56		370
45	45	0	0	3/8	2	3	3/8		1/4	3/2	-1	-3	63		369
45	45	0	0	3/8	2	2	1/4		1/4	1		-4	68		367
45	45	0	0	3/8	1	1	1/8		1/8	1		0	72		361
45	45	0	0	3/8	2	1	1/8		1/8	1		0	72		364
45	45	1/8	1/8	3/8	1	1	1/8		1/8	1		-3	75		362
45	45	1/8	1/8	3/8	2	1	1/8		1/8	1		-3	75		365
45	45	1/4	1/4	3/8	3	1	1/8		1/8	1		0	60		371
45	45	1/4	1/4	3/8	1	1	1/8		1/8	1		-4	68		363
45	45	1/4	1/4	3/8	2	1	1/8		1/8	1		-4	68		366
45	45	1/4	1/4	3/8	2	2	1/8		1/8	1		-4	68		368
46	46	0	0	3/8	3	2	1/4		1/4	1		-3	51		383
46	46	0	0	3/8	3	1	1/8		1/8	1		-5	61		380
46	46	0	0	3/8	2	3	3/8		1/4	3/2	1	-3	63		379
46	46	0	0	3/8	2	3	3/8		1/4	3/2		1	67		379
46	46	0	0	3/8	1	1	1/8		1/8	1		-2	70		373
46	46	0	0	3/8	2	1	1/8		1/8	1		-2	70		376
46	46	1/8	1/8	3/8	3	1	1/8		1/8	1		0	60		381
46	46	1/8	1/8	3/8	1	1	1/8		1/8	1		0	72		374
46	46	1/8	1/8	3/8	2	1	1/8		1/8	1		0	72		377
46	46	1/4	1/4	3/8	3	2	1/8		1/8	1		-3	51		384
46	46	1/4	1/4	3/8	3	1	1/8		1/8	1		-2	58		382
46	46	1/4	1/4	3/8	1	1	1/8		1/8	1		-5	73		375
46	46	1/4	1/4	3/8	2	1	1/8		1/8	1		-5	73		378
47	47	0	0	3/8	3	2	3/8		1/4	3/2		-3	51		396
47	47	0	0	3/8	3	1	1/4		1/4	1		-4	56		394
47	47	0	0	3/8	2	3	3/8		1/4	3/2	-1	-3	63		393
47	47	0	0	3/8	2	2	1/4		1/4	1		-4	68		391
47	47	0	0	3/8	1	1	1/8		1/8	1		0	72		385
47	47	0	0	3/8	2	1	1/8		1/8	1		0	72		388
47	47	1/8	1/8	3/8	1	1	1/8		1/8	1		-3	75		386
47	47	1/8	1/8	3/8	2	1	1/8		1/8	1		-3	75		389
47	47	1/4	1/4	3/8	3	1	1/8		1/8	1		0	60		395
47	47	1/4	1/4	3/8	1	1	1/8		1/8	1		-4	68		387
47	47	1/4	1/4	3/8	2	1	1/8		1/8	1		-4	68		390
47	47	1/4	1/4	3/8	2	2	1/8		1/8	1		-4	68		392
48	48	0	0	3/8	3	1	1/8		1/8	1		-3	51		405
48	48	0	0	3/8	3	1	1/8		1/8	1		-2	58		405
48	48	0	0	3/8	2	2	3/8		1/4	3/2		-3	63		404
48	48	0	0	3/8	2	1	1/8		1/8	1		1	67		401
48	48	0	0	3/8	1	1	1/16		1/16	1		-2	70		397
48	48	0	0	3/8	2	1	1/8		1/8	1		-2	70		401
48	48	1/16	1/16	3/8	1	1	1/16		1/16	1		0	72		398
48	48	1/8	1/8	3/8	3	1	1/8		1/8	1		-3	51		406
48	48	1/8	1/8	3/8	3	1	1/8		1/8	1		1	55		406
48	48	1/8	1/8	3/8	2	1	1/8		1/8	1		-2	70		402
48	48	1/8	1/8	3/8	1	1	1/8		1/8	1		-5	73		399
48	48	1/8	1/8	3/8	2	1	1/8		1/8	1		-5	73		402
48	48	1/4	1/4	3/8	3	1	1/8		1/8	1		-4	56		407
48	48	1/4	1/4	3/8	2	1	1/8		1/8	1		-4	68		403
48	48	1/4	1/4	3/8	1	1	1/8		1/8	1		0	72		400
48	48	1/4	1/4	3/8	2	1	1/8		1/8	1		0	72		403
49	49	0	0	3/8	3	1	3/8		1/4	3/2		-3	51		413
49	49	0	0	3/8	2	2	3/8		1/4	3/2		-3	63		412
49	49	0	0	3/8	2	1	1/8		1/8	1		-4	68		410
49	49	0	0	3/8	1	1	1/8		1/8	1		0	72		408
49	49	0	0	3/8	2	1	1/8		1/8	1		0	72		410
49	49	1/8	1/8	3/8	2	1	1/8		1/8	1		1	67		411
49	49	1/8	1/8	3/8	1	1	1/8		1/8	1		-2	70		409
49	49	1/8	1/8	3/8	2	1	1/8		1/8	1		-2	70		411
50	50	0	0	3/8	2	1	3/8		1/4	3/2		-1	65		415
50	50	0	0	3/8	2	1	3/8		1/4	3/2		-2	70		415
50	50	0	0	3/8	1	1	3/8		1/4	3/2		2	74		414
50	50	0	0	3/8	2	1	3/8		1/4	3/2		2	74		415
50	50	1/8	1/8	3/8	3	2	1/8		1/8	1		-2	58		417
50	50	1/8	1/8	3/8	3	1	1/4		1/4	1	1	-2	58		416
50	50	1/4	1/4	3/8	3	2	1/8		1/8	1		-4	56		418
51	51	0	0	3/8	3	2	1/8		1/8	1		1	55		425
51	51	0	0	3/8	3	1	3/8		1/4	3/2	-1	-2	58		424
51	51	0	0	3/8	2	1	3/8		1/4	3/2		-3	63		420
51	51	0	0	3/8	2	2	1/8		1/8	1		-2	70		421
51	51	0	0	3/8	1	1	3/8		1/4	3/2		-5	73		419
51	51	0	0	3/8	2	1	3/8		1/4	3/2		-5	73		420
51	51	1/8	1/8	3/8	3	2	1/8		1/8	1		-1	53		426
51	51	1/8	1/8	3/8	2	2	1/8		1/8	1		-4	68		422
51	51	1/4	1/4	3/8	3	2	1/8		1/8	1		-3	51		427
51	51	1/4	1/4	3/8	2	2	1/8		1/8	1		1	67		423
52	52	0	0	3/8	3	1	1/8		1/8	1		-4	56		434
52	52	0	0	3/8	2	1	1/8		1/8	1		-3	63		431
52	52	0	0	3/8	2	1	1/8		1/8	1		-4	68		431
52	52	0	0	3/8	1	1	1/8		1/8	1		0	72		428
52	52	0	0	3/8	2	1	1/8		1/8	1		0	72		431
52	52	1/8	1/8	3/8	3	1	1/8		1/8	1		-2	58		435
52	52	1/8	1/8	3/8	2	1	1/8		1/8	1		-5	61		432
52	52	1/8	1/8	3/8	2	1	1/8		1/8	1		1	67		432
52	52	1/8	1/8	3/8	1	1	1/8		1/8	1		-2	70		429
52	52	1/8	1/8	3/8	2	1	1/8		1/8	1		-2	70		432
52	52	1/4	1/4	3/8	3	1	1/8		1/8	1		0	60		436
52	52	1/4	1/4	3/8	2	1	1/8		1/8	1		-3	63		433
52	52	1/4	1/4	3/8	1	1	1/8		1/8	1		-4	68		430
52	52	1/4	1/4	3/8	2	1	1/8		1/8	1		-4	68		433
53	53	0	0	3/8	3	1	1/8		1/8	1		-5	49		446
53	53	0	0	3/8	2	2	1/4		1/4	1		-1	65		445
53	53	0	0	3/8	1	1	1/16		1/16	1		-2	70		437
53	53	0	0	3/8	2	1	1/16		1/16	1		-2	70		441
53	53	1/16	1/16	3/8	1	1	1/16		1/16	1		-5	73		438
53	53	1/16	1/16	3/8	2	1	1/16		1/16	1		-5	73		442
53	53	1/8	1/8	3/8	3	1	1/8		1/8	1		-3	51		447
53	53	1/8	1/8	3/8	2	1	1/8		1/8	1		-3	63		443
53	53	1/8	1/8	3/8	2	1	1/8		1/8	1		-4	68		443
53	53	1/8	1/8	3/8	1	1	1/8		1/8	1		0	72		439
53	53	1/8	1/8	3/8	2	1	1/8		1/8	1		0	72		443
53	53	1/4	1/4	3/8	3	1	1/8		1/8	1		-3	39		448
53	53	1/4	1/4	3/8	2	1	1/8		1/8	1		-2	58		444
53	53	1/4	1/4	3/8	2	1	1/8		1/8	1		-3	63		444
53	53	1/4	1/4	3/8	1	1	1/8		1/8	1		1	67		440
53	53	1/4	1/4	3/8	2	1	1/8		1/8	1		1	67		444
54	54	0	0	3/8	3	1	1/8		1/8	1		-4	44		453
54	54	0	0	3/8	2	1	1/8		1/8	1		0	60		450
54	54	0	0	3/8	2	1	1/8		1/8	1		-3	63		450
54	54	0	0	3/8	2	1	1/8		1/8	1		-4	68		450
54	54	0	0	3/8	1	1	1/4		1/4	1		-4	68		449
54	54	1/8	1/8	3/8	3	1	1/8		1/8	1		-2	46		454
54	54	1/8	1/8	3/8	2	1	1/8		1/8	1		1	55		451
54	54	1/4	1/4	3/8	3	1	1/8		1/8	1		0	48		455
54	54	1/4	1/4	3/8	2	1	1/8		1/8	1		-4	56		452
55	55	0	0	3/8	2	1	3/8		1/4	3/2		-1	65		457
55	55	0	0	3/8	2	1	3/8		1/4	3/2	1	-2	70		457
55	55	0	0	3/8	1	1	3/8		1/4	3/2		2	74		456
55	55	0	0	3/8	2	1	3/8		1/4	3/2		2	74		457
55	55	1/8	1/8	3/8	3	2	1/8		1/8	1		-2	58		459
55	55	1/8	1/8	3/8	3	1	1/4		1/4	1	1	-2	58		458
55	55	1/4	1/4	3/8	3	2	1/8		1/8	1		-4	56		460
56	56	0	0	3/8	3	2	1/8		1/8	1		1	55		467
56	56	0	0	3/8	3	1	1/4		1/4	1	-1	-2	58		466
56	56	0	0	3/8	2	1	3/8		1/4	3/2	1	-3	63		462
56	56	0	0	3/8	2	2	1/8		1/8	1	-1	-2	70		463
56	56	0	0	3/8	1	1	3/8		1/4	3/2		-5	73		461
56	56	0	0	3/8	2	1	3/8		1/4	3/2		-5	73		462
56	56	1/8	1/8	3/8	3	2	1/8		1/8	1		-1	53		468
56	56	1/8	1/8	3/8	2	2	1/8		1/8	1		-4	68		464
56	56	1/4	1/4	3/8	3	2	1/8		1/8	1		-3	51		469
56	56	1/4	1/4	3/8	2	2	1/8		1/8	1		1	67		465
57	57	0	0	3/8	3	1	1/8		1/8	1		-4	44		476
57	57	0	0	3/8	3	1	1/8		1/8	1		-4	56		476
57	57	0	0	3/8	2	1	1/8		1/8	1	-1	-3	63		473
57	57	0	0	3/8	2	1	1/8		1/8	1		-4	68		473
57	57	0	0	3/8	1	1	1/8		1/8	1		0	72		470
57	57	0	0	3/8	2	1	1/8		1/8	1		0	72		473
57	57	1/8	1/8	3/8	3	1	1/8		1/8	1		-2	46		477
57	57	1/8	1/8	3/8	2	1	1/8		1/8	1		-5	61		474
57	57	1/8	1/8	3/8	2	1	1/8		1/8	1		1	67		474
57	57	1/8	1/8	3/8	1	1	1/8		1/8	1		-2	70		471
57	57	1/8	1/8	3/8	2	1	1/8		1/8	1		-2	70		474
57	57	1/4	1/4	3/8	3	1	1/8		1/8	1		0	48		478
57	57	1/4	1/4	3/8	2	1	1/8		1/8	1		-3	63		475
57	57	1/4	1/4	3/8	1	1	1/8		1/8	1		-4	68		472
57	57	1/4	1/4	3/8	2	1	1/8		1/8	1		-4	68		475
58	58	0	0	3/8	3	2	1/8		1/8	1		-5	49		491
58	58	0	0	3/8	2	2	1/8		1/8	1		-2	58		487
58	58	0	0	3/8	1	1	1/16		1/16	1		-1	65		479
58	58	0	0	3/8	2	1	1/16		1/16	1		-1	65		483
58	58	0	0	3/8	2	2	1/8		1/8	1		-1	65		487
58	58	1/16	1/16	3/8	1	1	1/16		1/16	1		-2	70		480
58	58	1/16	1/16	3/8	2	1	1/16		1/16	1		-2	70		484
58	58	1/8	1/8	3/8	3	2	1/8		1/8	1		-3	51		492
58	58	1/8	1/8	3/8	3	1	1/4		1/4	1	1	-3	51		490
58	58	1/8	1/8	3/8	2	2	1/8		1/8	1		0	60		488
58	58	1/8	1/8	3/8	2	2	1/8		1/8	1		-3	63		488
58	58	1/8	1/8	3/8	1	1	1/8		1/8	1		-4	68		481
58	58	1/8	1/8	3/8	2	1	1/8		1/8	1		-4	68		485
58	58	1/4	1/4	3/8	3	2	1/8		1/8	1		-3	39		493
58	58	1/4	1/4	3/8	2	2	1/8		1/8	1		-2	58		489
58	58	1/4	1/4	3/8	2	2	1/8		1/8	1		-3	63		489
58	58	1/4	1/4	3/8	1	1	1/8		1/8	1		1	67		482
58	58	1/4	1/4	3/8	2	1	1/8		1/8	1		1	67		486
59	59	0	0	3/8	3	2	1/4		1/4	1		-4	44		498
59	59	0	0	3/8	3	1	1/4		1/4	1	-1	-3	51		497
59	59	0	0	3/8	2	1	1/8		1/8	1		0	60		495
59	59	0	0	3/8	2	1	1/8		1/8	1		-3	63		495
59	59	0	0	3/8	2	1	1/8		1/8	1		-4	68		495
59	59	0	0	3/8	1	1	1/4		1/4	1		-4	68		494
59	59	1/8	1/8	3/8	2	1	1/4		1/4	1		-4	68		496
59	59	1/8	1/8	3/8	2	1	1/4		1/4	1		-4	80		496
59	59	1/4	1/4	3/8	3	2	1/8		1/8	1		0	48		499
59	59	1/4	1/4	3/8	3	2	1/8		1/8	1		-3	51		499
60	60	0	0	3/8	3	2	1/8		1/8	1		-5	49		508
60	60	0	0	3/8	2	2	1/8		1/8	1		-1	65		504
60	60	0	0	3/8	2	1	1/16		1/16	1		-2	70		500
60	60	0	0	3/8	2	2	1/8		1/8	1		-2	70		504
60	60	1/16	1/16	3/8	2	1	1/16		1/16	1		-5	73		501
60	60	1/8	1/8	3/8	3	2	1/8		1/8	1		-3	51		509
60	60	1/8	1/8	3/8	3	1	1/4		1/4	1		-3	51		507
60	60	1/8	1/8	3/8	2	2	1/8		1/8	1		-3	63		505
60	60	1/8	1/8	3/8	2	2	1/8		1/8	1		-4	68		505
60	60	1/8	1/8	3/8	2	1	1/8		1/8	1		0	72		502
60	60	1/4	1/4	3/8	3	2	1/8		1/8	1		-3	39		510
60	60	1/4	1/4	3/8	2	2	1/8		1/8	1		-5	61		506
60	60	1/4	1/4	3/8	2	1	1/8		1/8	1		1	67		503
60	60	1/4	1/4	3/8	2	2	1/8		1/8	1		-2	70		506
61	61	0	0	3/8	2	1	1/8		1/8	1		0	60		511
61	61	0	0	3/8	2	1	1/8		1/8	1		-4	68		511
61	61	1/8	1/8	3/8	3	1	1/8		1/8	1		-1	53		513
61	61	1/8	1/8	3/8	2	1	1/4		1/4	1		-4	68		512
61	61	1/8	1/8	3/8	2	1	1/4		1/4	1		-4	80		512
61	61	1/4	1/4	3/8	3	1	1/8		1/8	1		0	48		514
61	61	1/4	1/4	3/8	3	1	1/8		1/8	1		-3	51		514
62	62	0	0	3/8	3	2	1/8		1/8	1		-5	49		523
62	62	0	0	3/8	2	2	1/8		1/8	1		-1	65		519
62	62	0	0	3/8	2	1	1/16		1/16	1		-2	70		515
62	62	0	0	3/8	2	2	1/8		1/8	1		-2	70		519
62	62	1/16	1/16	3/8	2	1	1/16		1/16	1		-5	73		516
62	62	1/8	1/8	3/8	3	2	1/8		1/8	1		-3	51		524
62	62	1/8	1/8	3/8	3	1	1/4		1/4	1	1	-3	51		522
62	62	1/8	1/8	3/8	2	2	1/8		1/8	1		-3	63		520
62	62	1/8	1/8	3/8	2	1	1/8		1/8	1		-4	68		517
62	62	1/8	1/8	3/8	2	2	1/8		1/8	1		-4	68		520
62	62	1/8	1/8	3/8	2	1	1/8		1/8	1		0	72		517
62	62	1/4	1/4	3/8	3	2	1/8		1/8	1		-3	39		525
62	62	1/4	1/4	3/8	2	2	1/8		1/8	1		-2	58		521
62	62	1/4	1/4	3/8	2	2	1/8		1/8	1		-3	63		521
62	62	1/4	1/4	3/8	2	1	1/8		1/8	1		1	67		518
63	63	0	0	3/8	3	2	1/4		1/4	1		-4	44		529
63	63	0	0	3/8	3	1	1/4		1/4	1	-1	-3	51		528
63	63	0	0	3/8	2	1	1/8		1/8	1		0	60		526
63	63	0	0	3/8	2	1	1/8		1/8	1		-3	63		526
63	63	0	0	3/8	2	1	1/8		1/8	1		-4	68		526
63	63	1/8	1/8	3/8	2	1	1/8		1/8	1		-4	56		527
64	64	0	0	3/8	2	1	3/8		1/4	3/2		-3	63		531
64	64	0	0	3/8	2	1	3/8		1/4	3/2		0	72		531
64	64	0	0	3/8	1	1	3/8		1/4	3/2		-3	75		530
64	64	0	0	3/8	2	1	3/8		1/4	3/2		-3	75		531
64	64	1/8	1/8	3/8	3	1	1/8		1/8	1		-4	44		532
64	64	1/8	1/8	3/8	3	1	1/8		1/8	1		-4	56		532
64	64	1/4	1/4	3/8	3	1	1/8		1/8	1		-4	44		533
64	64	1/4	1/4	3/8	3	1	1/8		1/8	1		-4	56		533
65	65	0	0	3/8	2	1	3/8		1/4	3/2		-3	63		535
65	65	0	0	3/8	2	1	3/8		1/4	3/2		-2	70		535
65	65	0	0	3/8	1	1	3/8		1/4	3/2		-3	75		534
65	65	0	0	3/8	2	1	3/8		1/4	3/2		-3	75		535
65	65	1/8	1/8	3/8	3	1	1/8		1/8	1		-6	42		536
65	65	1/8	1/8	3/8	3	1	1/8		1/8	1		-6	54		536
65	65	1/4	1/4	3/8	3	1	1/8		1/8	1		-6	42		537
65	65	1/4	1/4	3/8	3	1	1/8		1/8	1		-6	54		537
66	66	0	0	3/8	3	1	3/8		1/4	3/2	1	-1	41		544
66	66	0	0	3/8	3	1	3/8		1/4	3/2	1	-1	53		544
66	66	0	0	3/8	2	1	1/8		1/8	1		-1	65		541
66	66	0	0	3/8	2	1	1/8		1/8	1		3	69		541
66	66	0	0	3/8	1	1	1/8		1/8	1		-3	75		538
66	66	0	0	3/8	2	1	1/8		1/8	1		-3	75		541
66	66	1/8	1/8	3/8	2	1	1/8		1/8	1		-1	65		542
66	66	1/8	1/8	3/8	1	1	1/8		1/8	1		3	69		539
66	66	1/8	1/8	3/8	2	1	1/8		1/8	1		3	69		542
66	66	1/4	1/4	3/8	2	1	1/8		1/8	1		1	67		543
66	66	1/4	1/4	3/8	1	1	1/8		1/8	1		-2	70		540
66	66	1/4	1/4	3/8	2	1	1/8		1/8	1		-2	70		543
67	67	0	0	3/8	3	1	3/8		1/4	3/2	-1	-1	41		552
67	67	0	0	3/8	3	1	3/8		1/4	3/2	-1	-1	53		552
67	67	0	0	3/8	2	2	3/8		1/4	3/2		3	69		551
67	67	0	0	3/8	1	1	1/8		1/8	1		0	72		545
67	67	0	0	3/8	2	1	1/8		1/8	1		0	72		548
67	67	1/8	1/8	3/8	1	1	1/8		1/8	1		-5	73		546
67	67	1/8	1/8	3/8	2	1	1/8		1/8	1		-5	73		549
67	67	1/4	1/4	3/8	1	1	1/8		1/8	1		-3	75		547
67	67	1/4	1/4	3/8	2	1	1/8		1/8	1		-3	75		550
68	68	0	0	3/8	3	1	1/8		1/8	1		4	52		557
68	68	0	0	3/8	3	1	1/8		1/8	1		1	55		557
68	68	0	0	3/8	2	1	1/8		1/8	1		-2	70		555
68	68	0	0	3/8	2	1	1/8		1/8	1		-5	73		555
68	68	0	0	3/8	1	1	1/8		1/8	1		2	74		553
68	68	1/8	1/8	3/8	3	1	1/8		1/8	1		-1	53		558
68	68	1/8	1/8	3/8	3	1	1/8		1/8	1		3	57		558
68	68	1/8	1/8	3/8	2	1	1/8		1/8	1		3	69		556
68	68	1/8	1/8	3/8	1	1	1/8		1/8	1		0	72		554
68	68	1/8	1/8	3/8	2	1	1/8		1/8	1		0	72		556
69	69	0	0	3/8	2	1	3/8		1/4	3/2		-1	65		560
69	69	0	0	3/8	2	1	3/8		1/4	3/2		-5	73		560
69	69	0	0	3/8	1	1	3/8		1/4	3/2		-1	77		559
69	69	0	0	3/8	2	1	3/8		1/4	3/2		-1	77		560
69	69	1/8	1/8	3/8	3	1	1/8		1/8	1		-2	46		561
69	69	1/8	1/8	3/8	3	1	1/8		1/8	1		-2	58		561
69	69	1/4	1/4	3/8	3	1	1/8		1/8	1		-2	46		562
69	69	1/4	1/4	3/8	3	1	1/8		1/8	1		-2	58		562
70	70	0	0	3/8	2	1	3/8		1/4	3/2		-1	65		564
70	70	0	0	3/8	2	1	3/8		1/4	3/2		0	72		564
70	70	0	0	3/8	1	1	3/8		1/4	3/2		-1	77		563
70	70	0	0	3/8	2	1	3/8		1/4	3/2		-1	77		564
70	70	1/8	1/8	3/8	3	1	1/8		1/8	1		-4	44		565
70	70	1/8	1/8	3/8	3	1	1/8		1/8	1		-4	56		565
70	70	1/4	1/4	3/8	3	1	1/8		1/8	1		-4	44		566
70	70	1/4	1/4	3/8	3	1	1/8		1/8	1		-4	56		566
71	71	0	0	3/8	3	1	3/8		1/4	3/2	1	1	43		573
71	71	0	0	3/8	3	1	3/8		1/4	3/2	1	1	55		573
71	71	0	0	3/8	2	1	1/8		1/8	1		1	67		570
71	71	0	0	3/8	2	1	1/8		1/8	1		5	71		570
71	71	0	0	3/8	1	1	1/8		1/8	1		-1	77		567
71	71	0	0	3/8	2	1	1/8		1/8	1		-1	77		570
71	71	1/8	1/8	3/8	2	1	1/8		1/8	1		1	67		571
71	71	1/8	1/8	3/8	1	1	1/8		1/8	1		5	71		568
71	71	1/8	1/8	3/8	2	1	1/8		1/8	1		5	71		571
71	71	1/4	1/4	3/8	2	1	1/8		1/8	1		3	69		572
71	71	1/4	1/4	3/8	1	1	1/8		1/8	1		0	72		569
71	71	1/4	1/4	3/8	2	1	1/8		1/8	1		0	72		572
72	72	0	0	3/8	3	1	3/8		1/4	3/2	-1	1	43		581
72	72	0	0	3/8	3	1	3/8		1/4	3/2	-1	1	55		581
72	72	0	0	3/8	2	2	3/8		1/4	3/2		5	71		580
72	72	0	0	3/8	1	1	1/8		1/8	1		2	74		574
72	72	0	0	3/8	2	1	1/8		1/8	1		2	74		577
72	72	1/8	1/8	3/8	1	1	1/8		1/8	1		-3	75		575
72	72	1/8	1/8	3/8	2	1	1/8		1/8	1		-3	75		578
72	72	1/4	1/4	3/8	1	1	1/8		1/8	1		-1	77		576
72	72	1/4	1/4	3/8	2	1	1/8		1/8	1		-1	77		579
73	73	0	0	3/8	3	1	1/8		1/8	1		6	54		586
73	73	0	0	3/8	3	1	1/8		1/8	1		3	57		586
73	73	0	0	3/8	2	1	1/8		1/8	1		0	72		584
73	73	0	0	3/8	1	1	1/8		1/8	1		-3	75		582
73	73	0	0	3/8	2	1	1/8		1/8	1		-3	75		584
73	73	1/8	1/8	3/8	3	1	1/8		1/8	1		1	55		587
73	73	1/8	1/8	3/8	3	1	1/8		1/8	1		5	59		587
73	73	1/8	1/8	3/8	2	1	1/8		1/8	1		5	71		585
73	73	1/8	1/8	3/8	1	1	1/8		1/8	1		2	74		583
73	73	1/8	1/8	3/8	2	1	1/8		1/8	1		2	74		585
74	74	0	0	3/8	2	1	3/8		1/4	3/2		5	59		589
74	74	0	0	3/8	2	1	3/8		1/4	3/2		2	62		589
74	74	0	0	3/8	2	1	3/8		1/4	3/2		1	67		589
74	74	0	0	3/8	1	1	3/8		1/4	3/2		1	79		588
74	74	1/8	1/8	3/8	3	1	1/8		1/8	1		1	55		590
74	74	1/8	1/8	3/8	3	2	1/4		1/4	1	1	1	55		592
74	74	1/4	1/4	3/8	3	1	1/8		1/8	1		-1	53		591
75	75	0	0	3/8	3	1	1/8		1/8	1		-3	51		595
75	75	0	0	3/8	3	2	3/8		1/4	3/2	0	1	55		598
75	75	0	0	3/8	2	1	3/8		1/4	3/2		0	60		594
75	75	0	0	3/8	2	1	3/8		1/4	3/2		-3	63		594
75	75	0	0	3/8	2	1	3/8		1/4	3/2		1	67		594
75	75	0	0	3/8	1	1	3/8		1/4	3/2		1	79		593
75	75	1/8	1/8	3/8	3	1	1/8		1/8	1		2	50		596
75	75	1/4	1/4	3/8	3	1	1/8		1/8	1		0	48		597
76	76	0	0	3/8	3	1	1/8		1/8	1		1	43		601
76	76	0	0	3/8	3	2	1/8		1/8	1	-1	1	55		604
76	76	0	0	3/8	2	1	3/8		1/4	3/2		5	59		600
76	76	0	0	3/8	2	1	3/8		1/4	3/2		2	62		600
76	76	0	0	3/8	2	1	3/8		1/4	3/2		1	67		600
76	76	0	0	3/8	1	1	3/8		1/4	3/2		1	79		599
76	76	1/8	1/8	3/8	3	1	1/8		1/8	1		1	55		602
76	76	1/8	1/8	3/8	3	2	1/4		1/4	1	1	1	55		605
76	76	1/4	1/4	3/8	3	1	1/8		1/8	1		-1	53		603
77	77	0	0	3/8	3	1	1/8		1/8	1		-3	51		608
77	77	0	0	3/8	3	2	3/8		1/4	3/2	-1	1	55		611
77	77	0	0	3/8	2	1	3/8		1/4	3/2		0	60		607
77	77	0	0	3/8	2	1	3/8		1/4	3/2		-3	63		607
77	77	0	0	3/8	2	1	3/8		1/4	3/2		1	67		607
77	77	0	0	3/8	1	1	3/8		1/4	3/2		1	79		606
77	77	1/8	1/8	3/8	3	1	1/8		1/8	1		2	50		609
77	77	1/4	1/4	3/8	3	1	1/8		1/8	1		0	48		610
78	78	0	0	3/8	2	1	3/8		1/4	3/2		3	69		613
78	78	0	0	3/8	2	1	3/8		1/4	3/2	1	2	74		613
78	78	0	0	3/8	1	1	3/8		1/4	3/2		6	78		612
78	78	0	0	3/8	2	1	3/8		1/4	3/2		6	78		613
78	78	1/8	1/8	3/8	3	1	1/8		1/8	1		2	50		614
78	78	1/8	1/8	3/8	3	2	1/4		1/4	1	1	2	50		616
78	78	1/4	1/4	3/8	3	1	1/8		1/8	1		0	48		615
79	79	0	0	3/8	3	1	1/8		1/8	1		5	47		622
79	79	0	0	3/8	3	2	3/8		1/4	3/2	-1	2	50		625
79	79	0	0	3/8	2	1	3/8		1/4	3/2	1	1	67		618
79	79	0	0	3/8	2	2	1/8		1/8	1	-1	2	74		619
79	79	0	0	3/8	1	1	3/8		1/4	3/2		-1	77		617
79	79	0	0	3/8	2	1	3/8		1/4	3/2		-1	77		618
79	79	1/8	1/8	3/8	3	1	1/8		1/8	1		3	45		623
79	79	1/8	1/8	3/8	2	2	1/8		1/8	1		0	72		620
79	79	1/4	1/4	3/8	3	1	1/8		1/8	1		1	43		624
79	79	1/4	1/4	3/8	2	2	1/8		1/8	1		5	71		621
80	80	0	0	3/8	3	1	1/8		1/8	1		0	48		632
80	80	0	0	3/8	2	1	1/8		1/8	1	-1	1	67		629
80	80	0	0	3/8	2	1	1/8		1/8	1		0	72		629
80	80	0	0	3/8	1	1	1/8		1/8	1		-3	75		626
80	80	0	0	3/8	2	1	1/8		1/8	1		-3	75		629
80	80	1/8	1/8	3/8	3	1	1/8		1/8	1		2	50		633
80	80	1/8	1/8	3/8	2	1	1/8		1/8	1		-1	65		630
80	80	1/8	1/8	3/8	2	1	1/8		1/8	1		5	71		630
80	80	1/8	1/8	3/8	1	1	1/8		1/8	1		2	74		627
80	80	1/8	1/8	3/8	2	1	1/8		1/8	1		2	74		630
80	80	1/4	1/4	3/8	3	1	1/8		1/8	1		-3	51		634
80	80	1/4	1/4	3/8	2	1	1/8		1/8	1		1	67		631
80	80	1/4	1/4	3/8	1	1	1/8		1/8	1		0	72		628
80	80	1/4	1/4	3/8	2	1	1/8		1/8	1		0	72		631
81	81	0	0	3/8	3	1	1/8		1/8	1		-1	53		643
81	81	0	0	3/8	3	2	1/8		1/8	1		-1	53		645
81	81	0	0	3/8	2	1	1/16		1/16	1		-4	68		639
81	81	0	0	3/8	1	1	1/16		1/16	1		-1	77		635
81	81	0	0	3/8	2	1	1/16		1/16	1		-1	77		639
81	81	1/16	1/16	3/8	2	1	1/16		1/16	1		-1	65		640
81	81	1/16	1/16	3/8	1	1	1/16		1/16	1		2	74		636
81	81	1/16	1/16	3/8	2	1	1/16		1/16	1		2	74		640
81	81	1/8	1/8	3/8	3	2	1/8		1/8	1		1	55		646
81	81	1/8	1/8	3/8	3	1	1/4		1/4	1	1	1	55		644
81	81	1/8	1/8	3/8	2	1	1/8		1/8	1		-3	63		641
81	81	1/8	1/8	3/8	1	1	1/8		1/8	1		0	72		637
81	81	1/8	1/8	3/8	2	1	1/8		1/8	1		0	72		641
81	81	1/4	1/4	3/8	3	2	1/8		1/8	1		1	43		647
81	81	1/4	1/4	3/8	2	1	1/8		1/8	1		2	62		642
81	81	1/4	1/4	3/8	1	1	1/8		1/8	1		5	71		638
81	81	1/4	1/4	3/8	2	1	1/8		1/8	1		5	71		642
82	82	0	0	3/8	3	2	1/4		1/4	1		0	48		651
82	82	0	0	3/8	3	1	1/4		1/4	1	-1	1	55		650
82	82	0	0	3/8	2	1	1/4		1/4	1		-3	63		649
82	82	0	0	3/8	1	1	1/4		1/4	1		0	72		648
82	82	0	0	3/8	2	1	1/4		1/4	1		0	72		649
83	83	0	0	3/8	3	1	3/8		1/4	3/2	1	0	36		658
83	83	0	0	3/8	3	1	3/8		1/4	3/2	1	0	48		658
83	83	0	0	3/8	2	2	1/4		1/4	1		4	64		656
83	83	0	0	3/8	1	1	1/8		1/8	1		0	72		652
83	83	0	0	3/8	2	1	1/8		1/8	1		0	72		654
83	83	0	0	3/8	2	2	1/4		1/4	1		0	72		656
83	83	1/8	1/8	3/8	1	1	1/4		1/4	1		0	72		653
83	83	1/8	1/8	3/8	2	1	1/4		1/4	1		0	72		655
83	83	1/4	1/4	3/8	2	2	1/8		1/8	1		4	64		657
83	83	1/4	1/4	3/8	2	2	1/8		1/8	1		0	72		657
84	84	0	0	3/8	3	1	3/8		1/4	3/2	-1	0	36		665
84	84	0	0	3/8	3	1	3/8		1/4	3/2	-1	0	48		665
84	84	0	0	3/8	2	2	1/4		1/4	1		0	72		663
84	84	0	0	3/8	1	1	1/8		1/8	1		-5	73		659
84	84	0	0	3/8	2	1	1/8		1/8	1		-5	73		661
84	84	1/8	1/8	3/8	1	1	1/4		1/4	1		-5	73		660
84	84	1/8	1/8	3/8	2	1	1/4		1/4	1		-5	73		662
84	84	1/4	1/4	3/8	2	2	1/8		1/8	1		-1	65		664
84	84	1/4	1/4	3/8	2	2	1/8		1/8	1		0	72		664
85	85	0	0	3/8	3	1	3/8		1/4	3/2	1	0	36		672
85	85	0	0	3/8	3	1	3/8		1/4	3/2	1	0	48		672
85	85	0	0	3/8	2	2	1/4		1/4	1		1	67		670
85	85	0	0	3/8	2	2	1/4		1/4	1		-2	70		670
85	85	0	0	3/8	1	1	1/8		1/8	1		4	76		666
85	85	0	0	3/8	2	1	1/8		1/8	1		4	76		668
85	85	0	0	3/8	2	2	1/4		1/4	1		4	76		670
85	85	1/8	1/8	3/8	1	1	1/4		1/4	1		4	76		667
85	85	1/8	1/8	3/8	2	1	1/4		1/4	1		4	76		669
85	85	1/4	1/4	3/8	2	2	1/8		1/8	1		1	67		671
85	85	1/4	1/4	3/8	2	2	1/8		1/8	1		-2	70		671
86	86	0	0	3/8	3	1	3/8		1/4	3/2	-1	0	36		679
86	86	0	0	3/8	3	1	3/8		1/4	3/2	-1	0	48		679
86	86	0	0	3/8	2	2	1/4		1/4	1		-4	68		677
86	86	0	0	3/8	2	2	1/4		1/4	1		0	72		677
86	86	0	0	3/8	1	1	1/8		1/8	1		-1	77		673
86	86	0	0	3/8	2	1	1/8		1/8	1		-1	77		675
86	86	0	0	3/8	2	2	1/4		1/4	1		-1	77		677
86	86	1/8	1/8	3/8	1	1	1/4		1/4	1		-1	77		674
86	86	1/8	1/8	3/8	2	1	1/4		1/4	1		-1	77		676
86	86	1/4	1/4	3/8	2	2	1/8		1/8	1		-4	68		678
86	86	1/4	1/4	3/8	2	2	1/8		1/8	1		0	72		678
87	87	0	0	3/8	3	1	3/8		1/4	3/2	1	0	36		686
87	87	0	0	3/8	3	1	3/8		1/4	3/2	1	0	48		686
87	87	0	0	3/8	2	2	1/4		1/4	1		-4	68		684
87	87	0	0	3/8	2	2	1/4		1/4	1		-1	77		684
87	87	0	0	3/8	1	1	1/8		1/8	1		-4	80		680
87	87	0	0	3/8	2	1	1/8		1/8	1		-4	80		682
87	87	1/8	1/8	3/8	1	1	1/4		1/4	1		5	71		681
87	87	1/8	1/8	3/8	2	1	1/4		1/4	1		5	71		683
87	87	1/4	1/4	3/8	2	2	1/8		1/8	1		-1	65		685
87	87	1/4	1/4	3/8	2	2	1/8		1/8	1		-4	68		685
88	88	0	0	3/8	3	1	3/8		1/4	3/2	-1	0	36		693
88	88	0	0	3/8	3	1	3/8		1/4	3/2	-1	0	48		693
88	88	0	0	3/8	2	2	1/4		1/4	1		-3	63		691
88	88	0	0	3/8	2	2	1/4		1/4	1		1	67		691
88	88	0	0	3/8	1	1	1/8		1/8	1		0	72		687
88	88	0	0	3/8	2	1	1/8		1/8	1		0	72		689
88	88	1/8	1/8	3/8	1	1	1/4		1/4	1		0	72		688
88	88	1/8	1/8	3/8	2	1	1/4		1/4	1		0	72		690
88	88	1/4	1/4	3/8	2	2	1/8		1/8	1		-3	63		692
88	88	1/4	1/4	3/8	2	2	1/8		1/8	1		1	67		692
89	89	0	0	3/8	3	1	1/4		1/4	1		6	54		700
89	89	0	0	3/8	3	1	1/4		1/4	1		3	57		700
89	89	0	0	3/8	2	2	1/4		1/4	1		0	72		698
89	89	0	0	3/8	1	1	1/8		1/8	1		-3	75		694
89	89	0	0	3/8	2	1	1/8		1/8	1		-3	75		696
89	89	1/8	1/8	3/8	1	1	1/4		1/4	1		-3	75		695
89	89	1/8	1/8	3/8	2	1	1/4		1/4	1		-3	75		697
89	89	1/4	1/4	3/8	3	1	1/8		1/8	1		6	54		701
89	89	1/4	1/4	3/8	3	1	1/8		1/8	1		3	57		701
89	89	1/4	1/4	3/8	2	2	1/8		1/8	1		0	72		699
90	90	0	0	3/8	3	2	1/8		1/8	1		1	55		708
90	90	0	0	3/8	3	1	1/4		1/4	1		1	55		707
90	90	0	0	3/8	2	2	1/4		1/4	1		1	67		706
90	90	0	0	3/8	2	1	1/8		1/8	1		0	72		704
90	90	0	0	3/8	1	1	1/8		1/8	1		-3	75		702
90	90	0	0	3/8	2	1	1/8		1/8	1		-3	75		704
90	90	1/8	1/8	3/8	3	2	1/8		1/8	1		1	43		709
90	90	1/8	1/8	3/8	2	1	1/8		1/8	1		5	71		705
90	90	1/8	1/8	3/8	1	1	1/8		1/8	1		2	74		703
90	90	1/8	1/8	3/8	2	1	1/8		1/8	1		2	74		705
91	91	0	0	3/8	2	1	3/8		1/4	3/2		2	62		711
91	91	0	0	3/8	2	1	3/8		1/4	3/2		1	67		711
91	91	0	0	3/8	2	1	3/8		1/4	3/2		5	71		711
91	91	0	0	3/8	1	1	3/8		1/4	3/2		1	79		710
91	91	1/8	1/8	3/8	3	2	1/8		1/8	1		1	55		713
91	91	1/8	1/8	3/8	3	1	1/4		1/4	1	1	1	55		712
91	91	1/4	1/4	3/8	3	2	1/8		1/8	1		-1	53		714
92	92	0	0	3/8	3	1	1/8		1/8	1		-3	51		720
92	92	0	0	3/8	3	2	3/8		1/4	3/2	0	1	55		723
92	92	0	0	3/8	2	2	1/8		1/8	1		0	60		717
92	92	0	0	3/8	2	1	3/8		1/4	3/2		1	67		716
92	92	0	0	3/8	2	1	3/8		1/4	3/2		0	72		716
92	92	0	0	3/8	1	1	3/8		1/4	3/2		1	79		715
92	92	1/8	1/8	3/8	3	1	1/8		1/8	1		2	50		721
92	92	1/8	1/8	3/8	2	2	1/8		1/8	1		2	62		718
92	92	1/4	1/4	3/8	3	1	1/8		1/8	1		0	48		722
92	92	1/4	1/4	3/8	2	2	1/8		1/8	1		-3	63		719
93	93	0	0	3/8	3	2	1/8		1/8	1		1	43		729
93	93	0	0	3/8	3	1	1/8		1/8	1	-1	1	55		727
93	93	0	0	3/8	2	2	3/8		1/4	3/2		2	62		726
93	93	0	0	3/8	2	1	3/8		1/4	3/2		1	67		725
93	93	0	0	3/8	2	1	3/8		1/4	3/2		5	71		725
93	93	0	0	3/8	1	1	3/8		1/4	3/2		1	79		724
93	93	1/8	1/8	3/8	3	2	1/8		1/8	1		1	55		730
93	93	1/8	1/8	3/8	3	1	1/4		1/4	1	1	1	55		728
93	93	1/4	1/4	3/8	3	2	1/8		1/8	1		-1	53		731
94	94	0	0	3/8	3	2	1/8		1/8	1		-3	51		738
94	94	0	0	3/8	3	1	3/8		1/4	3/2	-1	1	55		737
94	94	0	0	3/8	2	2	1/8		1/8	1		0	60		734
94	94	0	0	3/8	2	1	3/8		1/4	3/2		1	67		733
94	94	0	0	3/8	2	1	3/8		1/4	3/2		0	72		733
94	94	0	0	3/8	1	1	3/8		1/4	3/2		1	79		732
94	94	1/8	1/8	3/8	3	2	1/8		1/8	1		2	50		739
94	94	1/8	1/8	3/8	2	2	1/8		1/8	1		2	62		735
94	94	1/4	1/4	3/8	3	2	1/8		1/8	1		0	48		740
94	94	1/4	1/4	3/8	2	2	1/8		1/8	1		-3	63		736
95	95	0	0	3/8	2	1	3/8		1/4	3/2		3	69		742
95	95	0	0	3/8	2	1	3/8		1/4	3/2		2	74		742
95	95	0	0	3/8	1	1	3/8		1/4	3/2		6	78		741
95	95	0	0	3/8	2	1	3/8		1/4	3/2		6	78		742
95	95	1/8	1/8	3/8	3	2	1/8		1/8	1		2	50		744
95	95	1/8	1/8	3/8	3	1	1/4		1/4	1	1	2	50		743
95	95	1/4	1/4	3/8	3	2	1/8		1/8	1		0	48		745
96	96	0	0	3/8	3	2	1/8		1/8	1		5	47		752
96	96	0	0	3/8	3	1	3/8		1/4	3/2	-1	2	50		751
96	96	0	0	3/8	2	1	3/8		1/4	3/2	1	1	67		747
96	96	0	0	3/8	2	2	1/8		1/8	1		2	74		748
96	96	0	0	3/8	1	1	3/8		1/4	3/2		-1	77		746
96	96	0	0	3/8	2	1	3/8		1/4	3/2		-1	77		747
96	96	1/8	1/8	3/8	3	2	1/8		1/8	1		3	45		753
96	96	1/8	1/8	3/8	2	2	1/8		1/8	1		0	72		749
96	96	1/4	1/4	3/8	3	2	1/8		1/8	1		1	43		754
96	96	1/4	1/4	3/8	2	2	1/8		1/8	1		5	71		750
97	97	0	0	3/8	3	1	1/8		1/8	1		0	48		761
97	97	0	0	3/8	2	1	1/8		1/8	1	-1	1	67		758
97	97	0	0	3/8	2	1	1/8		1/8	1		0	72		758
97	97	0	0	3/8	1	1	1/8		1/8	1		-3	75		755
97	97	0	0	3/8	2	1	1/8		1/8	1		-3	75		758
97	97	1/8	1/8	3/8	3	1	1/8		1/8	1		2	50		762
97	97	1/8	1/8	3/8	2	1	1/8		1/8	1		-1	65		759
97	97	1/8	1/8	3/8	2	1	1/8		1/8	1		5	71		759
97	97	1/8	1/8	3/8	1	1	1/8		1/8	1		2	74		756
97	97	1/8	1/8	3/8	2	1	1/8		1/8	1		2	74		759
97	97	1/4	1/4	3/8	3	1	1/8		1/8	1		-3	51		763
97	97	1/4	1/4	3/8	2	1	1/8		1/8	1		1	67		760
97	97	1/4	1/4	3/8	1	1	1/8		1/8	1		0	72		757
97	97	1/4	1/4	3/8	2	1	1/8		1/8	1		0	72		760
98	98	0	0	3/8	3	2	1/8		1/8	1		-1	53		776
98	98	0	0	3/8	2	2	1/8		1/8	1		-4	68		772
98	98	0	0	3/8	1	1	1/16		1/16	1		2	74		764
98	98	0	0	3/8	2	1	1/16		1/16	1		2	74		768
98	98	0	0	3/8	2	2	1/8		1/8	1		2	74		772
98	98	1/16	1/16	3/8	1	1	1/16		1/16	1		-1	77		765
98	98	1/16	1/16	3/8	2	1	1/16		1/16	1		-1	77		769
98	98	1/8	1/8	3/8	3	2	1/8		1/8	1		1	55		777
98	98	1/8	1/8	3/8	3	1	1/4		1/4	1	1	1	55		775
98	98	1/8	1/8	3/8	2	2	1/8		1/8	1		1	67		773
98	98	1/8	1/8	3/8	2	2	1/8		1/8	1		0	72		773
98	98	1/8	1/8	3/8	1	1	1/8		1/8	1		-3	75		766
98	98	1/8	1/8	3/8	2	1	1/8		1/8	1		-3	75		770
98	98	1/4	1/4	3/8	3	2	1/8		1/8	1		1	43		778
98	98	1/4	1/4	3/8	2	2	1/8		1/8	1		-1	65		774
98	98	1/4	1/4	3/8	1	1	1/8		1/8	1		5	71		767
98	98	1/4	1/4	3/8	2	1	1/8		1/8	1		5	71		771
98	98	1/4	1/4	3/8	2	2	1/8		1/8	1		2	74		774
99	99	0	0	3/8	3	1	1/8		1/8	1		0	48		783
99	99	0	0	3/8	3	1	1/8		1/8	1	-1	1	55		783
99	99	0	0	3/8	2	1	1/8		1/8	1		-3	63		780
99	99	0	0	3/8	2	1	1/8		1/8	1		0	72		780
99	99	0	0	3/8	1	1	1/4		1/4	1		0	72		779
99	99	1/8	1/8	3/8	3	1	1/8		1/8	1		2	50		784
99	99	1/8	1/8	3/8	2	1	1/8		1/8	1		5	59		781
99	99	1/4	1/4	3/8	3	1	1/8		1/8	1		-3	51		785
99	99	1/4	1/4	3/8	2	1	1/8		1/8	1		0	60		782
100	100	0	0	3/8	2	1	3/8		1/4	3/2		3	69		787
100	100	0	0	3/8	2	1	3/8		1/4	3/2		2	74		787
100	100	0	0	3/8	1	1	3/8		1/4	3/2		6	78		786
100	100	0	0	3/8	2	1	3/8		1/4	3/2		6	78		787
100	100	1/8	1/8	3/8	3	2	1/8		1/8	1		2	50		789
100	100	1/8	1/8	3/8	3	1	1/4		1/4	1	1	2	50		788
100	100	1/4	1/4	3/8	3	2	1/8		1/8	1		0	48		790
101	101	0	0	3/8	3	1	1/8		1/8	1		5	47		796
101	101	0	0	3/8	3	2	3/8		1/4	3/2	-1	2	50		799
101	101	0	0	3/8	2	1	3/8		1/4	3/2	1	1	67		792
101	101	0	0	3/8	2	2	1/8		1/8	1		2	74		793
101	101	0	0	3/8	1	1	3/8		1/4	3/2		-1	77		791
101	101	0	0	3/8	2	1	3/8		1/4	3/2		-1	77		792
101	101	1/8	1/8	3/8	3	1	1/8		1/8	1		3	45		797
101	101	1/8	1/8	3/8	2	2	1/8		1/8	1		0	72		794
101	101	1/4	1/4	3/8	3	1	1/8		1/8	1		1	43		798
101	101	1/4	1/4	3/8	2	2	1/8		1/8	1		5	71		795
102	102	0	0	3/8	3	1	1/8		1/8	1		0	48		806
102	102	0	0	3/8	2	1	1/8		1/8	1	-1	1	67		803
102	102	0	0	3/8	2	1	1/8		1/8	1		0	72		803
102	102	0	0	3/8	1	1	1/8		1/8	1		-3	75		800
102	102	0	0	3/8	2	1	1/8		1/8	1		-3	75		803
102	102	1/8	1/8	3/8	3	1	1/8		1/8	1		2	50		807
102	102	1/8	1/8	3/8	2	1	1/8		1/8	1		-1	65		804
102	102	1/8	1/8	3/8	2	1	1/8		1/8	1		5	71		804
102	102	1/8	1/8	3/8	1	1	1/8		1/8	1		2	74		801
102	102	1/8	1/8	3/8	2	1	1/8		1/8	1		2	74		804
102	102	1/4	1/4	3/8	3	1	1/8		1/8	1		-3	51		808
102	102	1/4	1/4	3/8	2	1	1/8		1/8	1		1	67		805
102	102	1/4	1/4	3/8	1	1	1/8		1/8	1		0	72		802
102	102	1/4	1/4	3/8	2	1	1/8		1/8	1		0	72		805
103	103	0	0	3/8	3	2	1/8		1/8	1		-1	53		821
103	103	0	0	3/8	2	2	1/8		1/8	1		-4	68		817
103	103	0	0	3/8	1	1	1/16		1/16	1		2	74		809
103	103	0	0	3/8	2	1	1/16		1/16	1		2	74		813
103	103	0	0	3/8	2	2	1/8		1/8	1		2	74		817
103	103	1/16	1/16	3/8	1	1	1/16		1/16	1		-1	77		810
103	103	1/16	1/16	3/8	2	1	1/16		1/16	1		-1	77		814
103	103	1/8	1/8	3/8	3	2	1/8		1/8	1		1	55		822
103	103	1/8	1/8	3/8	3	1	1/4		1/4	1	1	1	55		820
103	103	1/8	1/8	3/8	2	2	1/8		1/8	1		1	67		818
103	103	1/8	1/8	3/8	2	2	1/8		1/8	1		0	72		818
103	103	1/8	1/8	3/8	1	1	1/8		1/8	1		-3	75		811
103	103	1/8	1/8	3/8	2	1	1/8		1/8	1		-3	75		815
103	103	1/4	1/4	3/8	3	2	1/8		1/8	1		1	43		823
103	103	1/4	1/4	3/8	2	2	1/8		1/8	1		2	62		819
103	103	1/4	1/4	3/8	2	2	1/8		1/8	1		1	67		819
103	103	1/4	1/4	3/8	1	1	1/8		1/8	1		5	71		812
103	103	1/4	1/4	3/8	2	1	1/8		1/8	1		5	71		816
104	104	0	0	3/8	3	2	1/4		1/4	1		0	48		829
104	104	0	0	3/8	3	1	1/4		1/4	1	-1	1	55		827
104	104	0	0	3/8	2	1	1/8		1/8	1		-3	63		825
104	104	0	0	3/8	2	1	1/8		1/8	1		1	67		825
104	104	0	0	3/8	2	1	1/8		1/8	1		0	72		825
104	104	0	0	3/8	1	1	1/4		1/4	1		0	72		824
104	104	1/8	1/8	3/8	2	1	1/4		1/4	1		0	72		826
104	104	1/8	1/8	3/8	2	1	1/4		1/4	1		0	84		826
104	104	1/4	1/4	3/8	3	2	1/8		1/8	1		-3	51		830
104	104	1/4	1/4	3/8	3	1	1/8		1/8	1		1	55		828
105	105	0	0	3/8	3	2	1/8		1/8	1		-1	53		839
105	105	0	0	3/8	2	2	1/8		1/8	1		-4	68		835
105	105	0	0	3/8	2	1	1/16		1/16	1		2	74		831
105	105	0	0	3/8	2	2	1/8		1/8	1		2	74		835
105	105	1/16	1/16	3/8	2	1	1/16		1/16	1		-1	77		832
105	105	1/8	1/8	3/8	3	2	1/8		1/8	1		1	55		840
105	105	1/8	1/8	3/8	3	1	1/4		1/4	1		1	55		838
105	105	1/8	1/8	3/8	2	2	1/8		1/8	1		1	67		836
105	105	1/8	1/8	3/8	2	2	1/8		1/8	1		0	72		836
105	105	1/8	1/8	3/8	2	1	1/8		1/8	1		-3	75		833
105	105	1/4	1/4	3/8	3	2	1/8		1/8	1		1	43		841
105	105	1/4	1/4	3/8	2	2	1/8		1/8	1		-1	65		837
105	105	1/4	1/4	3/8	2	1	1/8		1/8	1		5	71		834
105	105	1/4	1/4	3/8	2	2	1/8		1/8	1		2	74		837
106	106	0	0	3/8	2	1	1/8		1/8	1		-3	63		842
106	106	0	0	3/8	2	1	1/8		1/8	1		0	72		842
106	106	1/8	1/8	3/8	3	1	1/8		1/8	1		-4	56		844
106	106	1/8	1/8	3/8	2	1	1/4		1/4	1		0	72		843
106	106	1/8	1/8	3/8	2	1	1/4		1/4	1		0	84		843
106	106	1/4	1/4	3/8	3	1	1/8		1/8	1		-3	51		845
106	106	1/4	1/4	3/8	3	1	1/8		1/8	1		1	55		845
107	107	0	0	3/8	3	2	1/8		1/8	1		-1	53		854
107	107	0	0	3/8	2	2	1/8		1/8	1		-4	68		850
107	107	0	0	3/8	2	1	1/16		1/16	1		2	74		846
107	107	0	0	3/8	2	2	1/8		1/8	1		2	74		850
107	107	1/16	1/16	3/8	2	1	1/16		1/16	1		-1	77		847
107	107	1/8	1/8	3/8	3	2	1/8		1/8	1		1	55		855
107	107	1/8	1/8	3/8	3	1	1/4		1/4	1	1	1	55		853
107	107	1/8	1/8	3/8	2	2	1/8		1/8	1		1	67		851
107	107	1/8	1/8	3/8	2	2	1/8		1/8	1		0	72		851
107	107	1/8	1/8	3/8	2	1	1/8		1/8	1		-3	75		848
107	107	1/4	1/4	3/8	3	2	1/8		1/8	1		1	43		856
107	107	1/4	1/4	3/8	2	2	1/8		1/8	1		2	62		852
107	107	1/4	1/4	3/8	2	2	1/8		1/8	1		1	67		852
107	107	1/4	1/4	3/8	2	1	1/8		1/8	1		5	71		849
108	108	0	0	3/8	3	2	1/4		1/4	1		0	48		860
108	108	0	0	3/8	3	1	1/4		1/4	1	-1	1	55		859
108	108	0	0	3/8	2	1	1/8		1/8	1		-3	63		857
108	108	0	0	3/8	2	1	1/8		1/8	1		1	67		857
108	108	0	0	3/8	2	1	1/8		1/8	1		0	72		857
108	108	1/8	1/8	3/8	2	1	1/8		1/8	1		0	60		858
