mc	mn	mc_onset	mn_onset	timesig	staff	voice	duration	nominal_duration	scalar	tied	tpc	midi	volta	chord_id
1	1	0	0	2/4	3	2	1/4	1/4	1		-3	51		6
1	1	0	0	2/4	2	1	1/8	1/8	1		-3	75		0
1	1	1/8	1/8	2/4	3	1	1/8	1/8	1		1	55		4
1	1	1/8	1/8	2/4	3	1	1/8	1/8	1		-2	58		4
1	1	1/8	1/8	2/4	2	1	1/4	1/4	1		-3	75		1
1	1	1/4	1/4	2/4	3	2	1/4	1/4	1		-3	51		7
1	1	3/8	3/8	2/4	3	1	1/8	1/8	1		1	55		5
1	1	3/8	3/8	2/4	3	1	1/8	1/8	1		-2	58		5
1	1	3/8	3/8	2/4	2	1	1/16	1/16	1		-1	77		2
1	1	7/16	7/16	2/4	2	1	1/16	1/16	1		1	79		3
2	2	0	0	2/4	3	2	1/4	1/4	1		-3	51		14
2	2	0	0	2/4	2	1	1/8	1/8	1		-1	77		8
2	2	1/8	1/8	2/4	3	1	1/8	1/8	1		-4	56		12
2	2	1/8	1/8	2/4	3	1	1/8	1/8	1		0	60		12
2	2	1/8	1/8	2/4	2	1	1/4	1/4	1		-1	77		9
2	2	1/4	1/4	2/4	3	2	1/4	1/4	1		-3	51		15
2	2	3/8	3/8	2/4	3	1	1/8	1/8	1		-4	56		13
2	2	3/8	3/8	2/4	3	1	1/8	1/8	1		0	60		13
2	2	3/8	3/8	2/4	2	1	1/16	1/16	1		1	79		10
2	2	7/16	7/16	2/4	2	1	1/16	1/16	1		-1	77		11
3	3	0	0	2/4	3	2	1/4	1/4	1		2	50		22
3	3	0	0	2/4	2	1	1/8	1/8	1		0	84		16
3	3	1/8	1/8	2/4	3	1	1/8	1/8	1		-1	53		20
3	3	1/8	1/8	2/4	3	1	1/8	1/8	1		-4	56		20
3	3	1/8	1/8	2/4	2	1	1/4	1/4	1		0	84		17
3	3	1/4	1/4	2/4	3	2	1/4	1/4	1		-2	46		23
3	3	3/8	3/8	2/4	3	1	1/8	1/8	1		2	50		21
3	3	3/8	3/8	2/4	3	1	1/8	1/8	1		-1	53		21
3	3	3/8	3/8	2/4	3	1	1/8	1/8	1		-2	58		21
3	3	3/8	3/8	2/4	2	1	1/16	1/16	1		-2	82		18
3	3	7/16	7/16	2/4	2	1	1/16	1/16	1		-4	80		19
4	4	0	0	2/4	3	2	1/4	1/4	1		-3	51		30
4	4	0	0	2/4	2	1	1/8	1/8	1		1	79		24
4	4	1/8	1/8	2/4	3	1	1/8	1/8	1		1	55		28
4	4	1/8	1/8	2/4	3	1	1/8	1/8	1		-2	58		28
4	4	1/8	1/8	2/4	2	1	1/4	1/4	1		-1	77		25
4	4	1/4	1/4	2/4	3	2	1/4	1/4	1		-3	51		31
4	4	3/8	3/8	2/4	3	1	1/8	1/8	1		1	55		29
4	4	3/8	3/8	2/4	3	1	1/8	1/8	1		-2	58		29
4	4	3/8	3/8	2/4	2	1	1/16	1/16	1		2	74		26
4	4	7/16	7/16	2/4	2	1	1/16	1/16	1		-3	75		27
5	5	0	0	2/4	3	2	1/4	1/4	1		-3	51		38
5	5	0	0	2/4	2	1	1/8	1/8	1		0	84		32
5	5	1/8	1/8	2/4	3	1	1/8	1/8	1		-1	53		36
5	5	1/8	1/8	2/4	3	1	1/8	1/8	1		-4	56		36
5	5	1/8	1/8	2/4	2	1	1/4	1/4	1		0	84		33
5	5	1/4	1/4	2/4	3	2	1/4	1/4	1		2	50		39
5	5	3/8	3/8	2/4	3	1	1/8	1/8	1		-1	53		37
5	5	3/8	3/8	2/4	3	1	1/8	1/8	1		-2	58		37
5	5	3/8	3/8	2/4	2	1	1/16	1/16	1		-2	82		34
5	5	7/16	7/16	2/4	2	1	1/16	1/16	1		-4	80		35
6	6	0	0	2/4	3	2	1/4	1/4	1		-3	51		46
6	6	0	0	2/4	2	1	1/16	1/16	1		1	79		40
6	6	1/16	1/16	2/4	2	1	1/16	1/16	1		-1	77		41
6	6	1/8	1/8	2/4	3	1	1/8	1/8	1		1	55		44
6	6	1/8	1/8	2/4	3	1	1/8	1/8	1		-2	58		44
6	6	1/8	1/8	2/4	2	1	1/8	1/8	1		-3	75		42
6	6	1/4	1/4	2/4	3	2	1/4	1/4	1		-3	39		47
6	6	3/8	3/8	2/4	3	1	1/8	1/8	1		-3	51		45
6	6	3/8	3/8	2/4	2	1	1/8	1/8	1		1	67		43
7	7	0	0	2/4	3	2	1/4	1/4	1		1	55		52
7	7	0	0	2/4	2	1	1/8	1/8	1		-3	63		48
7	7	0	0	2/4	2	1	1/8	1/8	1		-2	70		48
7	7	1/8	1/8	2/4	2	1	1/8	1/8	1		-2	58		49
7	7	1/4	1/4	2/4	3	2	1/4	1/4	1		-3	51		53
7	7	1/4	1/4	2/4	2	1	1/4	1/4	1		-2	58		50
7	7	3/8	3/8	2/4	3	1	1/8	1/8	1		1	55		51
8	8	0	0	2/4	3	2	1/4	1/4	1		-1	53		58
8	8	0	0	2/4	2	1	1/8	1/8	1		2	62		54
8	8	0	0	2/4	2	1	1/8	1/8	1		-4	68		54
8	8	1/8	1/8	2/4	2	1	1/8	1/8	1		-2	58		55
8	8	1/4	1/4	2/4	3	2	1/4	1/4	1		2	50		59
8	8	1/4	1/4	2/4	2	1	1/4	1/4	1		-2	58		56
8	8	3/8	3/8	2/4	3	1	1/8	1/8	1		-1	53		57
9	9	0	0	2/4	3	2	1/4	1/4	1		-3	51		65
9	9	0	0	2/4	2	1	1/8	1/8	1		-3	63		60
9	9	0	0	2/4	2	1	1/8	1/8	1		1	67		60
9	9	1/8	1/8	2/4	3	1	1/8	1/8	1		1	55		63
9	9	1/8	1/8	2/4	2	1	1/4	1/4	1		-3	63		61
9	9	1/8	1/8	2/4	2	1	1/4	1/4	1		-2	70		61
9	9	1/8	1/8	2/4	2	1	1/4	1/4	1		-3	75		61
9	9	1/4	1/4	2/4	3	2	1/4	1/4	1		3	45		66
9	9	3/8	3/8	2/4	3	1	1/8	1/8	1		0	60		64
9	9	3/8	3/8	2/4	2	1	1/8	1/8	1		-3	63		62
9	9	3/8	3/8	2/4	2	1	1/8	1/8	1		1	67		62
10	10	0	0	2/4	3	2	1/4	1/4	1		-2	46		72
10	10	0	0	2/4	2	1	1/8	1/8	1		-3	63		67
10	10	0	0	2/4	2	1	1/8	1/8	1		1	67		67
10	10	1/8	1/8	2/4	3	1	1/8	1/8	1		-2	58		70
10	10	1/8	1/8	2/4	2	1	1/8	1/8	1		2	62		68
10	10	1/8	1/8	2/4	2	1	1/8	1/8	1		-1	65		68
10	10	1/4	1/4	2/4	3	2	1/4	1/4	1		1	55		73
10	10	3/8	3/8	2/4	3	1	1/8	1/8	1		-2	58		71
10	10	3/8	3/8	2/4	3	1	1/8	1/8	1		-3	63		71
10	10	3/8	3/8	2/4	2	1	1/8	1/8	1		-2	70		69
11	11	0	0	2/4	3	2	1/4	1/4	1		-4	56		79
11	11	0	0	2/4	2	1	1/8	1/8	1		0	72		74
11	11	1/8	1/8	2/4	3	1	1/8	1/8	1		0	60		77
11	11	1/8	1/8	2/4	3	1	1/8	1/8	1		-3	63		77
11	11	1/8	1/8	2/4	2	1	1/4	1/4	1		0	72		75
11	11	1/4	1/4	2/4	3	2	1/4	1/4	1		-1	53		80
11	11	3/8	3/8	2/4	3	1	1/8	1/8	1		-4	56		78
11	11	3/8	3/8	2/4	3	1	1/8	1/8	1		-1	65		78
11	11	3/8	3/8	2/4	2	1	1/8	1/8	1		2	74		76
12	12	0	0	2/4	3	2	1/4	1/4	1		1	55		86
12	12	0	0	2/4	2	1	1/8	1/8	1		-3	75		81
12	12	1/8	1/8	2/4	3	1	1/8	1/8	1		-2	58		84
12	12	1/8	1/8	2/4	2	1	1/4	1/4	1		-3	63		82
12	12	1/4	1/4	2/4	3	2	1/4	1/4	1		-3	51		87
12	12	3/8	3/8	2/4	3	1	1/8	1/8	1		1	55		85
12	12	3/8	3/8	2/4	3	1	1/8	1/8	1		-3	63		85
12	12	3/8	3/8	2/4	2	1	1/8	1/8	1		-2	70		83
13	13	0	0	2/4	3	2	1/4	1/4	1		-4	56		93
13	13	0	0	2/4	2	1	1/8	1/8	1		0	72		88
13	13	1/8	1/8	2/4	3	1	1/8	1/8	1		0	60		91
13	13	1/8	1/8	2/4	3	1	1/8	1/8	1		-3	63		91
13	13	1/8	1/8	2/4	2	1	1/4	1/4	1		0	72		89
13	13	1/4	1/4	2/4	3	2	1/4	1/4	1		-1	53		94
13	13	3/8	3/8	2/4	3	1	1/8	1/8	1		-4	56		92
13	13	3/8	3/8	2/4	3	1	1/8	1/8	1		-1	65		92
13	13	3/8	3/8	2/4	2	1	1/8	1/8	1		2	74		90
14	14	0	0	2/4	3	2	1/4	1/4	1		1	55		100
14	14	0	0	2/4	2	1	1/8	1/8	1		-3	75		95
14	14	1/8	1/8	2/4	3	1	1/8	1/8	1		-2	58		98
14	14	1/8	1/8	2/4	2	1	1/4	1/4	1		-3	63		96
14	14	1/4	1/4	2/4	3	2	1/4	1/4	1		-3	51		101
14	14	3/8	3/8	2/4	3	1	1/8	1/8	1		-2	58		99
14	14	3/8	3/8	2/4	3	1	1/8	1/8	1		-3	63		99
14	14	3/8	3/8	2/4	2	1	1/8	1/8	1		1	67		97
14	14	3/8	3/8	2/4	2	1	1/8	1/8	1		-2	70		97
15	15	0	0	2/4	3	2	1/4	1/4	1		-1	53		107
15	15	0	0	2/4	2	1	1/8	1/8	1		-1	65		102
15	15	0	0	2/4	2	1	1/8	1/8	1		-4	68		102
15	15	1/8	1/8	2/4	3	1	1/8	1/8	1		2	62		105
15	15	1/8	1/8	2/4	2	1	1/4	1/4	1		-4	68		103
15	15	1/8	1/8	2/4	2	1	1/4	1/4	1		-1	77		103
15	15	1/4	1/4	2/4	3	2	1/4	1/4	1		-3	51		108
15	15	3/8	3/8	2/4	3	1	1/8	1/8	1		-1	53		106
15	15	3/8	3/8	2/4	2	1	1/8	1/8	1		-1	65		104
15	15	3/8	3/8	2/4	2	1	1/8	1/8	1		-4	68		104
16	16	0	0	2/4	3	2	1/4	1/4	1		2	50		114
16	16	0	0	2/4	2	1	1/8	1/8	1		-1	65		109
16	16	0	0	2/4	2	1	1/8	1/8	1		-4	68		109
16	16	1/8	1/8	2/4	3	1	1/8	1/8	1		-1	53		112
16	16	1/8	1/8	2/4	2	1	1/4	1/4	1		-4	68		110
16	16	1/8	1/8	2/4	2	1	1/4	1/4	1		-1	77		110
16	16	1/4	1/4	2/4	3	2	1/4	1/4	1		0	48		115
16	16	3/8	3/8	2/4	3	1	1/8	1/8	1		-1	53		113
16	16	3/8	3/8	2/4	2	1	1/8	1/8	1		-1	65		111
16	16	3/8	3/8	2/4	2	1	1/8	1/8	1		-4	68		111
17	17	0	0	2/4	3	2	1/4	1/4	1		-2	46		121
17	17	0	0	2/4	2	1	1/8	1/8	1		-1	65		116
17	17	0	0	2/4	2	1	1/8	1/8	1		-4	68		116
17	17	1/8	1/8	2/4	3	1	1/8	1/8	1		-1	53		119
17	17	1/8	1/8	2/4	2	1	1/4	1/4	1		-1	77		117
17	17	1/8	1/8	2/4	2	1	1/4	1/4	1		-4	80		117
17	17	1/4	1/4	2/4	3	2	1/4	1/4	1		2	50		122
17	17	3/8	3/8	2/4	3	1	1/8	1/8	1		-2	58		120
17	17	3/8	3/8	2/4	2	1	1/8	1/8	1		-1	77		118
17	17	3/8	3/8	2/4	2	1	1/8	1/8	1		-4	80		118
18	18	0	0	2/4	3	2	1/4	1/4	1		-3	51		134
18	18	0	0	2/4	2	2	1/4	1/4	1		-2	70		129
18	18	0	0	2/4	2	1	1/16	1/16	1		-4	80		123
18	18	1/16	1/16	2/4	2	1	1/16	1/16	1		1	79		124
18	18	1/8	1/8	2/4	3	1	1/8	1/8	1		-2	58		132
18	18	1/8	1/8	2/4	2	1	1/16	1/16	1		-1	77		125
18	18	3/16	3/16	2/4	2	1	1/16	1/16	1		1	79		126
18	18	1/4	1/4	2/4	3	2	1/4	1/4	1		-4	44		135
18	18	1/4	1/4	2/4	2	2	1/8	1/8	1		0	72		130
18	18	1/4	1/4	2/4	2	1	1/8	1/8	1		-4	80		127
18	18	3/8	3/8	2/4	3	1	1/8	1/8	1		0	60		133
18	18	3/8	3/8	2/4	2	2	1/8	1/8	1		-4	68		131
18	18	3/8	3/8	2/4	2	1	1/8	1/8	1		-1	77		128
19	19	0	0	2/4	3	2	1/4	1/4	1		-2	46		140
19	19	0	0	2/4	2	1	1/4	1/4	1		1	67		136
19	19	0	0	2/4	2	1	1/4	1/4	1		-3	75		136
19	19	1/8	1/8	2/4	3	1	1/8	1/8	1		-2	58		138
19	19	1/4	1/4	2/4	3	2	1/4	1/4	1		-2	46		141
19	19	1/4	1/4	2/4	2	1	1/4	1/4	1		-1	65		137
19	19	1/4	1/4	2/4	2	1	1/4	1/4	1		2	74		137
19	19	3/8	3/8	2/4	3	1	1/8	1/8	1		-4	56		139
20	20	0	0	2/4	3	2	1/4	1/4	1		-3	51		147
20	20	0	0	2/4	2	1	1/8	1/8	1		-3	63		142
20	20	1/8	1/8	2/4	3	1	1/8	1/8	1		1	55		145
20	20	1/8	1/8	2/4	2	1	1/4	1/4	1		-3	63		143
20	20	1/8	1/8	2/4	2	1	1/4	1/4	1		-3	75		143
20	20	1/4	1/4	2/4	3	2	1/4	1/4	1		1	43		148
20	20	3/8	3/8	2/4	3	1	1/8	1/8	1		-2	58		146
20	20	3/8	3/8	2/4	2	1	1/8	1/8	1		-3	63		144
20	20	3/8	3/8	2/4	2	1	1/8	1/8	1	1	-3	75		144
21	21	0	0	2/4	3	2	1/4	1/4	1		-4	44		162
21	21	0	0	2/4	2	2	1/8	1/8	1		-1	65		155
21	21	0	0	2/4	2	1	1/8	1/8	1	-1	-3	75		149
21	21	1/8	1/8	2/4	3	1	1/8	1/8	1		0	60		159
21	21	1/8	1/8	2/4	2	1	1/16	1/16	1		-1	65		150
21	21	1/8	1/8	2/4	2	2	1/8	1/8	1		-1	65		156
21	21	3/16	3/16	2/4	2	1	1/16	1/16	1		-4	68		151
21	21	1/4	1/4	2/4	3	2	1/4	1/4	1		-2	46		163
21	21	1/4	1/4	2/4	3	1	1/8	1/8	1		-2	58		160
21	21	1/4	1/4	2/4	2	2	1/8	1/8	1		-3	63		157
21	21	1/4	1/4	2/4	2	1	1/8	1/8	1		1	67		152
21	21	3/8	3/8	2/4	3	1	1/8	1/8	1		-4	56		161
21	21	3/8	3/8	2/4	2	1	1/16	1/16	1		2	62		153
21	21	3/8	3/8	2/4	2	2	1/8	1/8	1		2	62		158
21	21	7/16	7/16	2/4	2	1	1/16	1/16	1		-1	65		154
22	22	0	0	2/4	3	2	1/4	1/4	1		0	48		169
22	22	0	0	2/4	2	1	1/8	1/8	1		-3	63		164
22	22	1/8	1/8	2/4	3	1	1/8	1/8	1		1	55		167
22	22	1/8	1/8	2/4	2	1	1/4	1/4	1		-3	63		165
22	22	1/8	1/8	2/4	2	1	1/4	1/4	1		-3	75		165
22	22	1/4	1/4	2/4	3	2	1/4	1/4	1		1	43		170
22	22	3/8	3/8	2/4	3	1	1/8	1/8	1		-2	58		168
22	22	3/8	3/8	2/4	2	1	1/8	1/8	1		-3	63		166
22	22	3/8	3/8	2/4	2	1	1/8	1/8	1	1	-3	75		166
23	23	0	0	2/4	3	2	1/4	1/4	1		-4	44		184
23	23	0	0	2/4	2	2	1/8	1/8	1		-1	65		177
23	23	0	0	2/4	2	1	1/8	1/8	1	-1	-3	75		171
23	23	1/8	1/8	2/4	3	1	1/8	1/8	1		0	60		181
23	23	1/8	1/8	2/4	2	1	1/16	1/16	1		-1	65		172
23	23	1/8	1/8	2/4	2	2	1/8	1/8	1		-1	65		178
23	23	3/16	3/16	2/4	2	1	1/16	1/16	1		-4	68		173
23	23	1/4	1/4	2/4	3	2	1/4	1/4	1		-2	46		185
23	23	1/4	1/4	2/4	3	1	1/8	1/8	1		-2	58		182
23	23	1/4	1/4	2/4	2	2	1/8	1/8	1		-3	63		179
23	23	1/4	1/4	2/4	2	1	1/8	1/8	1		1	67		174
23	23	3/8	3/8	2/4	3	1	1/8	1/8	1		-4	56		183
23	23	3/8	3/8	2/4	2	1	1/16	1/16	1		2	62		175
23	23	3/8	3/8	2/4	2	2	1/8	1/8	1		2	62		180
23	23	7/16	7/16	2/4	2	1	1/16	1/16	1		-1	65		176
24	24	0	0	2/4	3	2	1/4	1/4	1		-3	51		190
24	24	0	0	2/4	3	1	1/4	1/4	1		1	55		189
24	24	0	0	2/4	2	1	1/8	1/8	1		-2	58		186
24	24	0	0	2/4	2	1	1/8	1/8	1		-3	63		186
24	24	1/8	1/8	2/4	2	1	1/8	1/8	1		-2	58		187
24	24	1/4	1/4	2/4	2	1	1/4	1/4	1		1	55		188
25	25	0	0	2/4	3	1	1/4	1/4	1		-3	51		197
25	25	0	0	2/4	1	1	1/8	1/8	1		-3	63		191
25	25	1/8	1/8	2/4	2	1	1/8	1/8	1		-3	63		195
25	25	1/8	1/8	2/4	1	1	1/4	1/4	1		-3	63		192
25	25	1/8	1/8	2/4	2	1	1/8	1/8	1		1	67		195
25	25	1/8	1/8	2/4	2	1	1/8	1/8	1		-2	70		195
25	25	1/4	1/4	2/4	3	1	1/4	1/4	1		-3	51		198
25	25	3/8	3/8	2/4	2	1	1/8	1/8	1		-3	63		196
25	25	3/8	3/8	2/4	1	1	1/16	1/16	1		-1	65		193
25	25	3/8	3/8	2/4	2	1	1/8	1/8	1		1	67		196
25	25	3/8	3/8	2/4	2	1	1/8	1/8	1		-2	70		196
25	25	7/16	7/16	2/4	1	1	1/16	1/16	1		1	67		194
26	26	0	0	2/4	3	1	1/4	1/4	1		-3	51		205
26	26	0	0	2/4	1	1	1/8	1/8	1		-1	65		199
26	26	1/8	1/8	2/4	2	1	1/8	1/8	1		0	60		203
26	26	1/8	1/8	2/4	2	1	1/8	1/8	1		-1	65		203
26	26	1/8	1/8	2/4	1	1	1/4	1/4	1		-1	65		200
26	26	1/8	1/8	2/4	2	1	1/8	1/8	1		-4	68		203
26	26	1/4	1/4	2/4	3	1	1/4	1/4	1		-3	51		206
26	26	3/8	3/8	2/4	2	1	1/8	1/8	1		0	60		204
26	26	3/8	3/8	2/4	2	1	1/8	1/8	1		-1	65		204
26	26	3/8	3/8	2/4	1	1	1/16	1/16	1		1	67		201
26	26	3/8	3/8	2/4	2	1	1/8	1/8	1		-4	68		204
26	26	7/16	7/16	2/4	1	1	1/16	1/16	1		-1	65		202
27	27	0	0	2/4	3	1	1/4	1/4	1		2	50		212
27	27	0	0	2/4	3	1	1/4	1/4	1		-1	53		212
27	27	0	0	2/4	1	1	1/8	1/8	1		0	72		207
27	27	1/8	1/8	2/4	2	1	1/4	1/4	1		-4	68		211
27	27	1/8	1/8	2/4	1	1	1/4	1/4	1		0	72		208
27	27	1/8	1/8	2/4	2	1	1/4	1/4	1		0	72		211
27	27	1/4	1/4	2/4	3	1	1/4	1/4	1		-2	58		213
27	27	3/8	3/8	2/4	1	1	1/16	1/16	1		-2	70		209
27	27	7/16	7/16	2/4	1	1	1/16	1/16	1		-4	68		210
28	28	0	0	2/4	3	1	1/4	1/4	1		-3	51		220
28	28	0	0	2/4	1	1	1/8	1/8	1		1	67		214
28	28	1/8	1/8	2/4	2	1	1/8	1/8	1		-2	58		218
28	28	1/8	1/8	2/4	2	1	1/8	1/8	1		-3	63		218
28	28	1/8	1/8	2/4	1	1	1/4	1/4	1		-1	65		215
28	28	1/8	1/8	2/4	2	1	1/8	1/8	1		1	67		218
28	28	1/4	1/4	2/4	3	1	1/4	1/4	1		-3	51		221
28	28	3/8	3/8	2/4	2	1	1/8	1/8	1		-2	58		219
28	28	3/8	3/8	2/4	1	1	1/16	1/16	1		2	62		216
28	28	3/8	3/8	2/4	2	1	1/8	1/8	1		-3	63		219
28	28	3/8	3/8	2/4	2	1	1/8	1/8	1		1	67		219
28	28	7/16	7/16	2/4	1	1	1/16	1/16	1		-3	63		217
29	29	0	0	2/4	3	1	1/4	1/4	1		-3	51		228
29	29	0	0	2/4	1	1	1/8	1/8	1		0	72		222
29	29	1/8	1/8	2/4	2	1	1/8	1/8	1		0	60		226
29	29	1/8	1/8	2/4	2	1	1/8	1/8	1		-1	65		226
29	29	1/8	1/8	2/4	2	1	1/8	1/8	1		-4	68		226
29	29	1/8	1/8	2/4	1	1	1/4	1/4	1		0	72		223
29	29	1/4	1/4	2/4	3	1	1/4	1/4	1		2	50		229
29	29	3/8	3/8	2/4	2	1	1/8	1/8	1		-2	58		227
29	29	3/8	3/8	2/4	2	1	1/8	1/8	1		-1	65		227
29	29	3/8	3/8	2/4	2	1	1/8	1/8	1		-4	68		227
29	29	3/8	3/8	2/4	1	1	1/16	1/16	1		-2	70		224
29	29	7/16	7/16	2/4	1	1	1/16	1/16	1		-4	68		225
30	30	0	0	2/4	3	1	1/4	1/4	1		-3	51		235
30	30	0	0	2/4	1	1	1/16	1/16	1		1	67		230
30	30	1/16	1/16	2/4	1	1	1/16	1/16	1		-1	65		231
30	30	1/8	1/8	2/4	2	1	1/8	1/8	1		-2	58		233
30	30	1/8	1/8	2/4	1	1	1/8	1/8	1		-3	63		232
30	30	1/8	1/8	2/4	2	1	1/8	1/8	1		-3	63		233
30	30	1/8	1/8	2/4	2	1	1/8	1/8	1		1	67		233
30	30	1/4	1/4	2/4	3	1	1/4	1/4	1		-3	51		236
30	30	3/8	3/8	2/4	2	1	1/8	1/8	1		-2	58		234
30	30	3/8	3/8	2/4	2	1	1/8	1/8	1		-3	63		234
30	30	3/8	3/8	2/4	2	1	1/8	1/8	1		1	67		234
31	31	0	0	2/4	3	1	1/4	1/4	1		1	55		241
31	31	0	0	2/4	1	1	1/8	1/8	1		-2	70		237
31	31	1/8	1/8	2/4	2	1	1/8	1/8	1		-2	58		239
31	31	1/8	1/8	2/4	2	1	1/8	1/8	1		-3	63		239
31	31	1/8	1/8	2/4	2	1	1/8	1/8	1		-2	70		239
31	31	1/8	1/8	2/4	1	1	3/8	1/4	3/2		-2	70		238
31	31	1/4	1/4	2/4	3	1	1/4	1/4	1		-3	51		242
31	31	3/8	3/8	2/4	2	1	1/8	1/8	1		-3	63		240
31	31	3/8	3/8	2/4	2	1	1/8	1/8	1		1	67		240
31	31	3/8	3/8	2/4	2	1	1/8	1/8	1		-2	70		240
32	32	0	0	2/4	3	1	1/4	1/4	1		-1	53		247
32	32	0	0	2/4	1	1	1/8	1/8	1		-4	68		243
32	32	1/8	1/8	2/4	2	1	1/8	1/8	1		0	60		245
32	32	1/8	1/8	2/4	2	1	1/8	1/8	1		-1	65		245
32	32	1/8	1/8	2/4	2	1	1/8	1/8	1		-4	68		245
32	32	1/8	1/8	2/4	1	1	3/8	1/4	3/2		-4	68		244
32	32	1/4	1/4	2/4	3	1	1/4	1/4	1		2	50		248
32	32	3/8	3/8	2/4	2	1	1/8	1/8	1		-2	58		246
32	32	3/8	3/8	2/4	2	1	1/8	1/8	1		-1	65		246
32	32	3/8	3/8	2/4	2	1	1/8	1/8	1		-4	68		246
33	33	0	0	2/4	3	1	1/4	1/4	1		-3	51		255
33	33	0	0	2/4	1	1	1/8	1/8	1		1	67		249
33	33	1/8	1/8	2/4	2	1	1/8	1/8	1		-2	58		252
33	33	1/8	1/8	2/4	2	1	1/8	1/8	1		-3	63		252
33	33	1/8	1/8	2/4	2	1	1/8	1/8	1		1	67		252
33	33	1/8	1/8	2/4	1	1	1/4	1/4	1		-3	75		250
33	33	1/4	1/4	2/4	3	1	1/4	1/4	1		3	45		256
33	33	1/4	1/4	2/4	2	2	1/4	1/4	1		0	60		254
33	33	3/8	3/8	2/4	2	1	1/8	1/8	1		-3	63		253
33	33	3/8	3/8	2/4	1	1	1/8	1/8	1		1	67		251
33	33	3/8	3/8	2/4	2	1	1/8	1/8	1		1	67		253
34	34	0	0	2/4	3	1	1/4	1/4	1		-2	46		263
34	34	0	0	2/4	2	2	1/4	1/4	1		-2	58		262
34	34	0	0	2/4	2	1	1/8	1/8	1		-3	63		259
34	34	0	0	2/4	1	1	1/8	1/8	1		1	67		257
34	34	0	0	2/4	2	1	1/8	1/8	1		1	67		259
34	34	1/8	1/8	2/4	2	1	1/8	1/8	1		2	62		260
34	34	1/8	1/8	2/4	1	1	1/8	1/8	1		-1	65		258
34	34	1/8	1/8	2/4	2	1	1/8	1/8	1		-1	65		260
34	34	1/4	1/4	2/4	3	1	1/4	1/4	1		-2	46		264
34	34	3/8	3/8	2/4	2	1	1/8	1/8	1		2	62		261
34	34	3/8	3/8	2/4	2	1	1/8	1/8	1		-1	65		261
35	35	0	0	2/4	3	1	1/4	1/4	1		2	50		269
35	35	0	0	2/4	1	1	1/4	1/4	1		-2	70		265
35	35	1/8	1/8	2/4	2	1	1/8	1/8	1		2	62		267
35	35	1/8	1/8	2/4	2	1	1/8	1/8	1		-1	65		267
35	35	1/8	1/8	2/4	2	1	1/8	1/8	1		-2	70		267
35	35	1/4	1/4	2/4	3	1	1/4	1/4	1		4	52		270
35	35	1/4	1/4	2/4	1	1	1/4	1/4	1		-2	70		266
35	35	3/8	3/8	2/4	2	1	1/8	1/8	1		0	60		268
35	35	3/8	3/8	2/4	2	1	1/8	1/8	1		1	67		268
35	35	3/8	3/8	2/4	2	1	1/8	1/8	1		-2	70		268
36	36	0	0	2/4	3	1	1/4	1/4	1		-1	53		275
36	36	0	0	2/4	1	1	1/4	1/4	1		-2	70		271
36	36	1/8	1/8	2/4	2	1	1/8	1/8	1		0	60		273
36	36	1/8	1/8	2/4	2	1	1/8	1/8	1		-1	65		273
36	36	1/8	1/8	2/4	2	1	1/8	1/8	1		-2	70		273
36	36	1/4	1/4	2/4	3	1	1/4	1/4	1		-1	41		276
36	36	1/4	1/4	2/4	1	1	1/4	1/4	1		3	69		272
36	36	3/8	3/8	2/4	2	1	1/8	1/8	1		0	60		274
36	36	3/8	3/8	2/4	2	1	1/8	1/8	1		-1	65		274
36	36	3/8	3/8	2/4	2	1	1/8	1/8	1		3	69		274
37	37	0	0	2/4	3	1	1/4	1/4	1		1	43		281
37	37	0	0	2/4	1	1	1/4	1/4	1		-3	63		277
37	37	1/8	1/8	2/4	2	1	1/8	1/8	1		-2	58		279
37	37	1/8	1/8	2/4	2	1	1/8	1/8	1		-3	63		279
37	37	1/4	1/4	2/4	3	1	1/4	1/4	1		3	45		282
37	37	1/4	1/4	2/4	1	1	1/4	1/4	1		-3	63		278
37	37	3/8	3/8	2/4	2	1	1/8	1/8	1		0	60		280
37	37	3/8	3/8	2/4	2	1	1/8	1/8	1		-3	63		280
38	38	0	0	2/4	3	1	1/4	1/4	1		-2	46		288
38	38	0	0	2/4	1	1	3/16	1/8	3/2		-3	63		283
38	38	1/8	1/8	2/4	2	1	1/8	1/8	1		-1	53		286
38	38	1/8	1/8	2/4	2	1	1/8	1/8	1		-2	58		286
38	38	1/8	1/8	2/4	2	1	1/8	1/8	1		-3	63		286
38	38	3/16	3/16	2/4	1	1	1/16	1/16	1		-3	63		284
38	38	1/4	1/4	2/4	3	1	1/4	1/4	1		2	50		289
38	38	1/4	1/4	2/4	1	1	1/4	1/4	1		2	62		285
38	38	3/8	3/8	2/4	2	1	1/8	1/8	1		-1	53		287
38	38	3/8	3/8	2/4	2	1	1/8	1/8	1		-2	58		287
38	38	3/8	3/8	2/4	2	1	1/8	1/8	1		2	62		287
39	39	0	0	2/4	3	2	1/4	1/4	1		-3	51		297
39	39	0	0	2/4	1	1	1/8	1/8	1		1	67		290
39	39	1/8	1/8	2/4	3	1	1/8	1/8	1		1	55		295
39	39	1/8	1/8	2/4	3	1	1/8	1/8	1		-2	58		295
39	39	1/8	1/8	2/4	2	1	1/8	1/8	1		1	67		293
39	39	1/8	1/8	2/4	1	1	1/4	1/4	1		1	67		291
39	39	1/8	1/8	2/4	2	1	1/8	1/8	1		1	79		293
39	39	1/4	1/4	2/4	3	2	1/4	1/4	1		0	48		298
39	39	3/8	3/8	2/4	3	1	1/8	1/8	1		-3	51		296
39	39	3/8	3/8	2/4	3	1	1/8	1/8	1		0	60		296
39	39	3/8	3/8	2/4	1	1	1/8	1/8	1		3	69		292
39	39	3/8	3/8	2/4	2	1	1/8	1/8	1		3	69		294
39	39	3/8	3/8	2/4	2	1	1/8	1/8	1		3	81		294
40	40	0	0	2/4	3	2	1/4	1/4	1		2	50		306
40	40	0	0	2/4	1	1	1/8	1/8	1		-2	70		299
40	40	1/8	1/8	2/4	3	1	1/8	1/8	1		-1	53		304
40	40	1/8	1/8	2/4	3	1	1/8	1/8	1		-2	58		304
40	40	1/8	1/8	2/4	2	1	1/8	1/8	1		-2	70		302
40	40	1/8	1/8	2/4	1	1	1/4	1/4	1		-2	70		300
40	40	1/8	1/8	2/4	2	1	1/8	1/8	1		-2	82		302
40	40	1/4	1/4	2/4	3	2	1/4	1/4	1		-2	46		307
40	40	3/8	3/8	2/4	3	1	1/8	1/8	1		-1	53		305
40	40	3/8	3/8	2/4	3	1	1/8	1/8	1		-2	58		305
40	40	3/8	3/8	2/4	3	1	1/8	1/8	1		2	62		305
40	40	3/8	3/8	2/4	1	1	1/8	1/8	1		-1	65		301
40	40	3/8	3/8	2/4	2	1	1/8	1/8	1		-1	65		303
40	40	3/8	3/8	2/4	2	1	1/8	1/8	1		-1	77		303
41	41	0	0	2/4	3	2	1/4	1/4	1		-3	51		315
41	41	0	0	2/4	1	1	1/8	1/8	1		1	67		308
41	41	1/8	1/8	2/4	3	1	1/8	1/8	1		1	55		313
41	41	1/8	1/8	2/4	3	1	1/8	1/8	1		-2	58		313
41	41	1/8	1/8	2/4	2	1	1/8	1/8	1		1	67		311
41	41	1/8	1/8	2/4	1	1	1/4	1/4	1		1	67		309
41	41	1/8	1/8	2/4	2	1	1/8	1/8	1		1	79		311
41	41	1/4	1/4	2/4	3	2	1/4	1/4	1		0	48		316
41	41	3/8	3/8	2/4	3	1	1/8	1/8	1		-3	51		314
41	41	3/8	3/8	2/4	3	1	1/8	1/8	1		0	60		314
41	41	3/8	3/8	2/4	1	1	1/8	1/8	1		3	69		310
41	41	3/8	3/8	2/4	2	1	1/8	1/8	1		3	69		312
41	41	3/8	3/8	2/4	2	1	1/8	1/8	1		3	81		312
42	42	0	0	2/4	3	2	1/4	1/4	1		2	50		323
42	42	0	0	2/4	1	1	1/8	1/8	1		-2	70		317
42	42	1/8	1/8	2/4	3	1	1/8	1/8	1		-1	53		321
42	42	1/8	1/8	2/4	3	1	1/8	1/8	1		-2	58		321
42	42	1/8	1/8	2/4	2	1	1/8	1/8	1		-2	70		319
42	42	1/8	1/8	2/4	1	1	3/8	1/4	3/2		-2	70		318
42	42	1/8	1/8	2/4	2	1	1/8	1/8	1		-2	82		319
42	42	1/4	1/4	2/4	3	2	1/4	1/4	1		-2	46		324
42	42	3/8	3/8	2/4	3	1	1/8	1/8	1		-1	53		322
42	42	3/8	3/8	2/4	3	1	1/8	1/8	1		-2	58		322
42	42	3/8	3/8	2/4	3	1	1/8	1/8	1		2	62		322
42	42	3/8	3/8	2/4	2	1	1/8	1/8	1		-2	70		320
42	42	3/8	3/8	2/4	2	1	1/8	1/8	1		-2	82		320
43	43	0	0	2/4	3	1	1/4	1/4	1		0	48		329
43	43	0	0	2/4	1	1	1/4	1/4	1		-3	63		325
43	43	1/8	1/8	2/4	2	1	1/8	1/8	1		1	55		327
43	43	1/8	1/8	2/4	2	1	1/8	1/8	1		0	60		327
43	43	1/8	1/8	2/4	2	1	1/8	1/8	1		-3	63		327
43	43	1/4	1/4	2/4	3	1	1/4	1/4	1		-2	46		330
43	43	1/4	1/4	2/4	1	1	1/4	1/4	1		-3	63		326
43	43	3/8	3/8	2/4	2	1	1/8	1/8	1		1	55		328
43	43	3/8	3/8	2/4	2	1	1/8	1/8	1		0	60		328
43	43	3/8	3/8	2/4	2	1	1/8	1/8	1		-3	63		328
44	44	0	0	2/4	3	1	1/4	1/4	1		3	45		335
44	44	0	0	2/4	1	1	1/4	1/4	1		-3	63		331
44	44	1/8	1/8	2/4	2	1	1/8	1/8	1		0	60		333
44	44	1/8	1/8	2/4	2	1	1/8	1/8	1		-3	63		333
44	44	1/4	1/4	2/4	3	1	1/4	1/4	1		1	43		336
44	44	1/4	1/4	2/4	1	1	1/4	1/4	1		-3	63		332
44	44	3/8	3/8	2/4	2	1	1/8	1/8	1		-2	58		334
44	44	3/8	3/8	2/4	2	1	1/8	1/8	1		0	60		334
44	44	3/8	3/8	2/4	2	1	1/8	1/8	1		-3	63		334
45	45	0	0	2/4	3	2	1/4	1/4	1		-1	41		343
45	45	0	0	2/4	1	1	1/4	1/4	1		-3	75		337
45	45	1/8	1/8	2/4	3	1	1/8	1/8	1		3	57		341
45	45	1/8	1/8	2/4	2	1	1/8	1/8	1		-1	65		339
45	45	1/8	1/8	2/4	2	1	1/8	1/8	1		0	72		339
45	45	1/8	1/8	2/4	2	1	1/8	1/8	1		-3	75		339
45	45	1/4	1/4	2/4	3	2	1/4	1/4	1		3	45		344
45	45	1/4	1/4	2/4	1	1	1/4	1/4	1		-3	75		338
45	45	3/8	3/8	2/4	3	1	1/8	1/8	1		-1	53		342
45	45	3/8	3/8	2/4	2	1	1/8	1/8	1		-1	65		340
45	45	3/8	3/8	2/4	2	1	1/8	1/8	1		0	72		340
45	45	3/8	3/8	2/4	2	1	1/8	1/8	1		-3	75		340
46	46	0	0	2/4	3	2	1/4	1/4	1		-2	46		355
46	46	0	0	2/4	1	1	1/8	1/8	1		2	74		345
46	46	1/8	1/8	2/4	3	1	1/8	1/8	1		-2	58		353
46	46	1/8	1/8	2/4	2	1	1/8	1/8	1		-1	65		351
46	46	1/8	1/8	2/4	2	1	1/8	1/8	1		-2	70		351
46	46	1/8	1/8	2/4	1	1	1/16	1/16	1		0	72		346
46	46	1/8	1/8	2/4	2	1	1/8	1/8	1		2	74		351
46	46	3/16	3/16	2/4	1	1	1/16	1/16	1		2	74		347
46	46	1/4	1/4	2/4	3	2	1/4	1/4	1		-3	51		356
46	46	1/4	1/4	2/4	1	1	1/8	1/8	1		-3	75		348
46	46	3/8	3/8	2/4	3	1	1/8	1/8	1		1	55		354
46	46	3/8	3/8	2/4	2	1	1/8	1/8	1		1	67		352
46	46	3/8	3/8	2/4	2	1	1/8	1/8	1		0	72		352
46	46	3/8	3/8	2/4	1	1	1/16	1/16	1		2	74		349
46	46	7/16	7/16	2/4	1	1	1/16	1/16	1		0	72		350
47	47	0	0	2/4	3	2	1/4	1/4	1		-1	53		363
47	47	0	0	2/4	3	1	1/2	1/2	1	1	-1	53		362
47	47	0	0	2/4	1	1	1/4	1/4	1		-2	70		357
47	47	1/8	1/8	2/4	2	1	1/8	1/8	1		-1	65		360
47	47	1/8	1/8	2/4	2	1	1/8	1/8	1		3	69		360
47	47	1/8	1/8	2/4	2	1	1/8	1/8	1		0	72		360
47	47	1/4	1/4	2/4	3	2	1/4	1/4	1		-1	41		364
47	47	1/4	1/4	2/4	1	1	1/8	1/8	1		3	69		358
47	47	3/8	3/8	2/4	2	1	1/8	1/8	1		-3	63		361
47	47	3/8	3/8	2/4	1	1	1/8	1/8	1		3	69		359
47	47	3/8	3/8	2/4	2	1	1/8	1/8	1		3	69		361
47	47	3/8	3/8	2/4	2	1	1/8	1/8	1		0	72		361
48	48	0	0	2/4	3	1	1/4	1/4	1		-2	46		368
48	48	0	0	2/4	3	1	1/4	1/4	1	-1	-1	53		368
48	48	0	0	2/4	1	1	1/4	1/4	1		-2	70		365
48	48	1/8	1/8	2/4	2	1	1/8	1/8	1		2	62		366
48	48	1/8	1/8	2/4	2	1	1/8	1/8	1		-1	65		366
48	48	1/8	1/8	2/4	2	1	1/8	1/8	1		-2	70		366
48	48	1/4	1/4	2/4	3	1	1/4	1/4	1		2	50		369
48	48	3/8	3/8	2/4	2	1	1/8	1/8	1		-2	58		367
48	48	3/8	3/8	2/4	2	1	1/8	1/8	1		-1	65		367
49	49	0	0	2/4	3	1	1/4	1/4	1		-3	51		375
49	49	0	0	2/4	1	1	1/8	1/8	1		1	67		370
49	49	1/8	1/8	2/4	2	1	1/8	1/8	1		-2	58		373
49	49	1/8	1/8	2/4	2	1	1/8	1/8	1		-3	63		373
49	49	1/8	1/8	2/4	2	1	1/8	1/8	1		1	67		373
49	49	1/8	1/8	2/4	1	1	1/4	1/4	1		1	67		371
49	49	1/4	1/4	2/4	3	1	1/4	1/4	1		0	48		376
49	49	3/8	3/8	2/4	2	1	1/8	1/8	1		0	60		374
49	49	3/8	3/8	2/4	2	1	1/8	1/8	1		-3	63		374
49	49	3/8	3/8	2/4	1	1	1/8	1/8	1		3	69		372
49	49	3/8	3/8	2/4	2	1	1/8	1/8	1		3	69		374
50	50	0	0	2/4	3	1	1/4	1/4	1		2	50		382
50	50	0	0	2/4	1	1	1/8	1/8	1		-2	70		377
50	50	1/8	1/8	2/4	2	1	1/8	1/8	1		-2	58		380
50	50	1/8	1/8	2/4	2	1	1/8	1/8	1		-1	65		380
50	50	1/8	1/8	2/4	2	1	1/8	1/8	1		-2	70		380
50	50	1/8	1/8	2/4	1	1	1/4	1/4	1		-2	70		378
50	50	1/4	1/4	2/4	3	1	1/4	1/4	1		-2	46		383
50	50	3/8	3/8	2/4	2	1	1/8	1/8	1		-2	58		381
50	50	3/8	3/8	2/4	2	1	1/8	1/8	1		2	62		381
50	50	3/8	3/8	2/4	1	1	1/8	1/8	1		-1	65		379
50	50	3/8	3/8	2/4	2	1	1/8	1/8	1		-1	65		381
51	51	0	0	2/4	3	1	1/4	1/4	1		-3	51		389
51	51	0	0	2/4	1	1	1/8	1/8	1		1	67		384
51	51	1/8	1/8	2/4	2	1	1/8	1/8	1		-2	58		387
51	51	1/8	1/8	2/4	2	1	1/8	1/8	1		-3	63		387
51	51	1/8	1/8	2/4	2	1	1/8	1/8	1		1	67		387
51	51	1/8	1/8	2/4	1	1	1/4	1/4	1		1	67		385
51	51	1/4	1/4	2/4	3	1	1/4	1/4	1		0	48		390
51	51	3/8	3/8	2/4	2	1	1/8	1/8	1		0	60		388
51	51	3/8	3/8	2/4	2	1	1/8	1/8	1		-3	63		388
51	51	3/8	3/8	2/4	1	1	1/8	1/8	1		3	69		386
51	51	3/8	3/8	2/4	2	1	1/8	1/8	1		3	69		388
52	52	0	0	2/4	3	1	1/4	1/4	1		2	50		395
52	52	0	0	2/4	1	1	1/8	1/8	1		-2	70		391
52	52	1/8	1/8	2/4	2	1	1/8	1/8	1		-2	58		393
52	52	1/8	1/8	2/4	2	1	1/8	1/8	1		-1	65		393
52	52	1/8	1/8	2/4	2	1	1/8	1/8	1		-2	70		393
52	52	1/8	1/8	2/4	1	1	3/8	1/4	3/2		-2	70		392
52	52	1/4	1/4	2/4	3	1	1/4	1/4	1		-2	46		396
52	52	3/8	3/8	2/4	2	1	1/8	1/8	1		2	62		394
52	52	3/8	3/8	2/4	2	1	1/8	1/8	1		-1	65		394
52	52	3/8	3/8	2/4	2	1	1/8	1/8	1		-2	70		394
53	53	0	0	2/4	3	1	1/4	1/4	1		0	48		401
53	53	0	0	2/4	1	1	1/4	1/4	1		-3	63		397
53	53	1/8	1/8	2/4	2	1	1/8	1/8	1		1	55		399
53	53	1/8	1/8	2/4	2	1	1/8	1/8	1		0	60		399
53	53	1/8	1/8	2/4	2	1	1/8	1/8	1		-3	63		399
53	53	1/4	1/4	2/4	3	1	1/4	1/4	1		-2	46		402
53	53	1/4	1/4	2/4	1	1	1/4	1/4	1		-3	63		398
53	53	3/8	3/8	2/4	2	1	1/8	1/8	1		1	55		400
53	53	3/8	3/8	2/4	2	1	1/8	1/8	1		0	60		400
53	53	3/8	3/8	2/4	2	1	1/8	1/8	1		-3	63		400
54	54	0	0	2/4	3	1	1/4	1/4	1		3	45		407
54	54	0	0	2/4	1	1	1/4	1/4	1		-3	63		403
54	54	1/8	1/8	2/4	2	1	1/8	1/8	1		0	60		405
54	54	1/8	1/8	2/4	2	1	1/8	1/8	1		-3	63		405
54	54	1/4	1/4	2/4	3	1	1/4	1/4	1		1	43		408
54	54	1/4	1/4	2/4	1	1	1/4	1/4	1		-3	63		404
54	54	3/8	3/8	2/4	2	1	1/8	1/8	1		-2	58		406
54	54	3/8	3/8	2/4	2	1	1/8	1/8	1		0	60		406
54	54	3/8	3/8	2/4	2	1	1/8	1/8	1		-3	63		406
55	55	0	0	2/4	3	2	1/4	1/4	1		-1	41		415
55	55	0	0	2/4	1	1	1/4	1/4	1		-3	75		409
55	55	1/8	1/8	2/4	3	1	1/8	1/8	1		3	57		413
55	55	1/8	1/8	2/4	2	1	1/8	1/8	1		-1	65		411
55	55	1/8	1/8	2/4	2	1	1/8	1/8	1		0	72		411
55	55	1/8	1/8	2/4	2	1	1/8	1/8	1		-3	75		411
55	55	1/4	1/4	2/4	3	2	1/4	1/4	1		3	45		416
55	55	1/4	1/4	2/4	1	1	1/4	1/4	1		-3	75		410
55	55	3/8	3/8	2/4	3	1	1/8	1/8	1		-1	53		414
55	55	3/8	3/8	2/4	2	1	1/8	1/8	1		-1	65		412
55	55	3/8	3/8	2/4	2	1	1/8	1/8	1		0	72		412
55	55	3/8	3/8	2/4	2	1	1/8	1/8	1		-3	75		412
56	56	0	0	2/4	3	2	1/4	1/4	1		-2	46		428
56	56	0	0	2/4	1	1	1/16	1/16	1		-3	75		417
56	56	1/16	1/16	2/4	1	1	1/16	1/16	1		2	74		418
56	56	1/8	1/8	2/4	3	1	1/8	1/8	1		-2	58		426
56	56	1/8	1/8	2/4	2	1	1/8	1/8	1		-1	65		424
56	56	1/8	1/8	2/4	2	1	1/8	1/8	1		-2	70		424
56	56	1/8	1/8	2/4	1	1	1/16	1/16	1		0	72		419
56	56	1/8	1/8	2/4	2	1	1/8	1/8	1		2	74		424
56	56	3/16	3/16	2/4	1	1	1/16	1/16	1		2	74		420
56	56	1/4	1/4	2/4	3	2	1/4	1/4	1		-3	51		429
56	56	1/4	1/4	2/4	1	1	1/8	1/8	1		-3	75		421
56	56	3/8	3/8	2/4	3	1	1/8	1/8	1		1	55		427
56	56	3/8	3/8	2/4	2	1	1/8	1/8	1		1	67		425
56	56	3/8	3/8	2/4	2	1	1/8	1/8	1		0	72		425
56	56	3/8	3/8	2/4	1	1	1/16	1/16	1		2	74		422
56	56	3/8	3/8	2/4	2	1	1/8	1/8	1		-3	75		425
56	56	7/16	7/16	2/4	1	1	1/16	1/16	1		0	72		423
57	57	0	0	2/4	3	2	1/4	1/4	1		-1	53		436
57	57	0	0	2/4	3	1	1/2	1/2	1	1	-1	53		435
57	57	0	0	2/4	1	1	1/4	1/4	1		-2	70		430
57	57	1/8	1/8	2/4	2	1	1/8	1/8	1		-1	65		433
57	57	1/8	1/8	2/4	2	1	1/8	1/8	1		3	69		433
57	57	1/8	1/8	2/4	2	1	1/8	1/8	1		0	72		433
57	57	1/4	1/4	2/4	3	2	1/4	1/4	1		-1	41		437
57	57	1/4	1/4	2/4	1	1	1/8	1/8	1		3	69		431
57	57	3/8	3/8	2/4	2	1	1/8	1/8	1		-3	63		434
57	57	3/8	3/8	2/4	2	1	1/8	1/8	1		3	69		434
57	57	3/8	3/8	2/4	1	1	1/8	1/8	1		-2	70		432
57	57	3/8	3/8	2/4	2	1	1/8	1/8	1		0	72		434
58	58	0	0	2/4	3	2	1/4	1/4	1		-2	46		445
58	58	0	0	2/4	3	1	1/8	1/8	1	-1	-1	53		442
58	58	0	0	2/4	2	1	1/8	1/8	1		2	62		439
58	58	0	0	2/4	2	1	1/8	1/8	1		-1	65		439
58	58	0	0	2/4	2	1	1/8	1/8	1		-2	70		439
58	58	0	0	2/4	1	1	1/4	1/4	1		-2	70		438
58	58	1/8	1/8	2/4	3	1	1/8	1/8	1		-2	58		443
58	58	1/8	1/8	2/4	2	1	1/4	1/4	1		-2	70		440
58	58	1/8	1/8	2/4	2	1	1/4	1/4	1		-2	82		440
58	58	1/4	1/4	2/4	3	2	1/4	1/4	1		2	50		446
58	58	3/8	3/8	2/4	3	1	1/8	1/8	1		-1	53		444
58	58	3/8	3/8	2/4	2	1	1/8	1/8	1		-2	70		441
58	58	3/8	3/8	2/4	2	1	1/8	1/8	1	1	-2	82		441
59	59	0	0	2/4	3	2	1/4	1/4	1		-3	51		459
59	59	0	0	2/4	2	2	1/8	1/8	1		0	72		453
59	59	0	0	2/4	2	1	1/8	1/8	1	-1	-2	82		447
59	59	1/8	1/8	2/4	3	1	1/8	1/8	1		1	55		457
59	59	1/8	1/8	2/4	2	1	1/16	1/16	1		0	72		448
59	59	1/8	1/8	2/4	2	2	1/8	1/8	1		0	72		454
59	59	3/16	3/16	2/4	2	1	1/16	1/16	1		-3	75		449
59	59	1/4	1/4	2/4	3	2	1/4	1/4	1		-1	53		460
59	59	1/4	1/4	2/4	2	2	1/8	1/8	1		-2	70		455
59	59	1/4	1/4	2/4	2	1	1/8	1/8	1		2	74		450
59	59	3/8	3/8	2/4	3	1	1/8	1/8	1		-3	63		458
59	59	3/8	3/8	2/4	2	1	1/16	1/16	1		3	69		451
59	59	3/8	3/8	2/4	2	2	1/8	1/8	1		3	69		456
59	59	7/16	7/16	2/4	2	1	1/16	1/16	1		0	72		452
60	60	0	0	2/4	3	2	1/4	1/4	1		1	55		466
60	60	0	0	2/4	2	1	1/8	1/8	1		1	67		461
60	60	0	0	2/4	2	1	1/8	1/8	1		-2	70		461
60	60	1/8	1/8	2/4	3	1	1/8	1/8	1		2	62		464
60	60	1/8	1/8	2/4	2	1	1/4	1/4	1		-2	70		462
60	60	1/8	1/8	2/4	2	1	1/4	1/4	1		-2	82		462
60	60	1/4	1/4	2/4	3	2	1/4	1/4	1		2	50		467
60	60	3/8	3/8	2/4	3	1	1/8	1/8	1		-1	53		465
60	60	3/8	3/8	2/4	3	1	1/8	1/8	1		-2	58		465
60	60	3/8	3/8	2/4	2	1	1/8	1/8	1		-2	70		463
60	60	3/8	3/8	2/4	2	1	1/8	1/8	1	1	-2	82		463
61	61	0	0	2/4	3	2	1/4	1/4	1		-3	51		480
61	61	0	0	2/4	2	2	1/8	1/8	1		0	72		474
61	61	0	0	2/4	2	1	1/8	1/8	1	-1	-2	82		468
61	61	1/8	1/8	2/4	3	1	1/8	1/8	1		1	55		478
61	61	1/8	1/8	2/4	2	1	1/16	1/16	1		0	72		469
61	61	1/8	1/8	2/4	2	2	1/8	1/8	1		0	72		475
61	61	3/16	3/16	2/4	2	1	1/16	1/16	1		-3	75		470
61	61	1/4	1/4	2/4	3	2	1/4	1/4	1		-1	53		481
61	61	1/4	1/4	2/4	2	2	1/8	1/8	1		-2	70		476
61	61	1/4	1/4	2/4	2	1	1/8	1/8	1		2	74		471
61	61	3/8	3/8	2/4	3	1	1/8	1/8	1		-3	63		479
61	61	3/8	3/8	2/4	2	1	1/16	1/16	1		3	69		472
61	61	3/8	3/8	2/4	2	2	1/8	1/8	1		3	69		477
61	61	7/16	7/16	2/4	2	1	1/16	1/16	1		0	72		473
62	62	0	0	2/4	3	1	1/4	1/4	1		-2	46		485
62	62	0	0	2/4	3	1	1/4	1/4	1		-2	58		485
62	62	0	0	2/4	2	1	1/8	1/8	1		2	62		482
62	62	0	0	2/4	2	1	1/8	1/8	1		-2	70		482
62	62	1/8	1/8	2/4	2	1	1/8	1/8	1		-1	65		483
62	62	1/4	1/4	2/4	2	1	1/4	1/4	1		-2	58		484
63	63	0	0	2/4	3	1	1/4	1/4	1		-2	58		490
63	63	0	0	2/4	1	1	1/4	1/4	1		-2	70		486
63	63	1/8	1/8	2/4	2	1	1/8	1/8	1		-1	65		488
63	63	1/8	1/8	2/4	2	1	1/8	1/8	1		-2	70		488
63	63	1/8	1/8	2/4	2	1	1/8	1/8	1		-5	73		488
63	63	1/4	1/4	2/4	3	1	1/4	1/4	1		-4	56		491
63	63	1/4	1/4	2/4	1	1	1/4	1/4	1		-2	70		487
63	63	3/8	3/8	2/4	2	1	1/8	1/8	1		-1	65		489
63	63	3/8	3/8	2/4	2	1	1/8	1/8	1		-2	70		489
63	63	3/8	3/8	2/4	2	1	1/8	1/8	1		-5	73		489
64	64	0	0	2/4	3	1	1/4	1/4	1		1	55		496
64	64	0	0	2/4	3	1	1/4	1/4	1		-2	58		496
64	64	0	0	2/4	1	1	1/4	1/4	1		-2	70		492
64	64	1/8	1/8	2/4	2	1	1/8	1/8	1		-2	70		494
64	64	1/8	1/8	2/4	2	1	1/8	1/8	1		-5	73		494
64	64	1/4	1/4	2/4	3	1	1/4	1/4	1		-1	53		497
64	64	1/4	1/4	2/4	3	1	1/4	1/4	1		-4	56		497
64	64	1/4	1/4	2/4	1	1	1/4	1/4	1		-2	70		493
64	64	3/8	3/8	2/4	2	1	1/8	1/8	1		-2	70		495
64	64	3/8	3/8	2/4	2	1	1/8	1/8	1		-5	73		495
65	65	0	0	2/4	3	1	1/4	1/4	1		4	52		503
65	65	0	0	2/4	3	1	1/4	1/4	1		1	55		503
65	65	0	0	2/4	1	1	1/4	1/4	1		-5	73		498
65	65	1/8	1/8	2/4	2	1	1/8	1/8	1		-2	70		501
65	65	1/8	1/8	2/4	2	1	1/8	1/8	1		-5	73		501
65	65	1/4	1/4	2/4	3	1	1/4	1/4	1		0	48		504
65	65	1/4	1/4	2/4	3	1	1/4	1/4	1		0	60		504
65	65	1/4	1/4	2/4	1	1	1/8	1/8	1		0	72		499
65	65	3/8	3/8	2/4	2	1	1/8	1/8	1		4	64		502
65	65	3/8	3/8	2/4	1	1	1/8	1/8	1		-2	70		500
65	65	3/8	3/8	2/4	2	1	1/8	1/8	1		-2	70		502
66	66	0	0	2/4	3	1	1/4	1/4	1		-1	53		510
66	66	0	0	2/4	1	1	1/8	1/8	1		-4	68		505
66	66	1/8	1/8	2/4	2	1	1/8	1/8	1		0	60		508
66	66	1/8	1/8	2/4	2	1	1/8	1/8	1		-1	65		508
66	66	1/8	1/8	2/4	1	1	1/4	1/4	1		1	67		506
66	66	1/8	1/8	2/4	2	1	1/8	1/8	1		-4	68		508
66	66	1/4	1/4	2/4	3	1	1/4	1/4	1		-4	44		511
66	66	3/8	3/8	2/4	2	1	1/8	1/8	1		0	60		509
66	66	3/8	3/8	2/4	1	1	1/8	1/8	1		-1	65		507
66	66	3/8	3/8	2/4	2	1	1/8	1/8	1		-1	65		509
66	66	3/8	3/8	2/4	2	1	1/8	1/8	1		-4	68		509
67	67	0	0	2/4	3	1	1/4	1/4	1		-2	46		518
67	67	0	0	2/4	1	1	1/16	1/16	1		1	67		512
67	67	1/16	1/16	2/4	1	1	1/16	1/16	1		-2	70		513
67	67	1/8	1/8	2/4	2	1	1/8	1/8	1		-5	61		516
67	67	1/8	1/8	2/4	2	1	1/8	1/8	1		-1	65		516
67	67	1/8	1/8	2/4	2	1	1/8	1/8	1		1	67		516
67	67	1/8	1/8	2/4	1	1	1/4	1/4	1		-4	68		514
67	67	1/4	1/4	2/4	3	1	1/4	1/4	1		0	48		519
67	67	3/8	3/8	2/4	2	1	1/8	1/8	1		0	60		517
67	67	3/8	3/8	2/4	2	1	1/8	1/8	1		4	64		517
67	67	3/8	3/8	2/4	1	1	1/8	1/8	1		1	67		515
67	67	3/8	3/8	2/4	2	1	1/8	1/8	1		1	67		517
68	68	0	0	2/4	3	2	1/4	1/4	1		-1	53		528
68	68	0	0	2/4	2	1	1/8	1/8	1		0	60		523
68	68	0	0	2/4	2	1	1/8	1/8	1		-1	65		523
68	68	0	0	2/4	1	1	1/16	1/16	1		-4	68		520
68	68	0	0	2/4	2	1	1/8	1/8	1		-4	68		523
68	68	1/16	1/16	2/4	1	1	1/16	1/16	1		1	67		521
68	68	1/8	1/8	2/4	3	1	1/8	1/8	1		-4	56		526
68	68	1/8	1/8	2/4	1	1	1/8	1/8	1		-1	65		522
68	68	1/8	1/8	2/4	2	1	1/4	1/4	1		-1	65		524
68	68	1/8	1/8	2/4	2	1	1/4	1/4	1		-1	77		524
68	68	1/4	1/4	2/4	3	2	1/4	1/4	1		-4	44		529
68	68	3/8	3/8	2/4	3	1	1/8	1/8	1		0	60		527
68	68	3/8	3/8	2/4	2	1	1/8	1/8	1		-1	65		525
68	68	3/8	3/8	2/4	2	1	1/8	1/8	1	1	-1	77		525
69	69	0	0	2/4	3	2	1/4	1/4	1		-2	46		541
69	69	0	0	2/4	2	2	1/4	1/4	1		1	67		536
69	69	0	0	2/4	2	1	1/8	1/8	1	-1	-1	77		530
69	69	1/8	1/8	2/4	3	1	1/8	1/8	1		-5	61		538
69	69	1/8	1/8	2/4	2	1	1/16	1/16	1		1	67		531
69	69	3/16	3/16	2/4	2	1	1/16	1/16	1		-2	70		532
69	69	1/4	1/4	2/4	3	2	1/4	1/4	1		0	48		542
69	69	1/4	1/4	2/4	3	1	1/8	1/8	1		0	60		539
69	69	1/4	1/4	2/4	2	2	1/4	1/4	1		4	64		537
69	69	1/4	1/4	2/4	2	1	1/8	1/8	1		-2	70		533
69	69	3/8	3/8	2/4	3	1	1/8	1/8	1		-2	58		540
69	69	3/8	3/8	2/4	2	1	1/16	1/16	1		4	64		534
69	69	7/16	7/16	2/4	2	1	1/16	1/16	1		-1	65		535
70	70	0	0	2/4	3	1	1/4	1/4	1		-1	53		548
70	70	0	0	2/4	3	1	1/4	1/4	1		-4	56		548
70	70	0	0	2/4	2	1	1/8	1/8	1		0	60		545
70	70	0	0	2/4	2	1	1/8	1/8	1		-1	65		545
70	70	0	0	2/4	1	1	1/4	1/4	1		-4	68		543
70	70	1/8	1/8	2/4	2	1	1/8	1/8	1		0	60		546
70	70	1/8	1/8	2/4	2	1	1/8	1/8	1		-1	65		546
70	70	1/8	1/8	2/4	2	1	1/8	1/8	1		-4	68		546
70	70	1/4	1/4	2/4	3	1	1/4	1/4	1		-3	51		549
70	70	1/4	1/4	2/4	3	1	1/4	1/4	1		0	60		549
70	70	1/4	1/4	2/4	1	1	1/4	1/4	1		-4	68		544
70	70	3/8	3/8	2/4	2	1	1/8	1/8	1		-1	65		547
70	70	3/8	3/8	2/4	2	1	1/8	1/8	1		-4	68		547
71	71	0	0	2/4	3	1	1/4	1/4	1		2	50		554
71	71	0	0	2/4	3	1	1/4	1/4	1		-1	53		554
71	71	0	0	2/4	1	1	1/4	1/4	1		-4	68		550
71	71	1/8	1/8	2/4	2	1	1/8	1/8	1		-1	65		552
71	71	1/8	1/8	2/4	2	1	1/8	1/8	1		-4	68		552
71	71	1/4	1/4	2/4	3	1	1/4	1/4	1		0	48		555
71	71	1/4	1/4	2/4	3	1	1/4	1/4	1		-3	51		555
71	71	1/4	1/4	2/4	1	1	1/4	1/4	1		-4	68		551
71	71	3/8	3/8	2/4	2	1	1/8	1/8	1		-1	65		553
71	71	3/8	3/8	2/4	2	1	1/8	1/8	1		-4	68		553
72	72	0	0	2/4	3	1	1/4	1/4	1		-2	46		561
72	72	0	0	2/4	3	1	1/4	1/4	1		2	50		561
72	72	0	0	2/4	1	1	1/4	1/4	1		0	72		556
72	72	1/8	1/8	2/4	2	1	1/8	1/8	1		-4	68		559
72	72	1/8	1/8	2/4	2	1	1/8	1/8	1		0	72		559
72	72	1/4	1/4	2/4	3	1	1/4	1/4	1		2	50		562
72	72	1/4	1/4	2/4	3	1	1/4	1/4	1		-1	53		562
72	72	1/4	1/4	2/4	1	1	1/8	1/8	1		-2	70		557
72	72	3/8	3/8	2/4	2	1	1/8	1/8	1		-1	65		560
72	72	3/8	3/8	2/4	1	1	1/8	1/8	1		-4	68		558
72	72	3/8	3/8	2/4	2	1	1/8	1/8	1		-4	68		560
73	73	0	0	2/4	3	1	1/4	1/4	1		-3	51		568
73	73	0	0	2/4	1	1	1/8	1/8	1		1	67		563
73	73	1/8	1/8	2/4	2	1	1/8	1/8	1		-2	58		566
73	73	1/8	1/8	2/4	1	1	1/4	1/4	1		-1	65		564
73	73	1/8	1/8	2/4	2	1	1/8	1/8	1		1	67		566
73	73	1/4	1/4	2/4	3	1	1/4	1/4	1		1	43		569
73	73	3/8	3/8	2/4	2	1	1/8	1/8	1		-2	58		567
73	73	3/8	3/8	2/4	1	1	1/8	1/8	1		-3	63		565
73	73	3/8	3/8	2/4	2	1	1/8	1/8	1		-3	63		567
73	73	3/8	3/8	2/4	2	1	1/8	1/8	1		1	67		567
74	74	0	0	2/4	3	1	1/4	1/4	1		-4	44		577
74	74	0	0	2/4	1	1	1/16	1/16	1		-4	68		570
74	74	1/16	1/16	2/4	1	1	1/16	1/16	1		-1	65		571
74	74	1/8	1/8	2/4	2	1	1/8	1/8	1		0	60		575
74	74	1/8	1/8	2/4	2	1	1/8	1/8	1		-3	63		575
74	74	1/8	1/8	2/4	2	1	1/8	1/8	1		-1	65		575
74	74	1/8	1/8	2/4	1	1	1/4	1/4	1		0	72		572
74	74	1/4	1/4	2/4	3	1	1/4	1/4	1		-2	46		578
74	74	3/8	3/8	2/4	2	1	1/8	1/8	1		-2	58		576
74	74	3/8	3/8	2/4	2	1	1/8	1/8	1		2	62		576
74	74	3/8	3/8	2/4	2	1	1/8	1/8	1		-1	65		576
74	74	3/8	3/8	2/4	1	1	1/16	1/16	1		-2	70		573
74	74	7/16	7/16	2/4	1	1	1/16	1/16	1		-4	68		574
75	75	0	0	2/4	3	2	1/4	1/4	1		-3	51		587
75	75	0	0	2/4	2	1	1/8	1/8	1		-2	58		582
75	75	0	0	2/4	2	1	1/8	1/8	1		-3	63		582
75	75	0	0	2/4	1	1	1/16	1/16	1		1	67		579
75	75	0	0	2/4	2	1	1/8	1/8	1		1	67		582
75	75	1/16	1/16	2/4	1	1	1/16	1/16	1		-1	65		580
75	75	1/8	1/8	2/4	3	1	1/8	1/8	1		1	55		585
75	75	1/8	1/8	2/4	1	1	1/8	1/8	1		-3	63		581
75	75	1/8	1/8	2/4	2	1	1/4	1/4	1		-3	63		583
75	75	1/8	1/8	2/4	2	1	1/4	1/4	1		-3	75		583
75	75	1/4	1/4	2/4	3	2	1/4	1/4	1		1	43		588
75	75	3/8	3/8	2/4	3	1	1/8	1/8	1		-2	58		586
75	75	3/8	3/8	2/4	2	1	1/8	1/8	1		-3	63		584
75	75	3/8	3/8	2/4	2	1	1/8	1/8	1	1	-3	75		584
76	76	0	0	2/4	3	2	1/4	1/4	1		-4	44		600
76	76	0	0	2/4	2	2	1/4	1/4	1		-1	65		595
76	76	0	0	2/4	2	1	1/8	1/8	1	-1	-3	75		589
76	76	1/8	1/8	2/4	3	1	1/8	1/8	1		0	60		597
76	76	1/8	1/8	2/4	2	1	1/16	1/16	1		-1	65		590
76	76	3/16	3/16	2/4	2	1	1/16	1/16	1		-4	68		591
76	76	1/4	1/4	2/4	3	2	1/4	1/4	1		-2	46		601
76	76	1/4	1/4	2/4	3	1	1/8	1/8	1		-2	58		598
76	76	1/4	1/4	2/4	2	2	1/4	1/4	1		2	62		596
76	76	1/4	1/4	2/4	2	1	1/8	1/8	1		1	67		592
76	76	3/8	3/8	2/4	3	1	1/8	1/8	1		-4	56		599
76	76	3/8	3/8	2/4	2	1	1/16	1/16	1		2	62		593
76	76	3/8	3/8	2/4	2	1	1/16	1/16	1		1	67		593
76	76	7/16	7/16	2/4	2	1	1/16	1/16	1		-1	65		594
77	77	0	0	2/4	3	1	1/4	1/4	1		-3	51		606
77	77	0	0	2/4	3	1	1/4	1/4	1		1	55		606
77	77	0	0	2/4	2	1	1/8	1/8	1		-2	58		602
77	77	0	0	2/4	2	1	1/8	1/8	1		-3	63		602
77	77	1/8	1/8	2/4	2	1	1/16	1/16	1		-2	58		603
77	77	3/16	3/16	2/4	2	1	1/16	1/16	1		-3	63		604
77	77	1/4	1/4	2/4	3	1	1/4	1/4	1		1	55		607
77	77	1/4	1/4	2/4	3	1	1/4	1/4	1		-2	58		607
77	77	3/8	3/8	2/4	2	1	1/8	1/8	1		-3	63		605
77	77	3/8	3/8	2/4	2	1	1/8	1/8	1		-2	70		605
78	78	0	0	2/4	3	1	1/4	1/4	1		-4	56		613
78	78	0	0	2/4	1	1	1/8	1/8	1		0	72		608
78	78	1/8	1/8	2/4	2	1	1/8	1/8	1		-3	63		611
78	78	1/8	1/8	2/4	2	1	1/8	1/8	1		-4	68		611
78	78	1/8	1/8	2/4	2	1	1/8	1/8	1		0	72		611
78	78	1/8	1/8	2/4	1	1	1/4	1/4	1		0	72		609
78	78	1/4	1/4	2/4	3	1	1/4	1/4	1		-1	53		614
78	78	3/8	3/8	2/4	2	1	1/8	1/8	1		-1	65		612
78	78	3/8	3/8	2/4	2	1	1/8	1/8	1		-4	68		612
78	78	3/8	3/8	2/4	1	1	1/8	1/8	1		2	74		610
78	78	3/8	3/8	2/4	2	1	1/8	1/8	1		2	74		612
79	79	0	0	2/4	3	1	1/4	1/4	1		1	55		619
79	79	0	0	2/4	1	1	1/8	1/8	1		-3	75		615
79	79	1/8	1/8	2/4	2	1	1/8	1/8	1		-3	63		617
79	79	1/8	1/8	2/4	1	1	3/8	1/4	3/2		-3	63		616
79	79	1/8	1/8	2/4	2	1	1/8	1/8	1		-2	70		617
79	79	1/8	1/8	2/4	2	1	1/8	1/8	1		-3	75		617
79	79	1/4	1/4	2/4	3	1	1/4	1/4	1		-3	51		620
79	79	3/8	3/8	2/4	2	1	1/8	1/8	1		-3	63		618
79	79	3/8	3/8	2/4	2	1	1/8	1/8	1		1	67		618
79	79	3/8	3/8	2/4	2	1	1/8	1/8	1		-2	70		618
80	80	0	0	2/4	3	1	1/4	1/4	1		-4	56		626
80	80	0	0	2/4	1	1	1/8	1/8	1		0	72		621
80	80	1/8	1/8	2/4	2	1	1/8	1/8	1		-3	63		624
80	80	1/8	1/8	2/4	2	1	1/8	1/8	1		-4	68		624
80	80	1/8	1/8	2/4	2	1	1/8	1/8	1		0	72		624
80	80	1/8	1/8	2/4	1	1	1/4	1/4	1		0	72		622
80	80	1/4	1/4	2/4	3	1	1/4	1/4	1		-1	53		627
80	80	3/8	3/8	2/4	2	1	1/8	1/8	1		-1	65		625
80	80	3/8	3/8	2/4	2	1	1/8	1/8	1		-4	68		625
80	80	3/8	3/8	2/4	1	1	1/8	1/8	1		2	74		623
80	80	3/8	3/8	2/4	2	1	1/8	1/8	1		2	74		625
81	81	0	0	2/4	3	1	1/4	1/4	1		1	55		632
81	81	0	0	2/4	1	1	1/8	1/8	1		-3	75		628
81	81	1/8	1/8	2/4	2	1	1/8	1/8	1		-3	63		630
81	81	1/8	1/8	2/4	1	1	3/8	1/4	3/2		-3	63		629
81	81	1/8	1/8	2/4	2	1	1/8	1/8	1		-2	70		630
81	81	1/8	1/8	2/4	2	1	1/8	1/8	1		-3	75		630
81	81	1/4	1/4	2/4	3	1	1/4	1/4	1		-3	51		633
81	81	3/8	3/8	2/4	2	1	1/8	1/8	1		-3	63		631
81	81	3/8	3/8	2/4	2	1	1/8	1/8	1		1	67		631
81	81	3/8	3/8	2/4	2	1	1/8	1/8	1		-2	70		631
82	82	0	0	2/4	3	1	1/4	1/4	1		-1	53		638
82	82	0	0	2/4	1	1	1/4	1/4	1		-4	68		634
82	82	1/8	1/8	2/4	2	1	1/8	1/8	1		0	60		636
82	82	1/8	1/8	2/4	2	1	1/8	1/8	1		-1	65		636
82	82	1/8	1/8	2/4	2	1	1/8	1/8	1		-4	68		636
82	82	1/4	1/4	2/4	3	1	1/4	1/4	1		-3	51		639
82	82	1/4	1/4	2/4	1	1	1/4	1/4	1		-4	68		635
82	82	3/8	3/8	2/4	2	1	1/8	1/8	1		0	60		637
82	82	3/8	3/8	2/4	2	1	1/8	1/8	1		-1	65		637
82	82	3/8	3/8	2/4	2	1	1/8	1/8	1		-4	68		637
83	83	0	0	2/4	3	1	1/4	1/4	1		2	50		644
83	83	0	0	2/4	3	1	1/4	1/4	1		-1	53		644
83	83	0	0	2/4	1	1	1/4	1/4	1		-4	68		640
83	83	1/8	1/8	2/4	2	1	1/8	1/8	1		-1	65		642
83	83	1/8	1/8	2/4	2	1	1/8	1/8	1		-4	68		642
83	83	1/4	1/4	2/4	3	1	1/4	1/4	1		0	48		645
83	83	1/4	1/4	2/4	3	1	1/4	1/4	1		-3	51		645
83	83	1/4	1/4	2/4	1	1	1/4	1/4	1		-4	68		641
83	83	3/8	3/8	2/4	2	1	1/8	1/8	1		-1	65		643
83	83	3/8	3/8	2/4	2	1	1/8	1/8	1		-4	68		643
84	84	0	0	2/4	3	1	1/4	1/4	1		-2	46		650
84	84	0	0	2/4	3	1	1/4	1/4	1		2	50		650
84	84	0	0	2/4	1	1	1/4	1/4	1		-1	77		646
84	84	1/8	1/8	2/4	2	1	1/8	1/8	1		-2	70		648
84	84	1/8	1/8	2/4	2	1	1/8	1/8	1		-1	77		648
84	84	1/8	1/8	2/4	2	1	1/8	1/8	1		-4	80		648
84	84	1/4	1/4	2/4	3	1	1/4	1/4	1		2	50		651
84	84	1/4	1/4	2/4	3	1	1/4	1/4	1		-1	53		651
84	84	1/4	1/4	2/4	1	1	1/4	1/4	1		-4	68		647
84	84	3/8	3/8	2/4	2	1	1/8	1/8	1		-2	70		649
84	84	3/8	3/8	2/4	2	1	1/8	1/8	1		-1	77		649
84	84	3/8	3/8	2/4	2	1	1/8	1/8	1		-4	80		649
85	85	0	0	2/4	3	1	1/4	1/4	1		-3	51		660
85	85	0	0	2/4	3	1	1/4	1/4	1		1	55		660
85	85	0	0	2/4	1	1	3/16	1/8	3/2		1	67		652
85	85	1/8	1/8	2/4	2	1	1/8	1/8	1		-2	70		658
85	85	1/8	1/8	2/4	2	1	1/8	1/8	1		-3	75		658
85	85	1/8	1/8	2/4	2	1	1/8	1/8	1		1	79		658
85	85	3/16	3/16	2/4	1	1	1/32	1/32	1		-1	65		653
85	85	7/32	7/32	2/4	1	1	1/32	1/32	1		1	67		654
85	85	1/4	1/4	2/4	3	1	1/4	1/4	1		-4	44		661
85	85	1/4	1/4	2/4	3	1	1/4	1/4	1		-4	56		661
85	85	1/4	1/4	2/4	1	1	3/16	1/8	3/2		-4	68		655
85	85	3/8	3/8	2/4	2	1	1/8	1/8	1		0	72		659
85	85	3/8	3/8	2/4	2	1	1/8	1/8	1		-3	75		659
85	85	3/8	3/8	2/4	2	1	1/8	1/8	1		-1	77		659
85	85	7/16	7/16	2/4	1	1	1/32	1/32	1		1	67		656
85	85	15/32	15/32	2/4	1	1	1/32	1/32	1		-1	65		657
86	86	0	0	2/4	3	1	1/4	1/4	1		-2	46		667
86	86	0	0	2/4	3	1	1/4	1/4	1		-2	58		667
86	86	0	0	2/4	1	1	1/4	1/4	1		-3	63		662
86	86	1/8	1/8	2/4	2	1	1/8	1/8	1		-2	70		665
86	86	1/8	1/8	2/4	2	1	1/8	1/8	1		2	74		665
86	86	1/8	1/8	2/4	2	1	1/8	1/8	1		-1	77		665
86	86	1/4	1/4	2/4	3	1	1/4	1/4	1		-2	46		668
86	86	1/4	1/4	2/4	3	1	1/4	1/4	1		-2	58		668
86	86	1/4	1/4	2/4	1	1	1/8	1/8	1		2	62		663
86	86	3/8	3/8	2/4	1	1	1/8	1/8	1		-3	63		664
86	86	3/8	3/8	2/4	2	1	1/8	1/8	1		-4	68		666
86	86	3/8	3/8	2/4	2	1	1/8	1/8	1		2	74		666
86	86	3/8	3/8	2/4	2	1	1/8	1/8	1		-1	77		666
87	87	0	0	2/4	3	1	1/4	1/4	1		-3	39		672
87	87	0	0	2/4	3	1	1/4	1/4	1		-3	51		672
87	87	0	0	2/4	1	1	1/4	1/4	1		-3	63		669
87	87	1/8	1/8	2/4	2	1	1/8	1/8	1		1	67		670
87	87	1/8	1/8	2/4	2	1	1/8	1/8	1		-2	70		670
87	87	1/8	1/8	2/4	2	1	1/8	1/8	1		-3	75		670
87	87	1/4	1/4	2/4	3	1	1/4	1/4	1		1	55		673
87	87	3/8	3/8	2/4	2	1	1/8	1/8	1		-3	63		671
87	87	3/8	3/8	2/4	2	1	1/8	1/8	1		-2	70		671
88	88	0	0	2/4	3	1	1/4	1/4	1		-4	56		679
88	88	0	0	2/4	1	1	1/8	1/8	1		0	72		674
88	88	1/8	1/8	2/4	2	1	1/8	1/8	1		-3	63		677
88	88	1/8	1/8	2/4	2	1	1/8	1/8	1		-4	68		677
88	88	1/8	1/8	2/4	2	1	1/8	1/8	1		0	72		677
88	88	1/8	1/8	2/4	1	1	1/4	1/4	1		0	72		675
88	88	1/4	1/4	2/4	3	1	1/4	1/4	1		-1	53		680
88	88	3/8	3/8	2/4	2	1	1/8	1/8	1		-1	65		678
88	88	3/8	3/8	2/4	2	1	1/8	1/8	1		-4	68		678
88	88	3/8	3/8	2/4	1	1	1/8	1/8	1		2	74		676
88	88	3/8	3/8	2/4	2	1	1/8	1/8	1		2	74		678
89	89	0	0	2/4	3	1	1/4	1/4	1		1	55		685
89	89	0	0	2/4	1	1	1/8	1/8	1		-3	75		681
89	89	1/8	1/8	2/4	2	1	1/8	1/8	1		-3	63		683
89	89	1/8	1/8	2/4	1	1	3/8	1/4	3/2		-3	63		682
89	89	1/8	1/8	2/4	2	1	1/8	1/8	1		-2	70		683
89	89	1/8	1/8	2/4	2	1	1/8	1/8	1		-3	75		683
89	89	1/4	1/4	2/4	3	1	1/4	1/4	1		-3	51		686
89	89	3/8	3/8	2/4	2	1	1/8	1/8	1		-3	63		684
89	89	3/8	3/8	2/4	2	1	1/8	1/8	1		1	67		684
89	89	3/8	3/8	2/4	2	1	1/8	1/8	1		-2	70		684
90	90	0	0	2/4	3	1	1/4	1/4	1		-4	56		692
90	90	0	0	2/4	1	1	1/8	1/8	1		0	72		687
90	90	1/8	1/8	2/4	2	1	1/8	1/8	1		-3	63		690
90	90	1/8	1/8	2/4	2	1	1/8	1/8	1		-4	68		690
90	90	1/8	1/8	2/4	2	1	1/8	1/8	1		0	72		690
90	90	1/8	1/8	2/4	1	1	1/4	1/4	1		0	72		688
90	90	1/4	1/4	2/4	3	1	1/4	1/4	1		-1	53		693
90	90	3/8	3/8	2/4	2	1	1/8	1/8	1		-1	65		691
90	90	3/8	3/8	2/4	2	1	1/8	1/8	1		-4	68		691
90	90	3/8	3/8	2/4	1	1	1/8	1/8	1		2	74		689
90	90	3/8	3/8	2/4	2	1	1/8	1/8	1		2	74		691
91	91	0	0	2/4	3	1	1/4	1/4	1		1	55		698
91	91	0	0	2/4	1	1	1/8	1/8	1		-3	75		694
91	91	1/8	1/8	2/4	2	1	1/8	1/8	1		-3	63		696
91	91	1/8	1/8	2/4	1	1	3/8	1/4	3/2		-3	63		695
91	91	1/8	1/8	2/4	2	1	1/8	1/8	1		-2	70		696
91	91	1/8	1/8	2/4	2	1	1/8	1/8	1		-3	75		696
91	91	1/4	1/4	2/4	3	1	1/4	1/4	1		-3	51		699
91	91	3/8	3/8	2/4	2	1	1/8	1/8	1		-3	63		697
91	91	3/8	3/8	2/4	2	1	1/8	1/8	1		1	67		697
91	91	3/8	3/8	2/4	2	1	1/8	1/8	1		-2	70		697
92	92	0	0	2/4	3	1	1/4	1/4	1		-1	53		704
92	92	0	0	2/4	1	1	1/4	1/4	1		-4	68		700
92	92	1/8	1/8	2/4	2	1	1/8	1/8	1		0	60		702
92	92	1/8	1/8	2/4	2	1	1/8	1/8	1		-1	65		702
92	92	1/8	1/8	2/4	2	1	1/8	1/8	1		-4	68		702
92	92	1/4	1/4	2/4	3	1	1/4	1/4	1		-3	51		705
92	92	1/4	1/4	2/4	1	1	1/4	1/4	1		-4	68		701
92	92	3/8	3/8	2/4	2	1	1/8	1/8	1		0	60		703
92	92	3/8	3/8	2/4	2	1	1/8	1/8	1		-1	65		703
92	92	3/8	3/8	2/4	2	1	1/8	1/8	1		-4	68		703
93	93	0	0	2/4	3	1	1/4	1/4	1		2	50		710
93	93	0	0	2/4	3	1	1/4	1/4	1		-1	53		710
93	93	0	0	2/4	1	1	1/4	1/4	1		-4	68		706
93	93	1/8	1/8	2/4	2	1	1/8	1/8	1		-1	65		708
93	93	1/8	1/8	2/4	2	1	1/8	1/8	1		-4	68		708
93	93	1/4	1/4	2/4	3	1	1/4	1/4	1		0	48		711
93	93	1/4	1/4	2/4	3	1	1/4	1/4	1		-3	51		711
93	93	1/4	1/4	2/4	1	1	1/4	1/4	1		-4	68		707
93	93	3/8	3/8	2/4	2	1	1/8	1/8	1		-1	65		709
93	93	3/8	3/8	2/4	2	1	1/8	1/8	1		-4	68		709
94	94	0	0	2/4	3	1	1/4	1/4	1		-2	46		716
94	94	0	0	2/4	3	1	1/4	1/4	1		2	50		716
94	94	0	0	2/4	1	1	1/4	1/4	1		-1	77		712
94	94	1/8	1/8	2/4	2	1	1/8	1/8	1		-2	70		714
94	94	1/8	1/8	2/4	2	1	1/8	1/8	1		-1	77		714
94	94	1/8	1/8	2/4	2	1	1/8	1/8	1		-4	80		714
94	94	1/4	1/4	2/4	3	1	1/4	1/4	1		2	50		717
94	94	1/4	1/4	2/4	3	1	1/4	1/4	1		-1	53		717
94	94	1/4	1/4	2/4	1	1	1/4	1/4	1		-4	68		713
94	94	3/8	3/8	2/4	2	1	1/8	1/8	1		-2	70		715
94	94	3/8	3/8	2/4	2	1	1/8	1/8	1		-1	77		715
94	94	3/8	3/8	2/4	2	1	1/8	1/8	1		-4	80		715
95	95	0	0	2/4	3	1	1/4	1/4	1		-3	51		727
95	95	0	0	2/4	3	1	1/4	1/4	1		1	55		727
95	95	0	0	2/4	1	1	1/16	1/16	1		-4	68		718
95	95	1/16	1/16	2/4	1	1	1/16	1/16	1		1	67		719
95	95	1/8	1/8	2/4	1	1	1/16	1/16	1		-1	65		720
95	95	1/8	1/8	2/4	2	1	1/8	1/8	1		-2	70		725
95	95	1/8	1/8	2/4	2	1	1/8	1/8	1		-3	75		725
95	95	1/8	1/8	2/4	2	1	1/8	1/8	1		1	79		725
95	95	3/16	3/16	2/4	1	1	1/16	1/16	1		1	67		721
95	95	1/4	1/4	2/4	3	1	1/4	1/4	1		-4	44		728
95	95	1/4	1/4	2/4	3	1	1/4	1/4	1		-4	56		728
95	95	1/4	1/4	2/4	1	1	3/16	1/8	3/2		-4	68		722
95	95	3/8	3/8	2/4	2	1	1/8	1/8	1		0	72		726
95	95	3/8	3/8	2/4	2	1	1/8	1/8	1		-3	75		726
95	95	3/8	3/8	2/4	2	1	1/8	1/8	1		-1	77		726
95	95	7/16	7/16	2/4	1	1	1/32	1/32	1		1	67		723
95	95	15/32	15/32	2/4	1	1	1/32	1/32	1		-1	65		724
96	96	0	0	2/4	3	1	1/4	1/4	1		-2	46		734
96	96	0	0	2/4	3	1	1/4	1/4	1		-2	58		734
96	96	0	0	2/4	1	1	1/4	1/4	1		-3	63		729
96	96	1/8	1/8	2/4	2	1	1/8	1/8	1		-2	70		732
96	96	1/8	1/8	2/4	2	1	1/8	1/8	1		2	74		732
96	96	1/8	1/8	2/4	2	1	1/8	1/8	1		-1	77		732
96	96	1/4	1/4	2/4	3	1	1/4	1/4	1		-2	34		735
96	96	1/4	1/4	2/4	3	1	1/4	1/4	1		-2	46		735
96	96	1/4	1/4	2/4	1	1	1/8	1/8	1		2	62		730
96	96	3/8	3/8	2/4	1	1	1/8	1/8	1		-3	63		731
96	96	3/8	3/8	2/4	2	1	1/8	1/8	1		-2	70		733
96	96	3/8	3/8	2/4	2	1	1/8	1/8	1		2	74		733
96	96	3/8	3/8	2/4	2	1	1/8	1/8	1		-1	77		733
97	97	0	0	2/4	3	2	1/4	1/4	1		-3	39		742
97	97	0	0	2/4	3	2	1/4	1/4	1		-3	51		742
97	97	0	0	2/4	2	1	1/8	1/8	1		-3	63		737
97	97	0	0	2/4	1	1	1/4	1/4	1		-3	63		736
97	97	1/8	1/8	2/4	3	1	1/8	1/8	1		1	55		740
97	97	1/8	1/8	2/4	2	1	1/4	1/4	1		-3	63		738
97	97	1/8	1/8	2/4	2	1	1/4	1/4	1		-3	75		738
97	97	1/4	1/4	2/4	3	2	1/4	1/4	1		1	43		743
97	97	3/8	3/8	2/4	3	1	1/8	1/8	1		-2	58		741
97	97	3/8	3/8	2/4	2	1	1/8	1/8	1		-3	63		739
97	97	3/8	3/8	2/4	2	1	1/8	1/8	1	1	-3	75		739
98	98	0	0	2/4	3	2	1/4	1/4	1		-4	44		755
98	98	0	0	2/4	2	2	1/4	1/4	1		-1	65		750
98	98	0	0	2/4	2	1	1/8	1/8	1	-1	-3	75		744
98	98	1/8	1/8	2/4	3	1	1/8	1/8	1		0	60		752
98	98	1/8	1/8	2/4	2	1	1/16	1/16	1		-1	65		745
98	98	3/16	3/16	2/4	2	1	1/16	1/16	1		-4	68		746
98	98	1/4	1/4	2/4	3	2	1/4	1/4	1		-2	46		756
98	98	1/4	1/4	2/4	3	1	1/8	1/8	1		-2	58		753
98	98	1/4	1/4	2/4	2	2	1/4	1/4	1		2	62		751
98	98	1/4	1/4	2/4	2	1	1/8	1/8	1		1	67		747
98	98	3/8	3/8	2/4	3	1	1/8	1/8	1		-4	56		754
98	98	3/8	3/8	2/4	2	1	1/16	1/16	1		2	62		748
98	98	7/16	7/16	2/4	2	1	1/16	1/16	1		-1	65		749
99	99	0	0	2/4	3	2	1/4	1/4	1		0	48		762
99	99	0	0	2/4	2	1	1/8	1/8	1		-3	63		757
99	99	1/8	1/8	2/4	3	1	1/8	1/8	1		1	55		760
99	99	1/8	1/8	2/4	2	1	1/4	1/4	1		-3	63		758
99	99	1/8	1/8	2/4	2	1	1/4	1/4	1		-3	75		758
99	99	1/4	1/4	2/4	3	2	1/4	1/4	1		1	43		763
99	99	3/8	3/8	2/4	3	1	1/8	1/8	1		-2	58		761
99	99	3/8	3/8	2/4	2	1	1/8	1/8	1		-3	63		759
99	99	3/8	3/8	2/4	2	1	1/8	1/8	1	1	-3	75		759
100	100	0	0	2/4	3	2	1/4	1/4	1		-4	44		777
100	100	0	0	2/4	2	2	1/8	1/8	1		-1	65		770
100	100	0	0	2/4	2	1	1/8	1/8	1	-1	-3	75		764
100	100	1/8	1/8	2/4	3	1	1/8	1/8	1		0	60		774
100	100	1/8	1/8	2/4	2	1	1/16	1/16	1		-1	65		765
100	100	1/8	1/8	2/4	2	2	1/8	1/8	1		-1	65		771
100	100	3/16	3/16	2/4	2	1	1/16	1/16	1		-4	68		766
100	100	1/4	1/4	2/4	3	2	1/4	1/4	1		-2	46		778
100	100	1/4	1/4	2/4	3	1	1/8	1/8	1		-2	58		775
100	100	1/4	1/4	2/4	2	2	1/8	1/8	1		-3	63		772
100	100	1/4	1/4	2/4	2	1	1/8	1/8	1		1	67		767
100	100	3/8	3/8	2/4	3	1	1/8	1/8	1		-4	56		776
100	100	3/8	3/8	2/4	2	1	1/16	1/16	1		2	62		768
100	100	3/8	3/8	2/4	2	2	1/8	1/8	1		2	62		773
100	100	7/16	7/16	2/4	2	1	1/16	1/16	1		-1	65		769
101	101	0	0	2/4	3	2	1/8	1/8	1		-3	51		790
101	101	0	0	2/4	3	1	1/8	1/8	1		1	55		789
101	101	0	0	2/4	2	1	1/8	1/8	1		-3	63		779
101	101	0	0	2/4	2	2	1/8	1/8	1		-3	63		785
101	101	1/8	1/8	2/4	2	2	1/8	1/8	1		-3	63		786
101	101	1/8	1/8	2/4	2	2	1/8	1/8	1		-6	66		786
101	101	1/8	1/8	2/4	2	1	1/16	1/16	1		-3	75		780
101	101	3/16	3/16	2/4	2	1	1/16	1/16	1		0	72		781
101	101	1/4	1/4	2/4	2	2	1/8	1/8	1		0	60		787
101	101	1/4	1/4	2/4	2	2	1/8	1/8	1		-3	63		787
101	101	1/4	1/4	2/4	2	1	1/8	1/8	1		3	69		782
101	101	3/8	3/8	2/4	2	2	1/8	1/8	1		-7	59		788
101	101	3/8	3/8	2/4	2	2	1/8	1/8	1		-3	63		788
101	101	3/8	3/8	2/4	2	1	1/16	1/16	1		-4	68		783
101	101	7/16	7/16	2/4	2	1	1/16	1/16	1		-1	65		784
102	102	0	0	2/4	2	2	1/8	1/8	1		-2	58		795
102	102	0	0	2/4	2	1	1/8	1/8	1		2	62		791
102	102	1/8	1/8	2/4	3	1	1/8	1/8	1		-3	51		798
102	102	1/8	1/8	2/4	3	1	1/8	1/8	1		1	55		798
102	102	1/8	1/8	2/4	2	2	1/16	1/16	1		-3	63		796
102	102	1/8	1/8	2/4	2	1	1/8	1/8	1		1	67		792
102	102	3/16	3/16	2/4	2	2	1/16	1/16	1		0	60		797
102	102	1/4	1/4	2/4	3	1	1/8	1/8	1		-4	44		799
102	102	1/4	1/4	2/4	3	1	1/8	1/8	1		-3	51		799
102	102	1/4	1/4	2/4	3	1	1/8	1/8	1		-4	56		799
102	102	1/4	1/4	2/4	2	1	1/8	1/8	1		0	60		793
102	102	1/4	1/4	2/4	2	1	1/8	1/8	1		-3	63		793
102	102	1/4	1/4	2/4	2	1	1/8	1/8	1		-4	68		793
102	102	3/8	3/8	2/4	3	1	1/8	1/8	1		-2	46		800
102	102	3/8	3/8	2/4	3	1	1/8	1/8	1		-1	53		800
102	102	3/8	3/8	2/4	2	1	1/8	1/8	1		-2	58		794
102	102	3/8	3/8	2/4	2	1	1/8	1/8	1		2	62		794
102	102	3/8	3/8	2/4	2	1	1/8	1/8	1		-1	65		794
103	103	0	0	2/4	3	1	1/4	1/4	1		-3	39		802
103	103	0	0	2/4	3	1	1/4	1/4	1		-3	51		802
103	103	0	0	2/4	2	1	1/4	1/4	1		1	55		801
103	103	0	0	2/4	2	1	1/4	1/4	1		-2	58		801
103	103	0	0	2/4	2	1	1/4	1/4	1		-3	63		801
