mc	mn	quarterbeats	quarterbeats_all_endings	duration_qb	mc_onset	mn_onset	timesig	staff	voice	duration	nominal_duration	scalar	tied	tpc	midi	name	octave	chord_id
1	1	0	0	0.5	0	0	4/4	4	1	1/8	1/8	1		-1	53	F3	3	16
1	1	0	0	1.5	0	0	4/4	3	1	3/8	1/4	3/2		0	72	C5	5	0
1	1	1/4	1/4	0.25	1/16	1/16	4/4	3	2	1/16	1/16	1		0	60	C4	4	4
1	1	1/2	1/2	0.25	1/8	1/8	4/4	3	2	1/16	1/16	1		-4	68	Ab4	4	5
1	1	3/4	3/4	0.25	3/16	3/16	4/4	3	2	1/16	1/16	1		-1	65	F4	4	6
1	1	1	1	0.5	1/4	1/4	4/4	4	1	1/8	1/8	1		-1	53	F3	3	17
1	1	5/4	5/4	0.25	5/16	5/16	4/4	3	2	1/16	1/16	1		0	60	C4	4	7
1	1	3/2	3/2	0.25	3/8	3/8	4/4	3	2	1/16	1/16	1		-4	68	Ab4	4	8
1	1	3/2	3/2	0.5	3/8	3/8	4/4	3	1	1/8	1/8	1		-1	77	F5	5	1
1	1	7/4	7/4	0.25	7/16	7/16	4/4	3	2	1/16	1/16	1		-1	65	F4	4	9
1	1	2	2	0.5	1/2	1/2	4/4	4	1	1/8	1/8	1		0	48	C3	3	18
1	1	2	2	1.0	1/2	1/2	4/4	3	1	1/4	1/4	1		-1	77	F5	5	2
1	1	9/4	9/4	0.25	9/16	9/16	4/4	3	2	1/16	1/16	1		0	60	C4	4	10
1	1	5/2	5/2	0.25	5/8	5/8	4/4	3	2	1/16	1/16	1		-4	68	Ab4	4	11
1	1	11/4	11/4	0.25	11/16	11/16	4/4	3	2	1/16	1/16	1		-1	65	F4	4	12
1	1	3	3	0.5	3/4	3/4	4/4	4	1	1/8	1/8	1		0	48	C3	3	19
1	1	3	3	1.0	3/4	3/4	4/4	3	1	1/4	1/4	1		4	76	E5	5	3
1	1	13/4	13/4	0.25	13/16	13/16	4/4	3	2	1/16	1/16	1		0	60	C4	4	13
1	1	7/2	7/2	0.25	7/8	7/8	4/4	3	2	1/16	1/16	1		-2	70	Bb4	4	14
1	1	15/4	15/4	0.25	15/16	15/16	4/4	3	2	1/16	1/16	1		1	67	G4	4	15
2	2	4	4	0.5	0	0	4/4	4	1	1/8	1/8	1		4	52	E3	3	36
2	2	4	4	1.5	0	0	4/4	3	1	3/8	1/4	3/2		1	79	G5	5	20
2	2	17/4	17/4	0.25	1/16	1/16	4/4	3	2	1/16	1/16	1		0	60	C4	4	24
2	2	9/2	9/2	0.25	1/8	1/8	4/4	3	2	1/16	1/16	1		-2	70	Bb4	4	25
2	2	19/4	19/4	0.25	3/16	3/16	4/4	3	2	1/16	1/16	1		1	67	G4	4	26
2	2	5	5	0.5	1/4	1/4	4/4	4	1	1/8	1/8	1		4	52	E3	3	37
2	2	21/4	21/4	0.25	5/16	5/16	4/4	3	2	1/16	1/16	1		0	60	C4	4	27
2	2	11/2	11/2	0.25	3/8	3/8	4/4	3	2	1/16	1/16	1		1	67	G4	4	28
2	2	11/2	11/2	0.5	3/8	3/8	4/4	3	1	1/8	1/8	1		-2	70	Bb4	4	21
2	2	23/4	23/4	0.25	7/16	7/16	4/4	3	2	1/16	1/16	1		0	60	C4	4	29
2	2	6	6	0.5	1/2	1/2	4/4	4	1	1/8	1/8	1		-1	53	F3	3	38
2	2	6	6	1.0	1/2	1/2	4/4	3	1	1/4	1/4	1		-2	70	Bb4	4	22
2	2	25/4	25/4	0.25	9/16	9/16	4/4	3	2	1/16	1/16	1		0	60	C4	4	30
2	2	13/2	13/2	0.25	5/8	5/8	4/4	3	2	1/16	1/16	1		1	67	G4	4	31
2	2	27/4	27/4	0.25	11/16	11/16	4/4	3	2	1/16	1/16	1		4	64	E4	4	32
2	2	7	7	0.5	3/4	3/4	4/4	4	1	1/8	1/8	1		-1	53	F3	3	39
2	2	7	7	1.0	3/4	3/4	4/4	3	1	1/4	1/4	1		-4	68	Ab4	4	23
2	2	29/4	29/4	0.25	13/16	13/16	4/4	3	2	1/16	1/16	1		0	60	C4	4	33
2	2	15/2	15/2	0.25	7/8	7/8	4/4	3	2	1/16	1/16	1		-1	65	F4	4	34
2	2	31/4	31/4	0.25	15/16	15/16	4/4	3	2	1/16	1/16	1		0	60	C4	4	35
3	3	8	8	0.5	0	0	4/4	4	1	1/8	1/8	1		5	47	B2	2	56
3	3	8	8	1.5	0	0	4/4	3	1	3/8	1/4	3/2		-1	77	F5	5	40
3	3	33/4	33/4	0.25	1/16	1/16	4/4	3	2	1/16	1/16	1		2	62	D4	4	44
3	3	17/2	17/2	0.25	1/8	1/8	4/4	3	2	1/16	1/16	1		-4	68	Ab4	4	45
3	3	35/4	35/4	0.25	3/16	3/16	4/4	3	2	1/16	1/16	1		-1	65	F4	4	46
3	3	9	9	0.5	1/4	1/4	4/4	4	1	1/8	1/8	1		5	47	B2	2	57
3	3	37/4	37/4	0.25	5/16	5/16	4/4	3	2	1/16	1/16	1		-4	56	Ab3	3	47
3	3	19/2	19/2	0.25	3/8	3/8	4/4	3	2	1/16	1/16	1		-1	65	F4	4	48
3	3	19/2	19/2	0.5	3/8	3/8	4/4	3	1	1/8	1/8	1		-4	68	Ab4	4	41
3	3	39/4	39/4	0.25	7/16	7/16	4/4	3	2	1/16	1/16	1		2	62	D4	4	49
3	3	10	10	0.5	1/2	1/2	4/4	4	1	1/8	1/8	1		0	48	C3	3	58
3	3	10	10	1.0	1/2	1/2	4/4	3	1	1/4	1/4	1		-4	68	Ab4	4	42
3	3	41/4	41/4	0.25	9/16	9/16	4/4	3	2	1/16	1/16	1		-4	56	Ab3	3	50
3	3	21/2	21/2	0.25	5/8	5/8	4/4	3	2	1/16	1/16	1		-1	65	F4	4	51
3	3	43/4	43/4	0.25	11/16	11/16	4/4	3	2	1/16	1/16	1		0	60	C4	4	52
3	3	11	11	0.5	3/4	3/4	4/4	4	1	1/8	1/8	1		0	48	C3	3	59
3	3	11	11	1.0	3/4	3/4	4/4	3	1	1/4	1/4	1		1	67	G4	4	43
3	3	45/4	45/4	0.25	13/16	13/16	4/4	3	2	1/16	1/16	1		1	55	G3	3	53
3	3	23/2	23/2	0.25	7/8	7/8	4/4	3	2	1/16	1/16	1		4	64	E4	4	54
3	3	47/4	47/4	0.25	15/16	15/16	4/4	3	2	1/16	1/16	1		0	60	C4	4	55
4	4	12	12	0.5	0	0	4/4	4	1	1/8	1/8	1		0	60	C4	4	77
4	4	12	12	1.5	0	0	4/4	3	1	3/8	1/4	3/2		-5	73	Db5	5	60
4	4	49/4	49/4	0.25	1/16	1/16	4/4	3	2	1/16	1/16	1		-4	68	Ab4	4	65
4	4	25/2	25/2	0.25	1/8	1/8	4/4	3	2	1/16	1/16	1		4	64	E4	4	66
4	4	51/4	51/4	0.25	3/16	3/16	4/4	3	2	1/16	1/16	1		-1	65	F4	4	67
4	4	13	13	0.5	1/4	1/4	4/4	4	1	1/8	1/8	1		-2	58	Bb3	3	78
4	4	53/4	53/4	0.25	5/16	5/16	4/4	3	2	1/16	1/16	1		-5	61	Db4	4	68
4	4	27/2	27/2	0.25	3/8	3/8	4/4	3	2	1/16	1/16	1		-2	70	Bb4	4	69
4	4	27/2	27/2	0.5	3/8	3/8	4/4	3	1	1/8	1/8	1		4	76	E5	5	61
4	4	55/4	55/4	0.25	7/16	7/16	4/4	3	2	1/16	1/16	1		1	67	G4	4	70
4	4	14	14	0.5	1/2	1/2	4/4	4	1	1/8	1/8	1		-4	56	Ab3	3	79
4	4	14	14	0.5	1/2	1/2	4/4	3	1	1/8	1/8	1		4	76	E5	5	62
4	4	57/4	57/4	0.25	9/16	9/16	4/4	3	2	1/16	1/16	1		0	60	C4	4	71
4	4	29/2	29/2	0.25	5/8	5/8	4/4	3	2	1/16	1/16	1		-4	68	Ab4	4	72
4	4	29/2	29/2	1.0	5/8	5/8	4/4	3	1	1/4	1/4	1		-1	77	F5	5	63
4	4	59/4	59/4	0.25	11/16	11/16	4/4	3	2	1/16	1/16	1		-1	65	F4	4	73
4	4	15	15	0.5	3/4	3/4	4/4	4	1	1/8	1/8	1		-2	58	Bb3	3	80
4	4	61/4	61/4	0.25	13/16	13/16	4/4	3	2	1/16	1/16	1		-5	61	Db4	4	74
4	4	31/2	31/2	0.25	7/8	7/8	4/4	3	2	1/16	1/16	1		-2	70	Bb4	4	75
4	4	31/2	31/2	0.5	7/8	7/8	4/4	3	1	1/8	1/8	1		-5	73	Db5	5	64
4	4	63/4	63/4	0.25	15/16	15/16	4/4	3	2	1/16	1/16	1		1	67	G4	4	76
5	5	16	16	0.5	0	0	4/4	4	1	1/8	1/8	1		0	60	C4	4	97
5	5	16	16	1.0	0	0	4/4	3	1	1/4	1/4	1		-5	73	Db5	5	81
5	5	65/4	65/4	0.25	1/16	1/16	4/4	3	2	1/16	1/16	1		-1	65	F4	4	85
5	5	33/2	33/2	0.25	1/8	1/8	4/4	3	2	1/16	1/16	1		-4	68	Ab4	4	86
5	5	67/4	67/4	0.25	3/16	3/16	4/4	3	2	1/16	1/16	1		-1	65	F4	4	87
5	5	17	17	0.5	1/4	1/4	4/4	4	1	1/8	1/8	1		0	48	C3	3	98
5	5	17	17	0.5	1/4	1/4	4/4	3	1	1/8	1/8	1		0	72	C5	5	82
5	5	69/4	69/4	0.25	5/16	5/16	4/4	3	2	1/16	1/16	1		1	55	G3	3	88
5	5	35/2	35/2	0.25	3/8	3/8	4/4	3	2	1/16	1/16	1		0	60	C4	4	89
5	5	35/2	35/2	0.5	3/8	3/8	4/4	3	1	1/8	1/8	1		4	64	E4	4	83
5	5	71/4	71/4	0.25	7/16	7/16	4/4	3	2	1/16	1/16	1		-2	58	Bb3	3	90
5	5	18	18	0.5	1/2	1/2	4/4	4	1	1/8	1/8	1		-5	49	Db3	3	99
5	5	18	18	2.0	1/2	1/2	4/4	3	1	1/2	1/2	1		-1	65	F4	4	84
5	5	73/4	73/4	0.25	9/16	9/16	4/4	3	2	1/16	1/16	1		-4	56	Ab3	3	91
5	5	37/2	37/2	0.25	5/8	5/8	4/4	3	2	1/16	1/16	1		4	52	E3	3	92
5	5	75/4	75/4	0.25	11/16	11/16	4/4	3	2	1/16	1/16	1		-1	53	F3	3	93
5	5	19	19	0.5	3/4	3/4	4/4	4	1	1/8	1/8	1		-5	49	Db3	3	100
5	5	77/4	77/4	0.25	13/16	13/16	4/4	3	2	1/16	1/16	1		-4	56	Ab3	3	94
5	5	39/2	39/2	0.25	7/8	7/8	4/4	3	2	1/16	1/16	1		4	52	E3	3	95
5	5	79/4	79/4	0.25	15/16	15/16	4/4	3	2	1/16	1/16	1		-1	53	F3	3	96
6	6	20	20	0.5	0	0	4/4	4	1	1/8	1/8	1		-4	44	Ab2	2	118
6	6	20	20	1.5	0	0	4/4	3	1	3/8	1/4	3/2		-5	73	Db5	5	101
6	6	81/4	81/4	0.25	1/16	1/16	4/4	3	2	1/16	1/16	1		-4	68	Ab4	4	106
6	6	41/2	41/2	0.25	1/8	1/8	4/4	3	2	1/16	1/16	1		4	64	E4	4	107
6	6	83/4	83/4	0.25	3/16	3/16	4/4	3	2	1/16	1/16	1		-1	65	F4	4	108
6	6	21	21	0.5	1/4	1/4	4/4	4	1	1/8	1/8	1		1	55	G3	3	119
6	6	85/4	85/4	0.25	5/16	5/16	4/4	3	2	1/16	1/16	1		-5	61	Db4	4	109
6	6	43/2	43/2	0.25	3/8	3/8	4/4	3	2	1/16	1/16	1		-2	70	Bb4	4	110
6	6	43/2	43/2	0.5	3/8	3/8	4/4	3	1	1/8	1/8	1		4	76	E5	5	102
6	6	87/4	87/4	0.25	7/16	7/16	4/4	3	2	1/16	1/16	1		1	67	G4	4	111
6	6	22	22	0.5	1/2	1/2	4/4	4	1	1/8	1/8	1		-4	56	Ab3	3	120
6	6	22	22	0.5	1/2	1/2	4/4	3	1	1/8	1/8	1		4	76	E5	5	103
6	6	89/4	89/4	0.25	9/16	9/16	4/4	3	2	1/16	1/16	1		0	60	C4	4	112
6	6	45/2	45/2	0.25	5/8	5/8	4/4	3	2	1/16	1/16	1		-4	68	Ab4	4	113
6	6	45/2	45/2	1.0	5/8	5/8	4/4	3	1	1/4	1/4	1		-1	77	F5	5	104
6	6	91/4	91/4	0.25	11/16	11/16	4/4	3	2	1/16	1/16	1		-1	65	F4	4	114
6	6	23	23	0.5	3/4	3/4	4/4	4	1	1/8	1/8	1		-2	58	Bb3	3	121
6	6	93/4	93/4	0.25	13/16	13/16	4/4	3	2	1/16	1/16	1		-5	61	Db4	4	115
6	6	47/2	47/2	0.25	7/8	7/8	4/4	3	2	1/16	1/16	1		-2	70	Bb4	4	116
6	6	47/2	47/2	0.5	7/8	7/8	4/4	3	1	1/8	1/8	1		-5	73	Db5	5	105
6	6	95/4	95/4	0.25	15/16	15/16	4/4	3	2	1/16	1/16	1		1	67	G4	4	117
7	7	24	24	0.5	0	0	4/4	4	1	1/8	1/8	1		0	60	C4	4	139
7	7	24	24	1.0	0	0	4/4	3	1	1/4	1/4	1		-5	73	Db5	5	122
7	7	97/4	97/4	0.25	1/16	1/16	4/4	3	2	1/16	1/16	1		-1	65	F4	4	127
7	7	49/2	49/2	0.25	1/8	1/8	4/4	3	2	1/16	1/16	1		-4	68	Ab4	4	128
7	7	99/4	99/4	0.25	3/16	3/16	4/4	3	2	1/16	1/16	1		-1	65	F4	4	129
7	7	25	25	0.5	1/4	1/4	4/4	4	1	1/8	1/8	1		0	48	C3	3	140
7	7	25	25	0.5	1/4	1/4	4/4	3	1	1/8	1/8	1		0	72	C5	5	123
7	7	101/4	101/4	0.25	5/16	5/16	4/4	3	2	1/16	1/16	1		1	55	G3	3	130
7	7	51/2	51/2	0.25	3/8	3/8	4/4	3	2	1/16	1/16	1		0	60	C4	4	131
7	7	51/2	51/2	0.5	3/8	3/8	4/4	3	1	1/8	1/8	1		4	64	E4	4	124
7	7	103/4	103/4	0.25	7/16	7/16	4/4	3	2	1/16	1/16	1		-2	58	Bb3	3	132
7	7	26	26	0.5	1/2	1/2	4/4	4	1	1/8	1/8	1		-1	41	F2	2	141
7	7	26	26	1.0	1/2	1/2	4/4	3	1	1/4	1/4	1		4	64	E4	4	125
7	7	105/4	105/4	0.25	9/16	9/16	4/4	3	2	1/16	1/16	1		-4	56	Ab3	3	133
7	7	53/2	53/2	0.25	5/8	5/8	4/4	3	2	1/16	1/16	1		0	60	C4	4	134
7	7	107/4	107/4	0.25	11/16	11/16	4/4	3	2	1/16	1/16	1		-4	56	Ab3	3	135
7	7	27	27	0.5	3/4	3/4	4/4	4	1	1/8	1/8	1		-1	41	F2	2	142
7	7	27	27	1.0	3/4	3/4	4/4	3	1	1/4	1/4	1		-1	65	F4	4	126
7	7	109/4	109/4	0.25	13/16	13/16	4/4	3	2	1/16	1/16	1		-4	56	Ab3	3	136
7	7	55/2	55/2	0.25	7/8	7/8	4/4	3	2	1/16	1/16	1		0	60	C4	4	137
7	7	111/4	111/4	0.25	15/16	15/16	4/4	3	2	1/16	1/16	1		-1	53	F3	3	138
8	8	28	28	0.5	0	0	4/4	4	1	1/8	1/8	1		-1	41	F2	2	161
8	8	28	28	0.5	0	0	4/4	4	1	1/8	1/8	1		-1	53	F3	3	161
8	8	28	28	1.0	0	0	4/4	1	1	1/4	1/4	1		0	72	C5	5	143
8	8	113/4	113/4	0.25	1/16	1/16	4/4	3	1	1/16	1/16	1		0	72	C5	5	149
8	8	57/2	57/2	0.25	1/8	1/8	4/4	3	1	1/16	1/16	1		-4	68	Ab4	4	150
8	8	115/4	115/4	0.25	3/16	3/16	4/4	3	1	1/16	1/16	1		-1	65	F4	4	151
8	8	29	29	0.5	1/4	1/4	4/4	4	1	1/8	1/8	1		-1	41	F2	2	162
8	8	29	29	0.5	1/4	1/4	4/4	4	1	1/8	1/8	1		-1	53	F3	3	162
8	8	29	29	1.0	1/4	1/4	4/4	1	1	1/4	1/4	1		-1	77	F5	5	144
8	8	117/4	117/4	0.25	5/16	5/16	4/4	3	1	1/16	1/16	1		0	72	C5	5	152
8	8	59/2	59/2	0.25	3/8	3/8	4/4	3	1	1/16	1/16	1		-4	68	Ab4	4	153
8	8	119/4	119/4	0.25	7/16	7/16	4/4	3	1	1/16	1/16	1		-1	65	F4	4	154
8	8	30	30	0.5	1/2	1/2	4/4	4	1	1/8	1/8	1		0	36	C2	2	163
8	8	30	30	0.5	1/2	1/2	4/4	4	1	1/8	1/8	1		0	48	C3	3	163
8	8	30	30	1.0	1/2	1/2	4/4	2	1	1/4	1/4	1		1	67	G4	4	147
8	8	30	30	1.0	1/2	1/2	4/4	1	1	1/4	1/4	1		-1	77	F5	5	145
8	8	121/4	121/4	0.25	9/16	9/16	4/4	3	1	1/16	1/16	1		-2	70	Bb4	4	155
8	8	61/2	61/2	0.25	5/8	5/8	4/4	3	1	1/16	1/16	1		1	67	G4	4	156
8	8	123/4	123/4	0.25	11/16	11/16	4/4	3	1	1/16	1/16	1		-1	65	F4	4	157
8	8	31	31	0.5	3/4	3/4	4/4	4	1	1/8	1/8	1		0	36	C2	2	164
8	8	31	31	0.5	3/4	3/4	4/4	4	1	1/8	1/8	1		0	48	C3	3	164
8	8	31	31	1.0	3/4	3/4	4/4	2	1	1/4	1/4	1		-2	70	Bb4	4	148
8	8	31	31	1.0	3/4	3/4	4/4	1	1	1/4	1/4	1		4	76	E5	5	146
8	8	125/4	125/4	0.25	13/16	13/16	4/4	3	1	1/16	1/16	1		-2	70	Bb4	4	158
8	8	63/2	63/2	0.25	7/8	7/8	4/4	3	1	1/16	1/16	1		1	67	G4	4	159
8	8	127/4	127/4	0.25	15/16	15/16	4/4	3	1	1/16	1/16	1		4	64	E4	4	160
9	9	32	32	0.5	0	0	4/4	4	1	1/8	1/8	1		-1	41	F2	2	183
9	9	32	32	0.5	0	0	4/4	4	1	1/8	1/8	1		-1	53	F3	3	183
9	9	32	32	1.0	0	0	4/4	2	1	1/4	1/4	1		-2	70	Bb4	4	167
9	9	129/4	129/4	0.25	1/16	1/16	4/4	3	1	1/16	1/16	1		-2	70	Bb4	4	171
9	9	65/2	65/2	0.25	1/8	1/8	4/4	3	1	1/16	1/16	1		1	67	G4	4	172
9	9	131/4	131/4	0.25	3/16	3/16	4/4	3	1	1/16	1/16	1		4	64	E4	4	173
9	9	33	33	0.5	1/4	1/4	4/4	4	1	1/8	1/8	1		-1	41	F2	2	184
9	9	33	33	0.5	1/4	1/4	4/4	4	1	1/8	1/8	1		-1	53	F3	3	184
9	9	33	33	1.0	1/4	1/4	4/4	2	1	1/4	1/4	1		-4	68	Ab4	4	168
9	9	133/4	133/4	0.25	5/16	5/16	4/4	3	1	1/16	1/16	1		-4	68	Ab4	4	174
9	9	67/2	67/2	0.25	3/8	3/8	4/4	3	1	1/16	1/16	1		-1	65	F4	4	175
9	9	135/4	135/4	0.25	7/16	7/16	4/4	3	1	1/16	1/16	1		0	60	C4	4	176
9	9	34	34	0.5	1/2	1/2	4/4	4	1	1/8	1/8	1		5	35	B1	1	185
9	9	34	34	0.5	1/2	1/2	4/4	4	1	1/8	1/8	1		5	47	B2	2	185
9	9	34	34	1.0	1/2	1/2	4/4	2	1	1/4	1/4	1		-4	68	Ab4	4	169
9	9	34	34	1.0	1/2	1/2	4/4	1	1	1/4	1/4	1		-1	77	F5	5	165
9	9	137/4	137/4	0.25	9/16	9/16	4/4	3	1	1/16	1/16	1		-4	68	Ab4	4	177
9	9	69/2	69/2	0.25	5/8	5/8	4/4	3	1	1/16	1/16	1		-1	65	F4	4	178
9	9	139/4	139/4	0.25	11/16	11/16	4/4	3	1	1/16	1/16	1		2	62	D4	4	179
9	9	35	35	0.5	3/4	3/4	4/4	4	1	1/8	1/8	1		5	35	B1	1	186
9	9	35	35	0.5	3/4	3/4	4/4	4	1	1/8	1/8	1		5	47	B2	2	186
9	9	35	35	1.0	3/4	3/4	4/4	2	1	1/4	1/4	1		-1	65	F4	4	170
9	9	35	35	1.0	3/4	3/4	4/4	1	1	1/4	1/4	1		-4	68	Ab4	4	166
9	9	141/4	141/4	0.25	13/16	13/16	4/4	3	1	1/16	1/16	1		-4	68	Ab4	4	180
9	9	71/2	71/2	0.25	7/8	7/8	4/4	3	1	1/16	1/16	1		-1	65	F4	4	181
9	9	143/4	143/4	0.25	15/16	15/16	4/4	3	1	1/16	1/16	1		2	62	D4	4	182
10	10	36	36	0.5	0	0	4/4	4	1	1/8	1/8	1		0	36	C2	2	205
10	10	36	36	0.5	0	0	4/4	4	1	1/8	1/8	1		0	48	C3	3	205
10	10	36	36	1.0	0	0	4/4	2	1	1/4	1/4	1		-1	65	F4	4	191
10	10	36	36	1.0	0	0	4/4	1	1	1/4	1/4	1		-4	68	Ab4	4	187
10	10	145/4	145/4	0.25	1/16	1/16	4/4	3	1	1/16	1/16	1		-4	68	Ab4	4	193
10	10	73/2	73/2	0.25	1/8	1/8	4/4	3	1	1/16	1/16	1		-1	65	F4	4	194
10	10	147/4	147/4	0.25	3/16	3/16	4/4	3	1	1/16	1/16	1		0	60	C4	4	195
10	10	37	37	0.5	1/4	1/4	4/4	4	1	1/8	1/8	1		0	36	C2	2	206
10	10	37	37	0.5	1/4	1/4	4/4	4	1	1/8	1/8	1		0	48	C3	3	206
10	10	37	37	1.0	1/4	1/4	4/4	2	1	1/4	1/4	1		4	64	E4	4	192
10	10	37	37	1.0	1/4	1/4	4/4	1	1	1/4	1/4	1		1	67	G4	4	188
10	10	149/4	149/4	0.25	5/16	5/16	4/4	3	1	1/16	1/16	1		1	67	G4	4	196
10	10	75/2	75/2	0.25	3/8	3/8	4/4	3	1	1/16	1/16	1		4	64	E4	4	197
10	10	151/4	151/4	0.25	7/16	7/16	4/4	3	1	1/16	1/16	1		0	60	C4	4	198
10	10	38	38	0.5	1/2	1/2	4/4	4	1	1/8	1/8	1		3	45	A2	2	207
10	10	38	38	0.5	1/2	1/2	4/4	4	1	1/8	1/8	1		3	57	A3	3	207
10	10	38	38	1.5	1/2	1/2	4/4	1	1	3/8	1/4	3/2		0	72	C5	5	189
10	10	153/4	153/4	0.25	9/16	9/16	4/4	3	1	1/16	1/16	1		0	72	C5	5	199
10	10	77/2	77/2	0.25	5/8	5/8	4/4	3	1	1/16	1/16	1		3	69	A4	4	200
10	10	155/4	155/4	0.25	11/16	11/16	4/4	3	1	1/16	1/16	1		-1	65	F4	4	201
10	10	39	39	0.5	3/4	3/4	4/4	4	1	1/8	1/8	1		-1	41	F2	2	208
10	10	39	39	0.5	3/4	3/4	4/4	4	1	1/8	1/8	1		-1	53	F3	3	208
10	10	157/4	157/4	0.25	13/16	13/16	4/4	3	1	1/16	1/16	1		-3	75	Eb5	5	202
10	10	79/2	79/2	0.25	7/8	7/8	4/4	3	1	1/16	1/16	1		0	72	C5	5	203
10	10	79/2	79/2	0.5	7/8	7/8	4/4	1	1	1/8	1/8	1		-3	75	Eb5	5	190
10	10	159/4	159/4	0.25	15/16	15/16	4/4	3	1	1/16	1/16	1		3	69	A4	4	204
11	11	40	40	0.5	0	0	4/4	4	1	1/8	1/8	1		-2	46	Bb2	2	228
11	11	40	40	0.5	0	0	4/4	4	1	1/8	1/8	1		-2	58	Bb3	3	228
11	11	40	40	1.0	0	0	4/4	1	1	1/4	1/4	1		-3	75	Eb5	5	209
11	11	161/4	161/4	0.25	1/16	1/16	4/4	3	1	1/16	1/16	1		-1	77	F5	5	216
11	11	81/2	81/2	0.25	1/8	1/8	4/4	3	1	1/16	1/16	1		-5	73	Db5	5	217
11	11	163/4	163/4	0.25	3/16	3/16	4/4	3	1	1/16	1/16	1		-2	70	Bb4	4	218
11	11	41	41	0.5	1/4	1/4	4/4	4	1	1/8	1/8	1		-5	37	Db2	2	229
11	11	41	41	0.5	1/4	1/4	4/4	4	1	1/8	1/8	1		-5	49	Db3	3	229
11	11	41	41	0.5	1/4	1/4	4/4	1	1	1/8	1/8	1		-5	73	Db5	5	210
11	11	165/4	165/4	0.25	5/16	5/16	4/4	3	1	1/16	1/16	1		-5	73	Db5	5	219
11	11	83/2	83/2	0.25	3/8	3/8	4/4	3	1	1/16	1/16	1		-2	70	Bb4	4	220
11	11	83/2	83/2	0.5	3/8	3/8	4/4	1	1	1/8	1/8	1		-2	70	Bb4	4	211
11	11	167/4	167/4	0.25	7/16	7/16	4/4	3	1	1/16	1/16	1		-1	65	F4	4	221
11	11	42	42	0.5	1/2	1/2	4/4	4	1	1/8	1/8	1		-3	39	Eb2	2	230
11	11	42	42	0.5	1/2	1/2	4/4	4	1	1/8	1/8	1		-3	51	Eb3	3	230
11	11	42	42	0.5	1/2	1/2	4/4	1	1	1/8	1/8	1		-2	70	Bb4	4	212
11	11	169/4	169/4	0.25	9/16	9/16	4/4	3	1	1/16	1/16	1		-6	66	Gb4	4	222
11	11	85/2	85/2	0.25	5/8	5/8	4/4	3	1	1/16	1/16	1		-3	63	Eb4	4	223
11	11	85/2	85/2	1.0	5/8	5/8	4/4	1	1	1/4	1/4	1		0	72	C5	5	213
11	11	171/4	171/4	0.25	11/16	11/16	4/4	3	1	1/16	1/16	1		0	60	C4	4	224
11	11	43	43	0.5	3/4	3/4	4/4	4	1	1/8	1/8	1		-1	41	F2	2	231
11	11	43	43	0.5	3/4	3/4	4/4	4	1	1/8	1/8	1		-1	53	F3	3	231
11	11	173/4	173/4	0.25	13/16	13/16	4/4	3	1	1/16	1/16	1		-3	63	Eb4	4	225
11	11	87/2	87/2	0.25	7/8	7/8	4/4	3	1	1/16	1/16	1		0	60	C4	4	226
11	11	87/2	87/2	0.25	7/8	7/8	4/4	1	1	1/16	1/16	1		-2	70	Bb4	4	214
11	11	175/4	175/4	0.25	15/16	15/16	4/4	3	1	1/16	1/16	1		3	57	A3	3	227
11	11	175/4	175/4	0.25	15/16	15/16	4/4	1	1	1/16	1/16	1		3	69	A4	4	215
12	12	44	44	0.5	0	0	4/4	4	1	1/8	1/8	1		-2	34	Bb1	1	249
12	12	44	44	0.5	0	0	4/4	4	1	1/8	1/8	1		-2	46	Bb2	2	249
12	12	44	44	0.25	0	0	4/4	1	1	1/16	1/16	1		-2	70	Bb4	4	232
12	12	177/4	177/4	0.25	1/16	1/16	4/4	3	1	1/16	1/16	1		-5	61	Db4	4	237
12	12	177/4	177/4	0.25	1/16	1/16	4/4	1	1	1/16	1/16	1		3	69	A4	4	233
12	12	89/2	89/2	0.25	1/8	1/8	4/4	3	1	1/16	1/16	1		-2	58	Bb3	3	238
12	12	89/2	89/2	1.5	1/8	1/8	4/4	1	1	3/8	1/4	3/2		-2	70	Bb4	4	234
12	12	179/4	179/4	0.25	3/16	3/16	4/4	3	1	1/16	1/16	1		-1	65	F4	4	239
12	12	45	45	0.5	1/4	1/4	4/4	4	1	1/8	1/8	1		-4	44	Ab2	2	250
12	12	45	45	0.5	1/4	1/4	4/4	4	1	1/8	1/8	1		-4	56	Ab3	3	250
12	12	181/4	181/4	0.25	5/16	5/16	4/4	3	1	1/16	1/16	1		-5	61	Db4	4	240
12	12	91/2	91/2	0.25	3/8	3/8	4/4	3	1	1/16	1/16	1		-1	65	F4	4	241
12	12	183/4	183/4	0.25	7/16	7/16	4/4	3	1	1/16	1/16	1		-2	70	Bb4	4	242
12	12	46	46	0.5	1/2	1/2	4/4	4	1	1/8	1/8	1		1	43	G2	2	251
12	12	46	46	0.5	1/2	1/2	4/4	4	1	1/8	1/8	1		1	55	G3	3	251
12	12	46	46	1.5	1/2	1/2	4/4	2	1	3/8	1/4	3/2		-2	70	Bb4	4	235
12	12	185/4	185/4	0.25	9/16	9/16	4/4	3	1	1/16	1/16	1		-2	70	Bb4	4	243
12	12	93/2	93/2	0.25	5/8	5/8	4/4	3	1	1/16	1/16	1		1	67	G4	4	244
12	12	187/4	187/4	0.25	11/16	11/16	4/4	3	1	1/16	1/16	1		-3	63	Eb4	4	245
12	12	47	47	0.5	3/4	3/4	4/4	4	1	1/8	1/8	1		-3	39	Eb2	2	252
12	12	47	47	0.5	3/4	3/4	4/4	4	1	1/8	1/8	1		-3	51	Eb3	3	252
12	12	189/4	189/4	0.25	13/16	13/16	4/4	3	1	1/16	1/16	1		-5	73	Db5	5	246
12	12	95/2	95/2	0.25	7/8	7/8	4/4	3	1	1/16	1/16	1		-2	70	Bb4	4	247
12	12	95/2	95/2	0.5	7/8	7/8	4/4	2	1	1/8	1/8	1		-5	73	Db5	5	236
12	12	191/4	191/4	0.25	15/16	15/16	4/4	3	1	1/16	1/16	1		1	67	G4	4	248
13	13	48	48	0.5	0	0	4/4	4	1	1/8	1/8	1		-4	44	Ab2	2	272
13	13	48	48	0.5	0	0	4/4	4	1	1/8	1/8	1		-4	56	Ab3	3	272
13	13	48	48	1.0	0	0	4/4	2	1	1/4	1/4	1		-5	73	Db5	5	253
13	13	193/4	193/4	0.25	1/16	1/16	4/4	3	1	1/16	1/16	1		-3	75	Eb5	5	260
13	13	97/2	97/2	0.25	1/8	1/8	4/4	3	1	1/16	1/16	1		0	72	C5	5	261
13	13	195/4	195/4	0.25	3/16	3/16	4/4	3	1	1/16	1/16	1		-4	68	Ab4	4	262
13	13	49	49	0.5	1/4	1/4	4/4	4	1	1/8	1/8	1		0	36	C2	2	273
13	13	49	49	0.5	1/4	1/4	4/4	4	1	1/8	1/8	1		0	48	C3	3	273
13	13	49	49	0.5	1/4	1/4	4/4	2	1	1/8	1/8	1		0	72	C5	5	254
13	13	197/4	197/4	0.25	5/16	5/16	4/4	3	1	1/16	1/16	1		0	72	C5	5	263
13	13	99/2	99/2	0.25	3/8	3/8	4/4	3	1	1/16	1/16	1		-4	68	Ab4	4	264
13	13	99/2	99/2	0.5	3/8	3/8	4/4	2	1	1/8	1/8	1		-4	68	Ab4	4	255
13	13	199/4	199/4	0.25	7/16	7/16	4/4	3	1	1/16	1/16	1		-3	63	Eb4	4	265
13	13	50	50	0.5	1/2	1/2	4/4	4	1	1/8	1/8	1		-5	37	Db2	2	274
13	13	50	50	0.5	1/2	1/2	4/4	4	1	1/8	1/8	1		-5	49	Db3	3	274
13	13	50	50	0.5	1/2	1/2	4/4	2	1	1/8	1/8	1		-4	68	Ab4	4	256
13	13	201/4	201/4	0.25	9/16	9/16	4/4	3	1	1/16	1/16	1		-1	65	F4	4	266
13	13	101/2	101/2	0.25	5/8	5/8	4/4	3	1	1/16	1/16	1		-5	61	Db4	4	267
13	13	101/2	101/2	1.0	5/8	5/8	4/4	2	1	1/4	1/4	1		-2	70	Bb4	4	257
13	13	203/4	203/4	0.25	11/16	11/16	4/4	3	1	1/16	1/16	1		-2	58	Bb3	3	268
13	13	51	51	0.5	3/4	3/4	4/4	4	1	1/8	1/8	1		-3	39	Eb2	2	275
13	13	51	51	0.5	3/4	3/4	4/4	4	1	1/8	1/8	1		-3	51	Eb3	3	275
13	13	205/4	205/4	0.25	13/16	13/16	4/4	3	1	1/16	1/16	1		-5	61	Db4	4	269
13	13	103/2	103/2	0.25	7/8	7/8	4/4	3	1	1/16	1/16	1		-2	58	Bb3	3	270
13	13	103/2	103/2	0.25	7/8	7/8	4/4	2	1	1/16	1/16	1		-4	68	Ab4	4	258
13	13	207/4	207/4	0.25	15/16	15/16	4/4	3	1	1/16	1/16	1		1	55	G3	3	271
13	13	207/4	207/4	0.25	15/16	15/16	4/4	2	1	1/16	1/16	1		1	67	G4	4	259
14	14	52	52	0.5	0	0	4/4	4	1	1/8	1/8	1		-4	44	Ab2	2	296
14	14	52	52	0.5	0	0	4/4	4	1	1/8	1/8	1		-4	56	Ab3	3	296
14	14	52	52	0.25	0	0	4/4	2	1	1/16	1/16	1		-4	68	Ab4	4	279
14	14	52	52	1.5	0	0	4/4	1	1	3/8	1/4	3/2		-3	75	Eb5	5	276
14	14	209/4	209/4	0.25	1/16	1/16	4/4	2	1	1/16	1/16	1		1	67	G4	4	280
14	14	209/4	209/4	0.25	1/16	1/16	4/4	3	1	1/16	1/16	1		0	72	C5	5	284
14	14	105/2	105/2	0.25	1/8	1/8	4/4	3	1	1/16	1/16	1		-4	68	Ab4	4	285
14	14	105/2	105/2	0.5	1/8	1/8	4/4	2	1	1/8	1/8	1		-4	68	Ab4	4	281
14	14	211/4	211/4	0.25	3/16	3/16	4/4	3	1	1/16	1/16	1		-3	63	Eb4	4	286
14	14	53	53	0.5	1/4	1/4	4/4	4	1	1/8	1/8	1		-4	44	Ab2	2	297
14	14	53	53	0.5	1/4	1/4	4/4	4	1	1/8	1/8	1		-4	56	Ab3	3	297
14	14	213/4	213/4	0.25	5/16	5/16	4/4	3	1	1/16	1/16	1		0	72	C5	5	287
14	14	107/2	107/2	0.25	3/8	3/8	4/4	3	1	1/16	1/16	1		-4	68	Ab4	4	288
14	14	107/2	107/2	0.5	3/8	3/8	4/4	1	1	1/8	1/8	1		-3	75	Eb5	5	277
14	14	215/4	215/4	0.25	7/16	7/16	4/4	3	1	1/16	1/16	1		-3	63	Eb4	4	289
14	14	54	54	0.5	1/2	1/2	4/4	4	1	1/8	1/8	1		-6	42	Gb2	2	298
14	14	54	54	0.5	1/2	1/2	4/4	4	1	1/8	1/8	1		-6	54	Gb3	3	298
14	14	54	54	1.5	1/2	1/2	4/4	2	1	3/8	1/4	3/2		-2	70	Bb4	4	282
14	14	54	54	2.0	1/2	1/2	4/4	1	1	1/2	1/2	1	1	-3	75	Eb5	5	278
14	14	217/4	217/4	0.25	9/16	9/16	4/4	3	1	1/16	1/16	1		-3	75	Eb5	5	290
14	14	109/2	109/2	0.25	5/8	5/8	4/4	3	1	1/16	1/16	1		-2	70	Bb4	4	291
14	14	219/4	219/4	0.25	11/16	11/16	4/4	3	1	1/16	1/16	1		-3	63	Eb4	4	292
14	14	55	55	0.5	3/4	3/4	4/4	4	1	1/8	1/8	1		-6	42	Gb2	2	299
14	14	55	55	0.5	3/4	3/4	4/4	4	1	1/8	1/8	1		-6	54	Gb3	3	299
14	14	221/4	221/4	0.25	13/16	13/16	4/4	3	1	1/16	1/16	1		-3	75	Eb5	5	293
14	14	111/2	111/2	0.25	7/8	7/8	4/4	3	1	1/16	1/16	1		-2	70	Bb4	4	294
14	14	111/2	111/2	0.5	7/8	7/8	4/4	2	1	1/8	1/8	1		-2	70	Bb4	4	283
14	14	223/4	223/4	0.25	15/16	15/16	4/4	3	1	1/16	1/16	1		-3	63	Eb4	4	295
15	15	56	56	0.5	0	0	4/4	4	1	1/8	1/8	1		-1	41	F2	2	321
15	15	56	56	0.5	0	0	4/4	4	1	1/8	1/8	1		-1	53	F3	3	321
15	15	56	56	1.0	0	0	4/4	2	1	1/4	1/4	1		3	69	A4	4	304
15	15	56	56	1.0	0	0	4/4	1	1	1/4	1/4	1	-1	-3	75	Eb5	5	300
15	15	225/4	225/4	0.25	1/16	1/16	4/4	3	1	1/16	1/16	1		-3	75	Eb5	5	309
15	15	113/2	113/2	0.25	1/8	1/8	4/4	3	1	1/16	1/16	1		0	72	C5	5	310
15	15	227/4	227/4	0.25	3/16	3/16	4/4	3	1	1/16	1/16	1		3	69	A4	4	311
15	15	57	57	0.5	1/4	1/4	4/4	4	1	1/8	1/8	1		-1	41	F2	2	322
15	15	57	57	0.5	1/4	1/4	4/4	4	1	1/8	1/8	1		-1	53	F3	3	322
15	15	57	57	1.0	1/4	1/4	4/4	2	1	1/4	1/4	1		-2	70	Bb4	4	305
15	15	57	57	1.0	1/4	1/4	4/4	1	1	1/4	1/4	1		-5	73	Db5	5	301
15	15	229/4	229/4	0.25	5/16	5/16	4/4	3	1	1/16	1/16	1		-5	73	Db5	5	312
15	15	115/2	115/2	0.25	3/8	3/8	4/4	3	1	1/16	1/16	1		-2	70	Bb4	4	313
15	15	231/4	231/4	0.25	7/16	7/16	4/4	3	1	1/16	1/16	1		-1	65	F4	4	314
15	15	58	58	0.5	1/2	1/2	4/4	4	1	1/8	1/8	1		-1	41	F2	2	323
15	15	58	58	0.5	1/2	1/2	4/4	4	1	1/8	1/8	1		-1	53	F3	3	323
15	15	58	58	1.0	1/2	1/2	4/4	2	1	1/4	1/4	1		-2	70	Bb4	4	306
15	15	58	58	1.5	1/2	1/2	4/4	1	1	3/8	1/4	3/2		0	72	C5	5	302
15	15	233/4	233/4	0.25	9/16	9/16	4/4	3	1	1/16	1/16	1		0	72	C5	5	315
15	15	117/2	117/2	0.25	5/8	5/8	4/4	3	1	1/16	1/16	1		-2	70	Bb4	4	316
15	15	235/4	235/4	0.25	11/16	11/16	4/4	3	1	1/16	1/16	1		-1	65	F4	4	317
15	15	59	59	0.5	3/4	3/4	4/4	4	1	1/8	1/8	1		-1	41	F2	2	324
15	15	59	59	0.5	3/4	3/4	4/4	4	1	1/8	1/8	1		-1	53	F3	3	324
15	15	59	59	0.75	3/4	3/4	4/4	2	1	3/16	1/8	3/2		3	69	A4	4	307
15	15	237/4	237/4	0.25	13/16	13/16	4/4	3	1	1/16	1/16	1		0	72	C5	5	318
15	15	119/2	119/2	0.25	7/8	7/8	4/4	3	1	1/16	1/16	1		3	69	A4	4	319
15	15	119/2	119/2	0.5	7/8	7/8	4/4	1	1	1/8	1/8	1		0	72	C5	5	303
15	15	239/4	239/4	0.25	15/16	15/16	4/4	3	1	1/16	1/16	1		-1	65	F4	4	320
15	15	239/4	239/4	0.25	15/16	15/16	4/4	2	1	1/16	1/16	1		3	69	A4	4	308
16	16	60	60	0.5	0	0	4/4	4	1	1/8	1/8	1		-2	34	Bb1	1	339
16	16	60	60	0.5	0	0	4/4	4	1	1/8	1/8	1		-2	46	Bb2	2	339
16	16	60	60	1.0	0	0	4/4	1	1	1/4	1/4	1		-2	70	Bb4	4	325
16	16	60	60	1.0	0	0	4/4	2	1	1/4	1/4	1		-2	70	Bb4	4	326
16	16	241/4	241/4	0.25	1/16	1/16	4/4	3	1	1/16	1/16	1		-1	77	F5	5	327
16	16	121/2	121/2	0.25	1/8	1/8	4/4	3	1	1/16	1/16	1		-5	73	Db5	5	328
16	16	243/4	243/4	0.25	3/16	3/16	4/4	3	1	1/16	1/16	1		-2	70	Bb4	4	329
16	16	61	61	0.5	1/4	1/4	4/4	4	1	1/8	1/8	1		-5	37	Db2	2	340
16	16	61	61	0.5	1/4	1/4	4/4	4	1	1/8	1/8	1		-5	49	Db3	3	340
16	16	245/4	245/4	0.25	5/16	5/16	4/4	3	1	1/16	1/16	1		-5	73	Db5	5	330
16	16	123/2	123/2	0.25	3/8	3/8	4/4	3	1	1/16	1/16	1		-2	70	Bb4	4	331
16	16	247/4	247/4	0.25	7/16	7/16	4/4	3	1	1/16	1/16	1		-1	65	F4	4	332
16	16	62	62	0.5	1/2	1/2	4/4	4	1	1/8	1/8	1		-3	39	Eb2	2	341
16	16	62	62	0.5	1/2	1/2	4/4	4	1	1/8	1/8	1		-3	51	Eb3	3	341
16	16	249/4	249/4	0.25	9/16	9/16	4/4	3	1	1/16	1/16	1		-6	66	Gb4	4	333
16	16	125/2	125/2	0.25	5/8	5/8	4/4	3	1	1/16	1/16	1		-3	63	Eb4	4	334
16	16	251/4	251/4	0.25	11/16	11/16	4/4	3	1	1/16	1/16	1		0	60	C4	4	335
16	16	63	63	0.5	3/4	3/4	4/4	4	1	1/8	1/8	1		-1	41	F2	2	342
16	16	63	63	0.5	3/4	3/4	4/4	4	1	1/8	1/8	1		-1	53	F3	3	342
16	16	253/4	253/4	0.25	13/16	13/16	4/4	3	1	1/16	1/16	1		-3	63	Eb4	4	336
16	16	127/2	127/2	0.25	7/8	7/8	4/4	3	1	1/16	1/16	1		0	60	C4	4	337
16	16	255/4	255/4	0.25	15/16	15/16	4/4	3	1	1/16	1/16	1		3	57	A3	3	338
17	17	64	64	0.5	0	0	4/4	4	1	1/8	1/8	1		-2	34	Bb1	1	360
17	17	64	64	0.5	0	0	4/4	4	1	1/8	1/8	1		-2	46	Bb2	2	360
17	17	64	64	1.0	0	0	4/4	2	1	1/4	1/4	1		-5	73	Db5	5	345
17	17	257/4	257/4	0.25	1/16	1/16	4/4	3	1	1/16	1/16	1		-5	61	Db4	4	348
17	17	129/2	129/2	0.25	1/8	1/8	4/4	3	1	1/16	1/16	1		-2	58	Bb3	3	349
17	17	259/4	259/4	0.25	3/16	3/16	4/4	3	1	1/16	1/16	1		-1	53	F3	3	350
17	17	65	65	0.5	1/4	1/4	4/4	4	1	1/8	1/8	1		-5	37	Db2	2	361
17	17	65	65	0.5	1/4	1/4	4/4	4	1	1/8	1/8	1		-5	49	Db3	3	361
17	17	65	65	1.0	1/4	1/4	4/4	2	1	1/4	1/4	1		-1	65	F4	4	346
17	17	261/4	261/4	0.25	5/16	5/16	4/4	3	1	1/16	1/16	1		-2	70	Bb4	4	351
17	17	131/2	131/2	0.25	3/8	3/8	4/4	3	1	1/16	1/16	1		-1	65	F4	4	352
17	17	263/4	263/4	0.25	7/16	7/16	4/4	3	1	1/16	1/16	1		-5	61	Db4	4	353
17	17	66	66	0.5	1/2	1/2	4/4	4	1	1/8	1/8	1		0	36	C2	2	362
17	17	66	66	0.5	1/2	1/2	4/4	4	1	1/8	1/8	1		0	48	C3	3	362
17	17	66	66	2.0	1/2	1/2	4/4	2	1	1/2	1/2	1		4	64	E4	4	347
17	17	66	66	1.0	1/2	1/2	4/4	1	1	1/4	1/4	1		1	79	G5	5	343
17	17	265/4	265/4	0.25	9/16	9/16	4/4	3	1	1/16	1/16	1		1	67	G4	4	354
17	17	133/2	133/2	0.25	5/8	5/8	4/4	3	1	1/16	1/16	1		4	64	E4	4	355
17	17	267/4	267/4	0.25	11/16	11/16	4/4	3	1	1/16	1/16	1		0	60	C4	4	356
17	17	67	67	0.5	3/4	3/4	4/4	4	1	1/8	1/8	1		0	36	C2	2	363
17	17	67	67	0.5	3/4	3/4	4/4	4	1	1/8	1/8	1		0	48	C3	3	363
17	17	67	67	1.0	3/4	3/4	4/4	1	1	1/4	1/4	1		-2	70	Bb4	4	344
17	17	269/4	269/4	0.25	13/16	13/16	4/4	3	1	1/16	1/16	1		-2	70	Bb4	4	357
17	17	135/2	135/2	0.25	7/8	7/8	4/4	3	1	1/16	1/16	1		1	67	G4	4	358
17	17	271/4	271/4	0.25	15/16	15/16	4/4	3	1	1/16	1/16	1		4	64	E4	4	359
18	18	68	68	0.5	0	0	4/4	4	1	1/8	1/8	1		0	36	C2	2	381
18	18	68	68	0.5	0	0	4/4	4	1	1/8	1/8	1		0	48	C3	3	381
18	18	68	68	2.0	0	0	4/4	2	1	1/2	1/2	1		-1	65	F4	4	367
18	18	68	68	1.0	0	0	4/4	1	1	1/4	1/4	1		-2	70	Bb4	4	364
18	18	273/4	273/4	0.25	1/16	1/16	4/4	3	1	1/16	1/16	1		0	72	C5	5	369
18	18	137/2	137/2	0.25	1/8	1/8	4/4	3	1	1/16	1/16	1		-2	70	Bb4	4	370
18	18	275/4	275/4	0.25	3/16	3/16	4/4	3	1	1/16	1/16	1		-1	65	F4	4	371
18	18	69	69	0.5	1/4	1/4	4/4	4	1	1/8	1/8	1		0	36	C2	2	382
18	18	69	69	0.5	1/4	1/4	4/4	4	1	1/8	1/8	1		0	48	C3	3	382
18	18	69	69	1.0	1/4	1/4	4/4	1	1	1/4	1/4	1		-4	68	Ab4	4	365
18	18	277/4	277/4	0.25	5/16	5/16	4/4	3	1	1/16	1/16	1		0	72	C5	5	372
18	18	139/2	139/2	0.25	3/8	3/8	4/4	3	1	1/16	1/16	1		-4	68	Ab4	4	373
18	18	279/4	279/4	0.25	7/16	7/16	4/4	3	1	1/16	1/16	1		-1	65	F4	4	374
18	18	70	70	0.5	1/2	1/2	4/4	4	1	1/8	1/8	1		0	36	C2	2	383
18	18	70	70	0.5	1/2	1/2	4/4	4	1	1/8	1/8	1		0	48	C3	3	383
18	18	70	70	2.0	1/2	1/2	4/4	2	1	1/2	1/2	1		-1	65	F4	4	368
18	18	70	70	2.0	1/2	1/2	4/4	1	1	1/2	1/2	1		5	71	B4	4	366
18	18	281/4	281/4	0.25	9/16	9/16	4/4	3	1	1/16	1/16	1		5	71	B4	4	375
18	18	141/2	141/2	0.25	5/8	5/8	4/4	3	1	1/16	1/16	1		-4	68	Ab4	4	376
18	18	283/4	283/4	0.25	11/16	11/16	4/4	3	1	1/16	1/16	1		-1	65	F4	4	377
18	18	71	71	0.5	3/4	3/4	4/4	4	1	1/8	1/8	1		0	36	C2	2	384
18	18	71	71	0.5	3/4	3/4	4/4	4	1	1/8	1/8	1		0	48	C3	3	384
18	18	285/4	285/4	0.25	13/16	13/16	4/4	3	1	1/16	1/16	1		5	71	B4	4	378
18	18	143/2	143/2	0.25	7/8	7/8	4/4	3	1	1/16	1/16	1		-4	68	Ab4	4	379
18	18	287/4	287/4	0.25	15/16	15/16	4/4	3	1	1/16	1/16	1		-1	65	F4	4	380
19	19	72	72	0.5	0	0	4/4	4	1	1/8	1/8	1		0	36	C2	2	402
19	19	72	72	0.5	0	0	4/4	4	1	1/8	1/8	1		0	48	C3	3	402
19	19	72	72	2.0	0	0	4/4	2	1	1/2	1/2	1		4	64	E4	4	388
19	19	72	72	2.0	0	0	4/4	1	1	1/2	1/2	1		-2	70	Bb4	4	385
19	19	289/4	289/4	0.25	1/16	1/16	4/4	3	1	1/16	1/16	1		-2	70	Bb4	4	390
19	19	145/2	145/2	0.25	1/8	1/8	4/4	3	1	1/16	1/16	1		1	67	G4	4	391
19	19	291/4	291/4	0.25	3/16	3/16	4/4	3	1	1/16	1/16	1		4	64	E4	4	392
19	19	73	73	0.5	1/4	1/4	4/4	4	1	1/8	1/8	1		0	36	C2	2	403
19	19	73	73	0.5	1/4	1/4	4/4	4	1	1/8	1/8	1		0	48	C3	3	403
19	19	293/4	293/4	0.25	5/16	5/16	4/4	3	1	1/16	1/16	1		-2	70	Bb4	4	393
19	19	147/2	147/2	0.25	3/8	3/8	4/4	3	1	1/16	1/16	1		1	67	G4	4	394
19	19	295/4	295/4	0.25	7/16	7/16	4/4	3	1	1/16	1/16	1		4	64	E4	4	395
19	19	74	74	0.5	1/2	1/2	4/4	4	1	1/8	1/8	1		0	36	C2	2	404
19	19	74	74	0.5	1/2	1/2	4/4	4	1	1/8	1/8	1		0	48	C3	3	404
19	19	74	74	2.0	1/2	1/2	4/4	2	1	1/2	1/2	1		-1	65	F4	4	389
19	19	74	74	1.0	1/2	1/2	4/4	1	1	1/4	1/4	1		3	69	A4	4	386
19	19	297/4	297/4	0.25	9/16	9/16	4/4	3	1	1/16	1/16	1		3	69	A4	4	396
19	19	149/2	149/2	0.25	5/8	5/8	4/4	3	1	1/16	1/16	1		-1	65	F4	4	397
19	19	299/4	299/4	0.25	11/16	11/16	4/4	3	1	1/16	1/16	1		0	60	C4	4	398
19	19	75	75	0.5	3/4	3/4	4/4	4	1	1/8	1/8	1		0	36	C2	2	405
19	19	75	75	0.5	3/4	3/4	4/4	4	1	1/8	1/8	1		0	48	C3	3	405
19	19	75	75	1.0	3/4	3/4	4/4	1	1	1/4	1/4	1		-4	68	Ab4	4	387
19	19	301/4	301/4	0.25	13/16	13/16	4/4	3	1	1/16	1/16	1		-4	68	Ab4	4	399
19	19	151/2	151/2	0.25	7/8	7/8	4/4	3	1	1/16	1/16	1		-1	65	F4	4	400
19	19	303/4	303/4	0.25	15/16	15/16	4/4	3	1	1/16	1/16	1		5	59	B3	3	401
20	20	76	76	0.5	0	0	4/4	4	1	1/8	1/8	1		0	36	C2	2	425
20	20	76	76	0.5	0	0	4/4	4	1	1/8	1/8	1		0	48	C3	3	425
20	20	76	76	1.0	0	0	4/4	2	1	1/4	1/4	1		4	64	E4	4	410
20	20	76	76	0.5	0	0	4/4	1	1	1/8	1/8	1		-4	68	Ab4	4	406
20	20	305/4	305/4	0.25	1/16	1/16	4/4	3	1	1/16	1/16	1		1	67	G4	4	413
20	20	153/2	153/2	0.25	1/8	1/8	4/4	3	1	1/16	1/16	1		4	64	E4	4	414
20	20	153/2	153/2	0.5	1/8	1/8	4/4	1	1	1/8	1/8	1		1	67	G4	4	407
20	20	307/4	307/4	0.25	3/16	3/16	4/4	3	1	1/16	1/16	1		0	60	C4	4	415
20	20	77	77	0.5	1/4	1/4	4/4	4	1	1/8	1/8	1		0	36	C2	2	426
20	20	77	77	0.5	1/4	1/4	4/4	4	1	1/8	1/8	1		0	48	C3	3	426
20	20	77	77	2.0	1/4	1/4	4/4	2	1	1/2	1/2	1		0	72	C5	5	411
20	20	309/4	309/4	0.25	5/16	5/16	4/4	3	1	1/16	1/16	1		1	67	G4	4	416
20	20	155/2	155/2	0.25	3/8	3/8	4/4	3	1	1/16	1/16	1		4	64	E4	4	417
20	20	311/4	311/4	0.25	7/16	7/16	4/4	3	1	1/16	1/16	1		0	60	C4	4	418
20	20	78	78	0.5	1/2	1/2	4/4	4	1	1/8	1/8	1		0	36	C2	2	427
20	20	78	78	0.5	1/2	1/2	4/4	4	1	1/8	1/8	1		0	48	C3	3	427
20	20	78	78	1.0	1/2	1/2	4/4	1	1	1/4	1/4	1		-5	73	Db5	5	408
20	20	313/4	313/4	0.25	9/16	9/16	4/4	3	1	1/16	1/16	1		-5	73	Db5	5	419
20	20	157/2	157/2	0.25	5/8	5/8	4/4	3	1	1/16	1/16	1		-2	70	Bb4	4	420
20	20	315/4	315/4	0.25	11/16	11/16	4/4	3	1	1/16	1/16	1		1	67	G4	4	421
20	20	79	79	0.5	3/4	3/4	4/4	4	1	1/8	1/8	1		0	36	C2	2	428
20	20	79	79	0.5	3/4	3/4	4/4	4	1	1/8	1/8	1		0	48	C3	3	428
20	20	79	79	1.0	3/4	3/4	4/4	2	1	1/4	1/4	1		-2	70	Bb4	4	412
20	20	79	79	1.0	3/4	3/4	4/4	1	1	1/4	1/4	1		4	76	E5	5	409
20	20	317/4	317/4	0.25	13/16	13/16	4/4	3	1	1/16	1/16	1		-2	70	Bb4	4	422
20	20	159/2	159/2	0.25	7/8	7/8	4/4	3	1	1/16	1/16	1		1	67	G4	4	423
20	20	319/4	319/4	0.25	15/16	15/16	4/4	3	1	1/16	1/16	1		4	64	E4	4	424
21	21	80	80	0.5	0	0	4/4	4	1	1/8	1/8	1		0	36	C2	2	449
21	21	80	80	0.5	0	0	4/4	4	1	1/8	1/8	1		0	48	C3	3	449
21	21	80	80	1.0	0	0	4/4	2	1	1/4	1/4	1		-4	68	Ab4	4	433
21	21	80	80	1.0	0	0	4/4	1	1	1/4	1/4	1		-1	77	F5	5	429
21	21	321/4	321/4	0.25	1/16	1/16	4/4	3	1	1/16	1/16	1		-4	68	Ab4	4	437
21	21	161/2	161/2	0.25	1/8	1/8	4/4	3	1	1/16	1/16	1		-1	65	F4	4	438
21	21	323/4	323/4	0.25	3/16	3/16	4/4	3	1	1/16	1/16	1		0	60	C4	4	439
21	21	81	81	0.5	1/4	1/4	4/4	4	1	1/8	1/8	1		0	36	C2	2	450
21	21	81	81	0.5	1/4	1/4	4/4	4	1	1/8	1/8	1		0	48	C3	3	450
21	21	81	81	1.0	1/4	1/4	4/4	2	1	1/4	1/4	1		3	69	A4	4	434
21	21	81	81	1.0	1/4	1/4	4/4	1	1	1/4	1/4	1		-3	75	Eb5	5	430
21	21	325/4	325/4	0.25	5/16	5/16	4/4	3	1	1/16	1/16	1		-3	75	Eb5	5	440
21	21	163/2	163/2	0.25	3/8	3/8	4/4	3	1	1/16	1/16	1		0	72	C5	5	441
21	21	327/4	327/4	0.25	7/16	7/16	4/4	3	1	1/16	1/16	1		3	69	A4	4	442
21	21	82	82	0.5	1/2	1/2	4/4	4	1	1/8	1/8	1		0	36	C2	2	451
21	21	82	82	0.5	1/2	1/2	4/4	4	1	1/8	1/8	1		0	48	C3	3	451
21	21	82	82	1.0	1/2	1/2	4/4	2	1	1/4	1/4	1		-2	70	Bb4	4	435
21	21	82	82	1.0	1/2	1/2	4/4	1	1	1/4	1/4	1		-5	73	Db5	5	431
21	21	329/4	329/4	0.25	9/16	9/16	4/4	3	1	1/16	1/16	1		-5	73	Db5	5	443
21	21	165/2	165/2	0.25	5/8	5/8	4/4	3	1	1/16	1/16	1		-2	70	Bb4	4	444
21	21	331/4	331/4	0.25	11/16	11/16	4/4	3	1	1/16	1/16	1		-1	65	F4	4	445
21	21	83	83	0.5	3/4	3/4	4/4	4	1	1/8	1/8	1		0	36	C2	2	452
21	21	83	83	0.5	3/4	3/4	4/4	4	1	1/8	1/8	1		0	48	C3	3	452
21	21	83	83	1.0	3/4	3/4	4/4	2	1	1/4	1/4	1		-7	71	Cb5	5	436
21	21	83	83	1.0	3/4	3/4	4/4	1	1	1/4	1/4	1		-1	77	F5	5	432
21	21	333/4	333/4	0.25	13/16	13/16	4/4	3	1	1/16	1/16	1		-1	77	F5	5	446
21	21	167/2	167/2	0.25	7/8	7/8	4/4	3	1	1/16	1/16	1		2	74	D5	5	447
21	21	335/4	335/4	0.25	15/16	15/16	4/4	3	1	1/16	1/16	1		5	71	B4	4	448
22	22	84	84	0.5	0	0	4/4	4	1	1/8	1/8	1		0	36	C2	2	473
22	22	84	84	0.5	0	0	4/4	4	1	1/8	1/8	1		0	48	C3	3	473
22	22	84	84	0.5	0	0	4/4	2	1	1/8	1/8	1		5	71	B4	4	458
22	22	84	84	0.25	0	0	4/4	1	1	1/16	1/16	1		4	76	E5	5	453
22	22	337/4	337/4	0.25	1/16	1/16	4/4	1	1	1/16	1/16	1		2	74	D5	5	454
22	22	337/4	337/4	0.25	1/16	1/16	4/4	3	1	1/16	1/16	1		1	79	G5	5	461
22	22	169/2	169/2	0.5	1/8	1/8	4/4	2	1	1/8	1/8	1		0	72	C5	5	459
22	22	169/2	169/2	1.5	1/8	1/8	4/4	1	1	3/8	1/4	3/2		0	72	C5	5	455
22	22	169/2	169/2	0.25	1/8	1/8	4/4	3	1	1/16	1/16	1		4	76	E5	5	462
22	22	339/4	339/4	0.25	3/16	3/16	4/4	3	1	1/16	1/16	1		0	72	C5	5	463
22	22	85	85	0.5	1/4	1/4	4/4	4	1	1/8	1/8	1		0	48	C3	3	474
22	22	85	85	0.5	1/4	1/4	4/4	4	1	1/8	1/8	1		0	60	C4	4	474
22	22	85	85	1.0	1/4	1/4	4/4	2	1	1/4	1/4	1		0	60	C4	4	460
22	22	341/4	341/4	0.25	5/16	5/16	4/4	3	1	1/16	1/16	1		4	76	E5	5	464
22	22	171/2	171/2	0.25	3/8	3/8	4/4	3	1	1/16	1/16	1		0	72	C5	5	465
22	22	343/4	343/4	0.25	7/16	7/16	4/4	3	1	1/16	1/16	1		1	67	G4	4	466
22	22	86	86	0.5	1/2	1/2	4/4	4	1	1/8	1/8	1		-2	46	Bb2	2	475
22	22	86	86	0.5	1/2	1/2	4/4	4	1	1/8	1/8	1		-2	58	Bb3	3	475
22	22	86	86	1.5	1/2	1/2	4/4	1	1	3/8	1/4	3/2		-5	73	Db5	5	456
22	22	345/4	345/4	0.25	9/16	9/16	4/4	3	1	1/16	1/16	1		-5	73	Db5	5	467
22	22	173/2	173/2	0.25	5/8	5/8	4/4	3	1	1/16	1/16	1		-2	70	Bb4	4	468
22	22	347/4	347/4	0.25	11/16	11/16	4/4	3	1	1/16	1/16	1		1	67	G4	4	469
22	22	87	87	0.5	3/4	3/4	4/4	4	1	1/8	1/8	1		1	43	G2	2	476
22	22	87	87	0.5	3/4	3/4	4/4	4	1	1/8	1/8	1		1	55	G3	3	476
22	22	349/4	349/4	0.25	13/16	13/16	4/4	3	1	1/16	1/16	1		-2	70	Bb4	4	470
22	22	175/2	175/2	0.25	7/8	7/8	4/4	3	1	1/16	1/16	1		1	67	G4	4	471
22	22	175/2	175/2	0.5	7/8	7/8	4/4	1	1	1/8	1/8	1		4	76	E5	5	457
22	22	351/4	351/4	0.25	15/16	15/16	4/4	3	1	1/16	1/16	1		4	64	E4	4	472
23	23	88	88	0.5	0	0	4/4	4	1	1/8	1/8	1		-4	44	Ab2	2	495
23	23	88	88	0.5	0	0	4/4	4	1	1/8	1/8	1		-4	56	Ab3	3	495
23	23	88	88	0.5	0	0	4/4	1	1	1/8	1/8	1		4	76	E5	5	477
23	23	353/4	353/4	0.25	1/16	1/16	4/4	3	1	1/16	1/16	1		0	72	C5	5	483
23	23	177/2	177/2	0.25	1/8	1/8	4/4	3	1	1/16	1/16	1		-1	65	F4	4	484
23	23	177/2	177/2	1.0	1/8	1/8	4/4	1	1	1/4	1/4	1		-1	77	F5	5	478
23	23	355/4	355/4	0.25	3/16	3/16	4/4	3	1	1/16	1/16	1		0	60	C4	4	485
23	23	89	89	0.5	1/4	1/4	4/4	4	1	1/8	1/8	1		-2	46	Bb2	2	496
23	23	89	89	0.5	1/4	1/4	4/4	4	1	1/8	1/8	1		-2	58	Bb3	3	496
23	23	357/4	357/4	0.25	5/16	5/16	4/4	3	1	1/16	1/16	1		-5	73	Db5	5	486
23	23	179/2	179/2	0.25	3/8	3/8	4/4	3	1	1/16	1/16	1		-2	70	Bb4	4	487
23	23	179/2	179/2	0.5	3/8	3/8	4/4	1	1	1/8	1/8	1		-2	70	Bb4	4	479
23	23	359/4	359/4	0.25	7/16	7/16	4/4	3	1	1/16	1/16	1		1	67	G4	4	488
23	23	90	90	0.5	1/2	1/2	4/4	4	1	1/8	1/8	1		0	48	C3	3	497
23	23	90	90	0.5	1/2	1/2	4/4	4	1	1/8	1/8	1		0	60	C4	4	497
23	23	90	90	1.0	1/2	1/2	4/4	1	1	1/4	1/4	1		-2	70	Bb4	4	480
23	23	361/4	361/4	0.25	9/16	9/16	4/4	3	1	1/16	1/16	1		0	72	C5	5	489
23	23	181/2	181/2	0.25	5/8	5/8	4/4	3	1	1/16	1/16	1		-4	68	Ab4	4	490
23	23	363/4	363/4	0.25	11/16	11/16	4/4	3	1	1/16	1/16	1		-1	65	F4	4	491
23	23	91	91	0.5	3/4	3/4	4/4	4	1	1/8	1/8	1		0	36	C2	2	498
23	23	91	91	0.5	3/4	3/4	4/4	4	1	1/8	1/8	1		0	48	C3	3	498
23	23	91	91	0.5	3/4	3/4	4/4	1	1	1/8	1/8	1		-4	68	Ab4	4	481
23	23	365/4	365/4	0.25	13/16	13/16	4/4	3	1	1/16	1/16	1		-2	70	Bb4	4	492
23	23	183/2	183/2	0.25	7/8	7/8	4/4	3	1	1/16	1/16	1		1	67	G4	4	493
23	23	183/2	183/2	0.5	7/8	7/8	4/4	1	1	1/8	1/8	1		1	67	G4	4	482
23	23	367/4	367/4	0.25	15/16	15/16	4/4	3	1	1/16	1/16	1		4	64	E4	4	494
24	24	92	92	0.5	0	0	4/4	4	1	1/8	1/8	1		-5	37	Db2	2	517
24	24	92	92	0.5	0	0	4/4	4	1	1/8	1/8	1		-5	49	Db3	3	517
24	24	92	92	1.0	0	0	4/4	1	1	1/4	1/4	1		-1	65	F4	4	499
24	24	92	92	1.0	0	0	4/4	2	1	1/4	1/4	1		-2	70	Bb4	4	502
24	24	369/4	369/4	0.25	1/16	1/16	4/4	3	1	1/16	1/16	1		-5	73	Db5	5	505
24	24	185/2	185/2	0.25	1/8	1/8	4/4	3	1	1/16	1/16	1		3	69	A4	4	506
24	24	371/4	371/4	0.25	3/16	3/16	4/4	3	1	1/16	1/16	1		-2	70	Bb4	4	507
24	24	93	93	0.5	1/4	1/4	4/4	4	1	1/8	1/8	1		-5	37	Db2	2	518
24	24	93	93	0.5	1/4	1/4	4/4	4	1	1/8	1/8	1		-5	49	Db3	3	518
24	24	93	93	1.0	1/4	1/4	4/4	2	1	1/4	1/4	1		-2	70	Bb4	4	503
24	24	373/4	373/4	0.25	5/16	5/16	4/4	3	1	1/16	1/16	1		-5	73	Db5	5	508
24	24	187/2	187/2	0.25	3/8	3/8	4/4	3	1	1/16	1/16	1		3	69	A4	4	509
24	24	375/4	375/4	0.25	7/16	7/16	4/4	3	1	1/16	1/16	1		-2	70	Bb4	4	510
24	24	94	94	0.5	1/2	1/2	4/4	4	1	1/8	1/8	1		-5	37	Db2	2	519
24	24	94	94	0.5	1/2	1/2	4/4	4	1	1/8	1/8	1		-5	49	Db3	3	519
24	24	94	94	2.0	1/2	1/2	4/4	2	1	1/2	1/2	1	1	-2	70	Bb4	4	504
24	24	94	94	1.0	1/2	1/2	4/4	1	1	1/4	1/4	1		-1	77	F5	5	500
24	24	377/4	377/4	0.25	9/16	9/16	4/4	3	1	1/16	1/16	1		-1	77	F5	5	511
24	24	189/2	189/2	0.25	5/8	5/8	4/4	3	1	1/16	1/16	1		-2	70	Bb4	4	512
24	24	379/4	379/4	0.25	11/16	11/16	4/4	3	1	1/16	1/16	1		-1	65	F4	4	513
24	24	95	95	0.5	3/4	3/4	4/4	4	1	1/8	1/8	1		-5	37	Db2	2	520
24	24	95	95	0.5	3/4	3/4	4/4	4	1	1/8	1/8	1		-5	49	Db3	3	520
24	24	95	95	1.0	3/4	3/4	4/4	1	1	1/4	1/4	1		-1	77	F5	5	501
24	24	381/4	381/4	0.25	13/16	13/16	4/4	3	1	1/16	1/16	1		-1	77	F5	5	514
24	24	191/2	191/2	0.25	7/8	7/8	4/4	3	1	1/16	1/16	1		-2	70	Bb4	4	515
24	24	383/4	383/4	0.25	15/16	15/16	4/4	3	1	1/16	1/16	1		-1	65	F4	4	516
25	25	96	96	0.5	0	0	4/4	4	1	1/8	1/8	1		0	36	C2	2	542
25	25	96	96	0.5	0	0	4/4	4	1	1/8	1/8	1		0	48	C3	3	542
25	25	96	96	1.0	0	0	4/4	2	1	1/4	1/4	1	-1	-2	70	Bb4	4	526
25	25	96	96	1.0	0	0	4/4	1	1	1/4	1/4	1		4	76	E5	5	521
25	25	385/4	385/4	0.25	1/16	1/16	4/4	3	1	1/16	1/16	1		-2	82	Bb5	5	530
25	25	193/2	193/2	0.25	1/8	1/8	4/4	3	1	1/16	1/16	1		1	79	G5	5	531
25	25	387/4	387/4	0.25	3/16	3/16	4/4	3	1	1/16	1/16	1		4	76	E5	5	532
25	25	97	97	0.5	1/4	1/4	4/4	4	1	1/8	1/8	1		0	36	C2	2	543
25	25	97	97	0.5	1/4	1/4	4/4	4	1	1/8	1/8	1		0	48	C3	3	543
25	25	97	97	1.0	1/4	1/4	4/4	2	1	1/4	1/4	1		-4	68	Ab4	4	527
25	25	97	97	1.0	1/4	1/4	4/4	1	1	1/4	1/4	1		-1	77	F5	5	522
25	25	389/4	389/4	0.25	5/16	5/16	4/4	3	1	1/16	1/16	1		-4	80	Ab5	5	533
25	25	195/2	195/2	0.25	3/8	3/8	4/4	3	1	1/16	1/16	1		-1	77	F5	5	534
25	25	391/4	391/4	0.25	7/16	7/16	4/4	3	1	1/16	1/16	1		0	72	C5	5	535
25	25	98	98	0.5	1/2	1/2	4/4	4	1	1/8	1/8	1		0	36	C2	2	544
25	25	98	98	0.5	1/2	1/2	4/4	4	1	1/8	1/8	1		0	48	C3	3	544
25	25	98	98	1.5	1/2	1/2	4/4	2	1	3/8	1/4	3/2		1	67	G4	4	528
25	25	98	98	1.0	1/2	1/2	4/4	1	1	1/4	1/4	1		-1	77	F5	5	523
25	25	393/4	393/4	0.25	9/16	9/16	4/4	3	1	1/16	1/16	1		1	79	G5	5	536
25	25	197/2	197/2	0.25	5/8	5/8	4/4	3	1	1/16	1/16	1		-1	77	F5	5	537
25	25	395/4	395/4	0.25	11/16	11/16	4/4	3	1	1/16	1/16	1		0	72	C5	5	538
25	25	99	99	0.5	3/4	3/4	4/4	4	1	1/8	1/8	1		0	36	C2	2	545
25	25	99	99	0.5	3/4	3/4	4/4	4	1	1/8	1/8	1		0	48	C3	3	545
25	25	99	99	0.5	3/4	3/4	4/4	1	1	1/8	1/8	1		4	76	E5	5	524
25	25	397/4	397/4	0.25	13/16	13/16	4/4	3	1	1/16	1/16	1		1	79	G5	5	539
25	25	199/2	199/2	0.5	7/8	7/8	4/4	2	1	1/8	1/8	1		1	67	G4	4	529
25	25	199/2	199/2	0.25	7/8	7/8	4/4	3	1	1/16	1/16	1		4	76	E5	5	540
25	25	199/2	199/2	0.5	7/8	7/8	4/4	1	1	1/8	1/8	1		4	76	E5	5	525
25	25	399/4	399/4	0.25	15/16	15/16	4/4	3	1	1/16	1/16	1		0	72	C5	5	541
26	26	100	100	1.0	0	0	4/4	4	1	1/4	1/4	1		-5	37	Db2	2	558
26	26	100	100	1.0	0	0	4/4	4	1	1/4	1/4	1		-5	49	Db3	3	558
26	26	100	100	1.0	0	0	4/4	2	1	1/4	1/4	1		-1	65	F4	4	549
26	26	100	100	0.5	0	0	4/4	3	1	1/8	1/8	1		-2	70	Bb4	4	550
26	26	100	100	1.0	0	0	4/4	1	1	1/4	1/4	1		-1	77	F5	5	546
26	26	201/2	201/2	0.5	1/8	1/8	4/4	3	1	1/8	1/8	1		-4	68	Ab4	4	551
26	26	102	102	0.5	1/2	1/2	4/4	4	1	1/8	1/8	1		-5	37	Db2	2	559
26	26	102	102	0.5	1/2	1/2	4/4	4	1	1/8	1/8	1		-5	49	Db3	3	559
26	26	102	102	1.0	1/2	1/2	4/4	1	1	1/4	1/4	1		-2	70	Bb4	4	547
26	26	409/4	409/4	0.25	9/16	9/16	4/4	3	1	1/16	1/16	1		-5	73	Db5	5	552
26	26	205/2	205/2	0.25	5/8	5/8	4/4	3	1	1/16	1/16	1		3	69	A4	4	553
26	26	411/4	411/4	0.25	11/16	11/16	4/4	3	1	1/16	1/16	1		-2	70	Bb4	4	554
26	26	103	103	0.5	3/4	3/4	4/4	4	1	1/8	1/8	1		-5	37	Db2	2	560
26	26	103	103	0.5	3/4	3/4	4/4	4	1	1/8	1/8	1		-5	49	Db3	3	560
26	26	103	103	1.0	3/4	3/4	4/4	1	1	1/4	1/4	1		-2	70	Bb4	4	548
26	26	413/4	413/4	0.25	13/16	13/16	4/4	3	1	1/16	1/16	1		-5	73	Db5	5	555
26	26	207/2	207/2	0.25	7/8	7/8	4/4	3	1	1/16	1/16	1		3	69	A4	4	556
26	26	415/4	415/4	0.25	15/16	15/16	4/4	3	1	1/16	1/16	1		-2	70	Bb4	4	557
27	27	104	104	0.5	0	0	4/4	4	1	1/8	1/8	1		-5	37	Db2	2	579
27	27	104	104	0.5	0	0	4/4	4	1	1/8	1/8	1		-5	49	Db3	3	579
27	27	104	104	1.0	0	0	4/4	2	1	1/4	1/4	1		-1	65	F4	4	563
27	27	104	104	3.0	0	0	4/4	1	1	3/4	1/2	3/2		-2	70	Bb4	4	561
27	27	417/4	417/4	0.25	1/16	1/16	4/4	3	1	1/16	1/16	1		-2	70	Bb4	4	567
27	27	209/2	209/2	0.25	1/8	1/8	4/4	3	1	1/16	1/16	1		1	67	G4	4	568
27	27	419/4	419/4	0.25	3/16	3/16	4/4	3	1	1/16	1/16	1		-1	65	F4	4	569
27	27	105	105	0.5	1/4	1/4	4/4	4	1	1/8	1/8	1		-5	37	Db2	2	580
27	27	105	105	0.5	1/4	1/4	4/4	4	1	1/8	1/8	1		-5	49	Db3	3	580
27	27	105	105	1.0	1/4	1/4	4/4	2	1	1/4	1/4	1		-1	65	F4	4	564
27	27	421/4	421/4	0.25	5/16	5/16	4/4	3	1	1/16	1/16	1		-2	70	Bb4	4	570
27	27	211/2	211/2	0.25	3/8	3/8	4/4	3	1	1/16	1/16	1		1	67	G4	4	571
27	27	423/4	423/4	0.25	7/16	7/16	4/4	3	1	1/16	1/16	1		-1	65	F4	4	572
27	27	106	106	0.5	1/2	1/2	4/4	4	1	1/8	1/8	1		0	36	C2	2	581
27	27	106	106	0.5	1/2	1/2	4/4	4	1	1/8	1/8	1		0	48	C3	3	581
27	27	106	106	1.0	1/2	1/2	4/4	2	1	1/4	1/4	1		4	64	E4	4	565
27	27	425/4	425/4	0.25	9/16	9/16	4/4	3	1	1/16	1/16	1		-2	70	Bb4	4	573
27	27	213/2	213/2	0.25	5/8	5/8	4/4	3	1	1/16	1/16	1		1	67	G4	4	574
27	27	427/4	427/4	0.25	11/16	11/16	4/4	3	1	1/16	1/16	1		4	64	E4	4	575
27	27	107	107	0.5	3/4	3/4	4/4	4	1	1/8	1/8	1		0	36	C2	2	582
27	27	107	107	0.5	3/4	3/4	4/4	4	1	1/8	1/8	1		0	48	C3	3	582
27	27	107	107	1.0	3/4	3/4	4/4	2	1	1/4	1/4	1		-1	65	F4	4	566
27	27	107	107	1.0	3/4	3/4	4/4	1	1	1/4	1/4	1		-4	68	Ab4	4	562
27	27	429/4	429/4	0.25	13/16	13/16	4/4	3	1	1/16	1/16	1		0	72	C5	5	576
27	27	215/2	215/2	0.25	7/8	7/8	4/4	3	1	1/16	1/16	1		-4	68	Ab4	4	577
27	27	431/4	431/4	0.25	15/16	15/16	4/4	3	1	1/16	1/16	1		-1	65	F4	4	578
28	28	108	108	0.5	0	0	4/4	4	1	1/8	1/8	1		0	36	C2	2	602
28	28	108	108	0.5	0	0	4/4	4	1	1/8	1/8	1		0	48	C3	3	602
28	28	108	108	1.0	0	0	4/4	2	1	1/4	1/4	1		-1	65	F4	4	586
28	28	108	108	1.5	0	0	4/4	1	1	3/8	1/4	3/2		1	67	G4	4	583
28	28	433/4	433/4	0.25	1/16	1/16	4/4	3	1	1/16	1/16	1		0	72	C5	5	590
28	28	217/2	217/2	0.25	1/8	1/8	4/4	3	1	1/16	1/16	1		1	67	G4	4	591
28	28	435/4	435/4	0.25	3/16	3/16	4/4	3	1	1/16	1/16	1		-1	65	F4	4	592
28	28	109	109	0.5	1/4	1/4	4/4	4	1	1/8	1/8	1		0	36	C2	2	603
28	28	109	109	0.5	1/4	1/4	4/4	4	1	1/8	1/8	1		0	48	C3	3	603
28	28	109	109	0.5	1/4	1/4	4/4	2	1	1/8	1/8	1		4	64	E4	4	587
28	28	437/4	437/4	0.25	5/16	5/16	4/4	3	1	1/16	1/16	1		-2	70	Bb4	4	593
28	28	219/2	219/2	0.5	3/8	3/8	4/4	2	1	1/8	1/8	1		4	64	E4	4	588
28	28	219/2	219/2	0.25	3/8	3/8	4/4	3	1	1/16	1/16	1		1	67	G4	4	594
28	28	219/2	219/2	0.5	3/8	3/8	4/4	1	1	1/8	1/8	1		1	67	G4	4	584
28	28	439/4	439/4	0.25	7/16	7/16	4/4	3	1	1/16	1/16	1		4	64	E4	4	595
28	28	110	110	0.5	1/2	1/2	4/4	4	1	1/8	1/8	1		-1	41	F2	2	604
28	28	110	110	0.5	1/2	1/2	4/4	4	1	1/8	1/8	1		-1	53	F3	3	604
28	28	110	110	1.0	1/2	1/2	4/4	1	1	1/4	1/4	1		-1	65	F4	4	585
28	28	110	110	1.0	1/2	1/2	4/4	2	1	1/4	1/4	1		-1	65	F4	4	589
28	28	441/4	441/4	0.25	9/16	9/16	4/4	3	1	1/16	1/16	1		-4	68	Ab4	4	596
28	28	221/2	221/2	0.25	5/8	5/8	4/4	3	1	1/16	1/16	1		4	64	E4	4	597
28	28	443/4	443/4	0.25	11/16	11/16	4/4	3	1	1/16	1/16	1		-1	65	F4	4	598
28	28	111	111	0.5	3/4	3/4	4/4	4	1	1/8	1/8	1		-4	32	Ab1	1	605
28	28	111	111	0.5	3/4	3/4	4/4	4	1	1/8	1/8	1		-4	44	Ab2	2	605
28	28	445/4	445/4	0.25	13/16	13/16	4/4	3	1	1/16	1/16	1		0	72	C5	5	599
28	28	223/2	223/2	0.25	7/8	7/8	4/4	3	1	1/16	1/16	1		-4	68	Ab4	4	600
28	28	447/4	447/4	0.25	15/16	15/16	4/4	3	1	1/16	1/16	1		-1	65	F4	4	601
29	29	112	112	0.5	0	0	4/4	4	1	1/8	1/8	1		-2	34	Bb1	1	613
29	29	112	112	0.5	0	0	4/4	4	1	1/8	1/8	1		-2	46	Bb2	2	613
29	29	449/4	449/4	0.25	1/16	1/16	4/4	3	1	1/16	1/16	1		-5	73	Db5	5	606
29	29	225/2	225/2	0.25	1/8	1/8	4/4	3	1	1/16	1/16	1		-2	70	Bb4	4	607
29	29	451/4	451/4	0.25	3/16	3/16	4/4	3	1	1/16	1/16	1		1	67	G4	4	608
29	29	113	113	0.5	1/4	1/4	4/4	4	1	1/8	1/8	1		0	36	C2	2	614
29	29	113	113	0.5	1/4	1/4	4/4	4	1	1/8	1/8	1		0	48	C3	3	614
29	29	453/4	453/4	0.25	5/16	5/16	4/4	3	1	1/16	1/16	1		-2	70	Bb4	4	609
29	29	227/2	227/2	0.25	3/8	3/8	4/4	3	1	1/16	1/16	1		1	67	G4	4	610
29	29	455/4	455/4	0.25	7/16	7/16	4/4	3	1	1/16	1/16	1		4	64	E4	4	611
29	29	114	114	1.0	1/2	1/2	4/4	4	1	1/4	1/4	1		-1	29	F1	1	615
29	29	114	114	1.0	1/2	1/2	4/4	4	1	1/4	1/4	1		-1	41	F2	2	615
29	29	114	114	1.0	1/2	1/2	4/4	3	1	1/4	1/4	1		-4	56	Ab3	3	612
29	29	114	114	1.0	1/2	1/2	4/4	3	1	1/4	1/4	1		0	60	C4	4	612
29	29	114	114	1.0	1/2	1/2	4/4	3	1	1/4	1/4	1		-1	65	F4	4	612
30	30	116	116	4.0	0	0	2/2	1	1	1	1	1		0	72	C5	5	616
30	30	116	116	4.0	0	0	2/2	3	1	1	1	1		0	72	C5	5	617
30	30	118	118	1.0	1/2	1/2	2/2	3	2	1/4	1/4	1		-4	68	Ab4	4	618
30	30	119	119	1.0	3/4	3/4	2/2	3	2	1/4	1/4	1		-1	65	F4	4	619
31	31	120	120	2.0	0	0	2/2	3	2	1/2	1/2	1		-2	70	Bb4	4	622
31	31	120	120	4.0	0	0	2/2	1	1	1	1	1		-5	73	Db5	5	620
31	31	120	120	4.0	0	0	2/2	3	1	1	1	1		-5	73	Db5	5	621
31	31	122	122	1.0	1/2	1/2	2/2	3	2	1/4	1/4	1		1	67	G4	4	623
31	31	123	123	1.0	3/4	3/4	2/2	3	2	1/4	1/4	1		-3	63	Eb4	4	624
32	32	124	124	2.0	0	0	2/2	3	2	1/2	1/2	1		-4	68	Ab4	4	627
32	32	124	124	4.0	0	0	2/2	1	1	1	1	1		0	72	C5	5	625
32	32	124	124	4.0	0	0	2/2	3	1	1	1	1		0	72	C5	5	626
32	32	126	126	1.0	1/2	1/2	2/2	3	2	1/4	1/4	1		-1	65	F4	4	628
32	32	127	127	1.0	3/4	3/4	2/2	3	2	1/4	1/4	1		-5	61	Db4	4	629
33	33	128	128	2.0	0	0	2/2	3	2	1/2	1/2	1		1	67	G4	4	632
33	33	128	128	4.0	0	0	2/2	1	1	1	1	1		-2	70	Bb4	4	630
33	33	128	128	4.0	0	0	2/2	3	1	1	1	1		-2	70	Bb4	4	631
33	33	130	130	1.0	1/2	1/2	2/2	3	2	1/4	1/4	1		4	64	E4	4	633
33	33	131	131	1.0	3/4	3/4	2/2	3	2	1/4	1/4	1		0	60	C4	4	634
34	34	132	132	1.0	0	0	2/2	3	2	1/4	1/4	1		-1	65	F4	4	641
34	34	132	132	2.0	0	0	2/2	1	1	1/2	1/2	1		-4	68	Ab4	4	635
34	34	132	132	2.0	0	0	2/2	3	1	1/2	1/2	1		-4	68	Ab4	4	638
34	34	133	133	1.0	1/4	1/4	2/2	3	2	1/4	1/4	1		-3	63	Eb4	4	642
34	34	134	134	1.0	1/2	1/2	2/2	3	2	1/4	1/4	1		-5	61	Db4	4	643
34	34	134	134	1.0	1/2	1/2	2/2	1	1	1/4	1/4	1		-2	70	Bb4	4	636
34	34	134	134	1.0	1/2	1/2	2/2	3	1	1/4	1/4	1		-2	70	Bb4	4	639
34	34	135	135	1.0	3/4	3/4	2/2	3	2	1/4	1/4	1		0	60	C4	4	644
34	34	135	135	1.0	3/4	3/4	2/2	1	1	1/4	1/4	1		-4	68	Ab4	4	637
34	34	135	135	1.0	3/4	3/4	2/2	3	1	1/4	1/4	1		-4	68	Ab4	4	640
35	35	136	136	2.0	0	0	2/2	3	2	1/2	1/2	1		-2	58	Bb3	3	647
35	35	136	136	4.0	0	0	2/2	1	1	1	1	1		1	67	G4	4	645
35	35	136	136	4.0	0	0	2/2	3	1	1	1	1		1	67	G4	4	646
35	35	138	138	2.0	1/2	1/2	2/2	3	2	1/2	1/2	1		0	60	C4	4	648
36	36	140	140	2.0	0	0	2/2	1	1	1/2	1/2	1		-1	65	F4	4	649
36	36	140	140	4.0	0	0	2/2	2	1	1	1	1		-1	65	F4	4	650
36	36	140	140	4.0	0	0	2/2	3	1	1	1	1		-1	65	F4	4	651
36	36	140	140	4.0	0	0	2/2	3	1	1	1	1		-1	77	F5	5	651
36	36	142	142	1.0	1/2	1/2	2/2	4	1	1/4	1/4	1		-4	56	Ab3	3	652
36	36	142	142	1.0	1/2	1/2	2/2	4	1	1/4	1/4	1		0	60	C4	4	652
36	36	143	143	1.0	3/4	3/4	2/2	4	1	1/4	1/4	1		1	55	G3	3	653
36	36	143	143	1.0	3/4	3/4	2/2	4	1	1/4	1/4	1		-2	58	Bb3	3	653
37	37	144	144	2.0	0	0	2/2	4	1	1/2	1/2	1		-1	53	F3	3	658
37	37	144	144	2.0	0	0	2/2	4	1	1/2	1/2	1		-4	56	Ab3	3	658
37	37	144	144	4.0	0	0	2/2	2	1	1	1	1		-4	68	Ab4	4	655
37	37	144	144	4.0	0	0	2/2	3	1	1	1	1		-4	80	Ab5	5	656
37	37	146	146	1.0	1/2	1/2	2/2	4	1	1/4	1/4	1		-1	65	F4	4	659
37	37	146	146	2.0	1/2	1/2	2/2	1	1	1/2	1/2	1	1	-1	77	F5	5	654
37	37	146	146	2.0	1/2	1/2	2/2	3	2	1/2	1/2	1		-1	77	F5	5	657
37	37	147	147	1.0	3/4	3/4	2/2	4	1	1/4	1/4	1		2	62	D4	4	660
38	38	148	148	2.0	0	0	2/2	4	1	1/2	1/2	1		-3	63	Eb4	4	667
38	38	148	148	4.0	0	0	2/2	2	1	1	1	1		1	67	G4	4	663
38	38	148	148	2.0	0	0	2/2	1	1	1/2	1/2	1	-1	-1	77	F5	5	661
38	38	148	148	2.0	0	0	2/2	3	2	1/2	1/2	1		1	79	G5	5	665
38	38	148	148	4.0	0	0	2/2	3	1	1	1	1		1	79	G5	5	664
38	38	150	150	1.0	1/2	1/2	2/2	4	1	1/4	1/4	1		0	60	C4	4	668
38	38	150	150	2.0	1/2	1/2	2/2	1	1	1/2	1/2	1	1	-3	75	Eb5	5	662
38	38	150	150	2.0	1/2	1/2	2/2	3	2	1/2	1/2	1	1	-3	75	Eb5	5	666
38	38	151	151	1.0	3/4	3/4	2/2	4	1	1/4	1/4	1		-4	56	Ab3	3	669
39	39	152	152	2.0	0	0	2/2	4	1	1/2	1/2	1		2	62	D4	4	676
39	39	152	152	4.0	0	0	2/2	2	1	1	1	1		-1	65	F4	4	672
39	39	152	152	2.0	0	0	2/2	1	1	1/2	1/2	1	-1	-3	75	Eb5	5	670
39	39	152	152	2.0	0	0	2/2	3	2	1/2	1/2	1	-1	-3	75	Eb5	5	674
39	39	152	152	4.0	0	0	2/2	3	1	1	1	1		-1	77	F5	5	673
39	39	154	154	1.0	1/2	1/2	2/2	4	1	1/4	1/4	1		-7	59	Cb4	4	677
39	39	154	154	2.0	1/2	1/2	2/2	1	1	1/2	1/2	1	1	2	74	D5	5	671
39	39	154	154	2.0	1/2	1/2	2/2	3	2	1/2	1/2	1	1	2	74	D5	5	675
39	39	155	155	1.0	3/4	3/4	2/2	4	1	1/4	1/4	1		1	55	G3	3	678
40	40	156	156	1.0	0	0	2/2	4	1	1/4	1/4	1		0	60	C4	4	689
40	40	156	156	2.0	0	0	2/2	2	1	1/2	1/2	1		-3	63	Eb4	4	681
40	40	156	156	2.0	0	0	2/2	1	1	1/2	1/2	1	-1	2	74	D5	5	679
40	40	156	156	2.0	0	0	2/2	3	2	1/2	1/2	1	-1	2	74	D5	5	687
40	40	156	156	2.0	0	0	2/2	3	1	1/2	1/2	1		-3	75	Eb5	5	684
40	40	157	157	1.0	1/4	1/4	2/2	4	1	1/4	1/4	1		-2	58	Bb3	3	690
40	40	158	158	1.0	1/2	1/2	2/2	4	1	1/4	1/4	1		-4	56	Ab3	3	691
40	40	158	158	1.0	1/2	1/2	2/2	2	1	1/4	1/4	1		-1	65	F4	4	682
40	40	158	158	2.0	1/2	1/2	2/2	1	1	1/2	1/2	1	1	0	72	C5	5	680
40	40	158	158	2.0	1/2	1/2	2/2	3	2	1/2	1/2	1	1	0	72	C5	5	688
40	40	158	158	1.0	1/2	1/2	2/2	3	1	1/4	1/4	1		-1	77	F5	5	685
40	40	159	159	1.0	3/4	3/4	2/2	4	1	1/4	1/4	1		1	55	G3	3	692
40	40	159	159	1.0	3/4	3/4	2/2	2	1	1/4	1/4	1		-3	63	Eb4	4	683
40	40	159	159	1.0	3/4	3/4	2/2	3	1	1/4	1/4	1		-3	75	Eb5	5	686
41	41	160	160	2.0	0	0	2/2	4	1	1/2	1/2	1		-1	53	F3	3	699
41	41	160	160	4.0	0	0	2/2	2	1	1	1	1		2	62	D4	4	695
41	41	160	160	2.0	0	0	2/2	1	1	1/2	1/2	1	-1	0	72	C5	5	693
41	41	160	160	2.0	0	0	2/2	3	2	1/2	1/2	1	-1	0	72	C5	5	697
41	41	160	160	4.0	0	0	2/2	3	1	1	1	1		2	74	D5	5	696
41	41	162	162	2.0	1/2	1/2	2/2	4	1	1/2	1/2	1		1	55	G3	3	700
41	41	162	162	2.0	1/2	1/2	2/2	1	1	1/2	1/2	1		5	71	B4	4	694
41	41	162	162	2.0	1/2	1/2	2/2	3	2	1/2	1/2	1		5	71	B4	4	698
42	42	164	164	4.0	0	0	2/2	4	1	1	1	1		0	48	C3	3	709
42	42	164	164	2.0	0	0	2/2	2	1	1/2	1/2	1		0	60	C4	4	702
42	42	164	164	4.0	0	0	2/2	4	1	1	1	1		0	60	C4	4	709
42	42	164	164	2.0	0	0	2/2	1	1	1/2	1/2	1		0	72	C5	5	701
42	42	164	164	2.0	0	0	2/2	3	1	1/2	1/2	1		0	72	C5	5	704
42	42	164	164	2.0	0	0	2/2	3	2	1/2	1/2	1		0	72	C5	5	706
42	42	166	166	2.0	1/2	1/2	2/2	2	1	1/2	1/2	1	1	0	72	C5	5	703
42	42	166	166	1.0	1/2	1/2	2/2	3	2	1/4	1/4	1		4	76	E5	5	707
42	42	166	166	2.0	1/2	1/2	2/2	3	1	1/2	1/2	1	1	0	84	C6	6	705
42	42	167	167	1.0	3/4	3/4	2/2	3	2	1/4	1/4	1		0	72	C5	5	708
43	43	168	168	4.0	0	0	2/2	4	1	1	1	1		-5	49	Db3	3	718
43	43	168	168	4.0	0	0	2/2	4	1	1	1	1		-5	61	Db4	4	718
43	43	168	168	2.0	0	0	2/2	2	1	1/2	1/2	1	-1	0	72	C5	5	711
43	43	168	168	2.0	0	0	2/2	3	2	1/2	1/2	1		-1	77	F5	5	715
43	43	168	168	4.0	0	0	2/2	1	1	1	1	1		-1	77	F5	5	710
43	43	168	168	2.0	0	0	2/2	3	1	1/2	1/2	1	-1	0	84	C6	6	713
43	43	170	170	2.0	1/2	1/2	2/2	2	1	1/2	1/2	1	1	-2	70	Bb4	4	712
43	43	170	170	1.0	1/2	1/2	2/2	3	2	1/4	1/4	1		-2	82	Bb5	5	716
43	43	170	170	2.0	1/2	1/2	2/2	3	1	1/2	1/2	1	1	-2	82	Bb5	5	714
43	43	171	171	1.0	3/4	3/4	2/2	3	2	1/4	1/4	1		-1	77	F5	5	717
44	44	172	172	4.0	0	0	2/2	4	1	1	1	1		0	48	C3	3	728
44	44	172	172	4.0	0	0	2/2	4	1	1	1	1		0	60	C4	4	728
44	44	172	172	2.0	0	0	2/2	2	1	1/2	1/2	1	-1	-2	70	Bb4	4	721
44	44	172	172	2.0	0	0	2/2	1	1	1/2	1/2	1		4	76	E5	5	719
44	44	172	172	2.0	0	0	2/2	3	2	1/2	1/2	1		4	76	E5	5	725
44	44	172	172	2.0	0	0	2/2	3	1	1/2	1/2	1	-1	-2	82	Bb5	5	723
44	44	174	174	2.0	1/2	1/2	2/2	2	1	1/2	1/2	1	1	-4	68	Ab4	4	722
44	44	174	174	1.0	1/2	1/2	2/2	3	2	1/4	1/4	1		-3	75	Eb5	5	726
44	44	174	174	2.0	1/2	1/2	2/2	1	1	1/2	1/2	1		-3	75	Eb5	5	720
44	44	174	174	2.0	1/2	1/2	2/2	3	1	1/2	1/2	1	1	-4	80	Ab5	5	724
44	44	175	175	1.0	3/4	3/4	2/2	3	2	1/4	1/4	1		0	72	C5	5	727
45	45	176	176	4.0	0	0	2/2	4	1	1	1	1		-2	46	Bb2	2	738
45	45	176	176	4.0	0	0	2/2	4	1	1	1	1		-2	58	Bb3	3	738
45	45	176	176	2.0	0	0	2/2	2	1	1/2	1/2	1	-1	-4	68	Ab4	4	731
45	45	176	176	2.0	0	0	2/2	1	1	1/2	1/2	1		2	74	D5	5	729
45	45	176	176	2.0	0	0	2/2	3	2	1/2	1/2	1		2	74	D5	5	735
45	45	176	176	2.0	0	0	2/2	3	1	1/2	1/2	1	-1	-4	80	Ab5	5	733
45	45	178	178	2.0	1/2	1/2	2/2	2	1	1/2	1/2	1	1	1	67	G4	4	732
45	45	178	178	1.0	1/2	1/2	2/2	3	2	1/4	1/4	1		-5	73	Db5	5	736
45	45	178	178	2.0	1/2	1/2	2/2	1	1	1/2	1/2	1		-5	73	Db5	5	730
45	45	178	178	2.0	1/2	1/2	2/2	3	1	1/2	1/2	1	1	1	79	G5	5	734
45	45	179	179	1.0	3/4	3/4	2/2	3	2	1/4	1/4	1		-2	70	Bb4	4	737
46	46	180	180	2.0	0	0	2/2	4	1	1/2	1/2	1		-4	44	Ab2	2	749
46	46	180	180	2.0	0	0	2/2	4	1	1/2	1/2	1		-4	56	Ab3	3	749
46	46	180	180	2.0	0	0	2/2	2	1	1/2	1/2	1	-1	1	67	G4	4	742
46	46	180	180	2.0	0	0	2/2	1	1	1/2	1/2	1		0	72	C5	5	739
46	46	180	180	2.0	0	0	2/2	3	2	1/2	1/2	1		0	72	C5	5	746
46	46	180	180	2.0	0	0	2/2	3	1	1/2	1/2	1	-1	1	79	G5	5	744
46	46	182	182	1.0	1/2	1/2	2/2	4	1	1/4	1/4	1		-2	46	Bb2	2	750
46	46	182	182	1.0	1/2	1/2	2/2	4	1	1/4	1/4	1		-2	58	Bb3	3	750
46	46	182	182	2.0	1/2	1/2	2/2	2	1	1/2	1/2	1	1	-1	65	F4	4	743
46	46	182	182	1.0	1/2	1/2	2/2	1	1	1/4	1/4	1		-5	73	Db5	5	740
46	46	182	182	1.0	1/2	1/2	2/2	3	2	1/4	1/4	1		-5	73	Db5	5	747
46	46	182	182	2.0	1/2	1/2	2/2	3	1	1/2	1/2	1	1	-1	77	F5	5	745
46	46	183	183	1.0	3/4	3/4	2/2	4	1	1/4	1/4	1		-4	44	Ab2	2	751
46	46	183	183	1.0	3/4	3/4	2/2	4	1	1/4	1/4	1		-4	56	Ab3	3	751
46	46	183	183	1.0	3/4	3/4	2/2	1	1	1/4	1/4	1		0	72	C5	5	741
46	46	183	183	1.0	3/4	3/4	2/2	3	2	1/4	1/4	1		0	72	C5	5	748
47	47	184	184	4.0	0	0	2/2	4	1	1	1	1		1	43	G2	2	758
47	47	184	184	4.0	0	0	2/2	4	1	1	1	1		1	55	G3	3	758
47	47	184	184	2.0	0	0	2/2	2	1	1/2	1/2	1	-1	-1	65	F4	4	753
47	47	184	184	4.0	0	0	2/2	1	1	1	1	1		-2	70	Bb4	4	752
47	47	184	184	4.0	0	0	2/2	3	2	1	1	1		-2	70	Bb4	4	757
47	47	184	184	2.0	0	0	2/2	3	1	1/2	1/2	1	-1	-1	77	F5	5	755
47	47	186	186	2.0	1/2	1/2	2/2	2	1	1/2	1/2	1		4	64	E4	4	754
47	47	186	186	2.0	1/2	1/2	2/2	3	1	1/2	1/2	1		4	76	E5	5	756
48	48	188	188	2.0	0	0	2/2	4	1	1/2	1/2	1		-1	41	F2	2	765
48	48	188	188	2.0	0	0	2/2	4	1	1/2	1/2	1		-1	53	F3	3	765
48	48	188	188	2.0	0	0	2/2	2	1	1/2	1/2	1		-1	65	F4	4	761
48	48	188	188	2.0	0	0	2/2	1	1	1/2	1/2	1		-4	68	Ab4	4	759
48	48	188	188	2.0	0	0	2/2	3	1	1/2	1/2	1		-4	68	Ab4	4	763
48	48	188	188	2.0	0	0	2/2	3	1	1/2	1/2	1		-1	77	F5	5	763
48	48	190	190	2.0	1/2	1/2	2/2	4	1	1/2	1/2	1		-1	53	F3	3	766
48	48	190	190	2.0	1/2	1/2	2/2	2	1	1/2	1/2	1	1	-4	68	Ab4	4	762
48	48	190	190	2.0	1/2	1/2	2/2	3	1	1/2	1/2	1		-4	68	Ab4	4	764
48	48	190	190	2.0	1/2	1/2	2/2	1	1	1/2	1/2	1	1	0	72	C5	5	760
48	48	190	190	2.0	1/2	1/2	2/2	3	1	1/2	1/2	1	1	-4	80	Ab5	5	764
49	49	192	192	2.0	0	0	2/2	4	1	1/2	1/2	1		-2	46	Bb2	2	776
49	49	192	192	2.0	0	0	2/2	2	1	1/2	1/2	1	-1	-4	68	Ab4	4	770
49	49	192	192	2.0	0	0	2/2	1	1	1/2	1/2	1	-1	0	72	C5	5	767
49	49	192	192	2.0	0	0	2/2	3	1	1/2	1/2	1		0	72	C5	5	773
49	49	192	192	2.0	0	0	2/2	3	1	1/2	1/2	1	-1	-4	80	Ab5	5	773
49	49	194	194	2.0	1/2	1/2	2/2	4	1	1/2	1/2	1		-2	46	Bb2	2	777
49	49	194	194	1.0	1/2	1/2	2/2	2	1	1/4	1/4	1		1	67	G4	4	771
49	49	194	194	1.0	1/2	1/2	2/2	1	1	1/4	1/4	1		-2	70	Bb4	4	768
49	49	194	194	1.0	1/2	1/2	2/2	3	1	1/4	1/4	1		-2	70	Bb4	4	774
49	49	194	194	1.0	1/2	1/2	2/2	3	1	1/4	1/4	1		1	79	G5	5	774
49	49	195	195	1.0	3/4	3/4	2/2	2	1	1/4	1/4	1		-1	65	F4	4	772
49	49	195	195	1.0	3/4	3/4	2/2	1	1	1/4	1/4	1		-4	68	Ab4	4	769
49	49	195	195	1.0	3/4	3/4	2/2	3	1	1/4	1/4	1		-4	68	Ab4	4	775
49	49	195	195	1.0	3/4	3/4	2/2	3	1	1/4	1/4	1		-1	77	F5	5	775
50	50	196	196	2.0	0	0	2/2	4	1	1/2	1/2	1		0	48	C3	3	785
50	50	196	196	2.0	0	0	2/2	2	1	1/2	1/2	1		4	64	E4	4	780
50	50	196	196	1.0	0	0	2/2	3	1	1/4	1/4	1		1	67	G4	4	781
50	50	196	196	2.0	0	0	2/2	1	1	1/2	1/2	1		1	67	G4	4	778
50	50	196	196	1.0	0	0	2/2	3	1	1/4	1/4	1		4	76	E5	5	781
50	50	197	197	1.0	1/4	1/4	2/2	3	1	1/4	1/4	1		-4	80	Ab5	5	782
50	50	198	198	1.0	1/2	1/2	2/2	3	1	1/4	1/4	1		-1	77	F5	5	783
50	50	198	198	2.0	1/2	1/2	2/2	1	1	1/2	1/2	1		-1	77	F5	5	779
50	50	199	199	1.0	3/4	3/4	2/2	3	1	1/4	1/4	1		-4	80	Ab5	5	784
51	51	200	200	1.0	0	0	2/2	3	1	1/4	1/4	1		-5	73	Db5	5	788
51	51	200	200	2.0	0	0	2/2	1	1	1/2	1/2	1		-5	73	Db5	5	786
51	51	201	201	1.0	1/4	1/4	2/2	3	1	1/4	1/4	1		-1	77	F5	5	789
51	51	202	202	1.0	1/2	1/2	2/2	3	1	1/4	1/4	1		5	71	B4	4	790
51	51	202	202	2.0	1/2	1/2	2/2	1	1	1/2	1/2	1		5	71	B4	4	787
51	51	203	203	1.0	3/4	3/4	2/2	3	1	1/4	1/4	1		2	74	D5	5	791
52	52	204	204	1.0	0	0	2/2	4	2	1/4	1/4	1		0	36	C2	2	798
52	52	204	204	1.0	0	0	2/2	4	2	1/4	1/4	1		0	48	C3	3	798
52	52	204	204	2.0	0	0	2/2	1	1	1/2	1/2	1		0	72	C5	5	792
52	52	204	204	3.0	0	0	2/2	3	1	3/4	1/2	3/2		0	72	C5	5	795
52	52	204	204	4.0	0	0	2/2	2	1	1	1	1	1	0	72	C5	5	794
52	52	205	205	1.0	1/4	1/4	2/2	4	2	1/4	1/4	1		0	60	C4	4	799
52	52	205	205	3.0	1/4	1/4	2/2	4	1	3/4	1/2	3/2	1	0	60	C4	4	797
52	52	206	206	1.0	1/2	1/2	2/2	4	2	1/4	1/4	1		-2	58	Bb3	3	800
52	52	207	207	1.0	3/4	3/4	2/2	4	2	1/4	1/4	1		-4	56	Ab3	3	801
52	52	207	207	1.0	3/4	3/4	2/2	1	1	1/4	1/4	1		-1	77	F5	5	793
52	52	207	207	1.0	3/4	3/4	2/2	3	1	1/4	1/4	1		-1	77	F5	5	796
53	53	208	208	1.0	0	0	2/2	4	1	1/4	1/4	1		1	55	G3	3	811
53	53	208	208	4.0	0	0	2/2	4	2	1	1	1	0	0	60	C4	4	815
53	53	208	208	4.0	0	0	2/2	2	1	1	1	1	0	0	72	C5	5	806
53	53	208	208	1.0	0	0	2/2	1	1	1/4	1/4	1		4	76	E5	5	802
53	53	208	208	1.0	0	0	2/2	3	1	1/4	1/4	1		4	76	E5	5	807
53	53	209	209	1.0	1/4	1/4	2/2	4	1	1/4	1/4	1		-1	53	F3	3	812
53	53	209	209	1.0	1/4	1/4	2/2	1	1	1/4	1/4	1		2	74	D5	5	803
53	53	209	209	1.0	1/4	1/4	2/2	3	1	1/4	1/4	1		2	74	D5	5	808
53	53	210	210	1.0	1/2	1/2	2/2	4	1	1/4	1/4	1		4	52	E3	3	813
53	53	210	210	1.0	1/2	1/2	2/2	1	1	1/4	1/4	1		0	72	C5	5	804
53	53	210	210	1.0	1/2	1/2	2/2	3	1	1/4	1/4	1		0	72	C5	5	809
53	53	211	211	1.0	3/4	3/4	2/2	4	1	1/4	1/4	1		2	50	D3	3	814
53	53	211	211	1.0	3/4	3/4	2/2	1	1	1/4	1/4	1		5	71	B4	4	805
53	53	211	211	1.0	3/4	3/4	2/2	3	1	1/4	1/4	1		5	71	B4	4	810
54	54	212	212	1.0	0	0	2/2	4	2	1/4	1/4	1		0	48	C3	3	823
54	54	212	212	1.0	0	0	2/2	4	1	1/4	1/4	1	-1	0	60	C4	4	821
54	54	212	212	3.0	0	0	2/2	1	1	3/4	1/2	3/2		0	72	C5	5	816
54	54	212	212	3.0	0	0	2/2	3	1	3/4	1/2	3/2		0	72	C5	5	819
54	54	212	212	4.0	0	0	2/2	2	1	1	1	1	0	0	72	C5	5	818
54	54	213	213	1.0	1/4	1/4	2/2	4	2	1/4	1/4	1		0	60	C4	4	824
54	54	213	213	3.0	1/4	1/4	2/2	4	1	3/4	1/2	3/2	1	0	60	C4	4	822
54	54	214	214	1.0	1/2	1/2	2/2	4	2	1/4	1/4	1		-2	58	Bb3	3	825
54	54	215	215	1.0	3/4	3/4	2/2	4	2	1/4	1/4	1		-4	56	Ab3	3	826
54	54	215	215	1.0	3/4	3/4	2/2	1	1	1/4	1/4	1		-1	77	F5	5	817
54	54	215	215	1.0	3/4	3/4	2/2	3	1	1/4	1/4	1		-1	77	F5	5	820
55	55	216	216	1.0	0	0	2/2	4	2	1/4	1/4	1		1	55	G3	3	837
55	55	216	216	4.0	0	0	2/2	4	1	1	1	1	0	0	60	C4	4	836
55	55	216	216	4.0	0	0	2/2	2	1	1	1	1	0	0	72	C5	5	831
55	55	216	216	1.0	0	0	2/2	1	1	1/4	1/4	1		4	76	E5	5	827
55	55	216	216	1.0	0	0	2/2	3	1	1/4	1/4	1		4	76	E5	5	832
55	55	217	217	1.0	1/4	1/4	2/2	4	2	1/4	1/4	1		-1	53	F3	3	838
55	55	217	217	1.0	1/4	1/4	2/2	1	1	1/4	1/4	1		2	74	D5	5	828
55	55	217	217	1.0	1/4	1/4	2/2	3	1	1/4	1/4	1		2	74	D5	5	833
55	55	218	218	1.0	1/2	1/2	2/2	4	2	1/4	1/4	1		4	52	E3	3	839
55	55	218	218	1.0	1/2	1/2	2/2	1	1	1/4	1/4	1		0	72	C5	5	829
55	55	218	218	1.0	1/2	1/2	2/2	3	1	1/4	1/4	1		0	72	C5	5	834
55	55	219	219	1.0	3/4	3/4	2/2	4	2	1/4	1/4	1		2	50	D3	3	840
55	55	219	219	1.0	3/4	3/4	2/2	1	1	1/4	1/4	1		5	71	B4	4	830
55	55	219	219	1.0	3/4	3/4	2/2	3	1	1/4	1/4	1		5	71	B4	4	835
56	56	220	220	2.0	0	0	2/2	4	2	1/2	1/2	1		0	48	C3	3	852
56	56	220	220	3.0	0	0	2/2	4	1	3/4	1/2	3/2	-1	0	60	C4	4	850
56	56	220	220	1.0	0	0	2/2	2	1	1/4	1/4	1	-1	0	72	C5	5	842
56	56	220	220	1.0	0	0	2/2	3	1	1/4	1/4	1		0	72	C5	5	846
56	56	220	220	2.0	0	0	2/2	1	1	1/2	1/2	1		0	72	C5	5	841
56	56	221	221	1.0	1/4	1/4	2/2	2	1	1/4	1/4	1		-5	73	Db5	5	843
56	56	221	221	1.0	1/4	1/4	2/2	3	1	1/4	1/4	1		-5	73	Db5	5	847
56	56	222	222	1.0	1/2	1/2	2/2	2	1	1/4	1/4	1		0	72	C5	5	844
56	56	222	222	1.0	1/2	1/2	2/2	3	1	1/4	1/4	1		0	72	C5	5	848
56	56	223	223	1.0	3/4	3/4	2/2	4	1	1/4	1/4	1		-5	61	Db4	4	851
56	56	223	223	1.0	3/4	3/4	2/2	2	1	1/4	1/4	1		-2	70	Bb4	4	845
56	56	223	223	1.0	3/4	3/4	2/2	3	1	1/4	1/4	1		-2	70	Bb4	4	849
57	57	224	224	1.0	0	0	2/2	4	1	1/4	1/4	1		0	60	C4	4	861
57	57	224	224	1.0	0	0	2/2	2	1	1/4	1/4	1		-4	68	Ab4	4	853
57	57	224	224	1.0	0	0	2/2	3	1	1/4	1/4	1		-4	68	Ab4	4	857
57	57	225	225	1.0	1/4	1/4	2/2	4	1	1/4	1/4	1		-2	58	Bb3	3	862
57	57	225	225	1.0	1/4	1/4	2/2	2	1	1/4	1/4	1		1	67	G4	4	854
57	57	225	225	1.0	1/4	1/4	2/2	3	1	1/4	1/4	1		1	67	G4	4	858
57	57	226	226	1.0	1/2	1/2	2/2	4	1	1/4	1/4	1		-4	56	Ab3	3	863
57	57	226	226	1.0	1/2	1/2	2/2	2	1	1/4	1/4	1		-1	65	F4	4	855
57	57	226	226	1.0	1/2	1/2	2/2	3	1	1/4	1/4	1		-1	65	F4	4	859
57	57	227	227	1.0	3/4	3/4	2/2	4	1	1/4	1/4	1		1	55	G3	3	864
57	57	227	227	1.0	3/4	3/4	2/2	2	1	1/4	1/4	1		4	64	E4	4	856
57	57	227	227	1.0	3/4	3/4	2/2	3	1	1/4	1/4	1		4	64	E4	4	860
58	58	228	228	1.0	0	0	2/2	4	2	1/4	1/4	1		-1	41	F2	2	873
58	58	228	228	1.0	0	0	2/2	4	1	1/4	1/4	1		-1	53	F3	3	871
58	58	228	228	3.0	0	0	2/2	2	1	3/4	1/2	3/2		-1	65	F4	4	866
58	58	228	228	3.0	0	0	2/2	3	2	3/4	1/2	3/2		-1	65	F4	4	869
58	58	228	228	3.0	0	0	2/2	3	2	3/4	1/2	3/2		3	69	A4	4	869
58	58	228	228	4.0	0	0	2/2	1	1	1	1	1	1	-1	77	F5	5	865
58	58	228	228	4.0	0	0	2/2	3	1	1	1	1	1	-1	77	F5	5	868
58	58	229	229	1.0	1/4	1/4	2/2	4	2	1/4	1/4	1		-1	53	F3	3	874
58	58	229	229	3.0	1/4	1/4	2/2	4	1	3/4	1/2	3/2	1	-1	53	F3	3	872
58	58	230	230	1.0	1/2	1/2	2/2	4	2	1/4	1/4	1		-3	51	Eb3	3	875
58	58	231	231	1.0	3/4	3/4	2/2	4	2	1/4	1/4	1		-5	49	Db3	3	876
58	58	231	231	1.0	3/4	3/4	2/2	2	1	1/4	1/4	1		-2	70	Bb4	4	867
58	58	231	231	1.0	3/4	3/4	2/2	3	2	1/4	1/4	1		-2	70	Bb4	4	870
59	59	232	232	1.0	0	0	2/2	4	2	1/4	1/4	1		0	48	C3	3	888
59	59	232	232	4.0	0	0	2/2	4	1	1	1	1	0	-1	53	F3	3	887
59	59	232	232	1.0	0	0	2/2	2	1	1/4	1/4	1		3	69	A4	4	878
59	59	232	232	1.0	0	0	2/2	3	2	1/4	1/4	1		3	69	A4	4	883
59	59	232	232	4.0	0	0	2/2	1	1	1	1	1	0	-1	77	F5	5	877
59	59	232	232	4.0	0	0	2/2	3	1	1	1	1	-1	-1	77	F5	5	882
59	59	233	233	1.0	1/4	1/4	2/2	4	2	1/4	1/4	1		-2	46	Bb2	2	889
59	59	233	233	1.0	1/4	1/4	2/2	2	1	1/4	1/4	1		1	67	G4	4	879
59	59	233	233	1.0	1/4	1/4	2/2	3	2	1/4	1/4	1		1	67	G4	4	884
59	59	234	234	1.0	1/2	1/2	2/2	4	2	1/4	1/4	1		3	45	A2	2	890
59	59	234	234	1.0	1/2	1/2	2/2	2	1	1/4	1/4	1		-1	65	F4	4	880
59	59	234	234	1.0	1/2	1/2	2/2	3	2	1/4	1/4	1		-1	65	F4	4	885
59	59	235	235	1.0	3/4	3/4	2/2	4	2	1/4	1/4	1		1	43	G2	2	891
59	59	235	235	1.0	3/4	3/4	2/2	2	1	1/4	1/4	1		4	64	E4	4	881
59	59	235	235	1.0	3/4	3/4	2/2	3	2	1/4	1/4	1		4	64	E4	4	886
60	60	236	236	1.0	0	0	2/2	4	2	1/4	1/4	1		-1	41	F2	2	900
60	60	236	236	1.0	0	0	2/2	4	1	1/4	1/4	1	-1	-1	53	F3	3	898
60	60	236	236	3.0	0	0	2/2	2	1	3/4	1/2	3/2		-1	65	F4	4	893
60	60	236	236	3.0	0	0	2/2	3	2	3/4	1/2	3/2		-1	65	F4	4	896
60	60	236	236	3.0	0	0	2/2	3	2	3/4	1/2	3/2		3	69	A4	4	896
60	60	236	236	4.0	0	0	2/2	1	1	1	1	1	0	-1	77	F5	5	892
60	60	236	236	4.0	0	0	2/2	3	1	1	1	1	1	-1	77	F5	5	895
60	60	237	237	1.0	1/4	1/4	2/2	4	2	1/4	1/4	1		-1	53	F3	3	901
60	60	237	237	3.0	1/4	1/4	2/2	4	1	3/4	1/2	3/2	1	-1	53	F3	3	899
60	60	238	238	1.0	1/2	1/2	2/2	4	2	1/4	1/4	1		-3	51	Eb3	3	902
60	60	239	239	1.0	3/4	3/4	2/2	4	2	1/4	1/4	1		-5	49	Db3	3	903
60	60	239	239	1.0	3/4	3/4	2/2	2	1	1/4	1/4	1		-2	70	Bb4	4	894
60	60	239	239	1.0	3/4	3/4	2/2	3	2	1/4	1/4	1		-2	70	Bb4	4	897
61	61	240	240	1.0	0	0	2/2	4	2	1/4	1/4	1		0	48	C3	3	915
61	61	240	240	4.0	0	0	2/2	4	1	1	1	1	0	-1	53	F3	3	914
61	61	240	240	1.0	0	0	2/2	2	1	1/4	1/4	1		3	69	A4	4	905
61	61	240	240	1.0	0	0	2/2	3	2	1/4	1/4	1		3	69	A4	4	910
61	61	240	240	4.0	0	0	2/2	1	1	1	1	1	0	-1	77	F5	5	904
61	61	240	240	4.0	0	0	2/2	3	1	1	1	1	0	-1	77	F5	5	909
61	61	241	241	1.0	1/4	1/4	2/2	4	2	1/4	1/4	1		-2	46	Bb2	2	916
61	61	241	241	1.0	1/4	1/4	2/2	2	1	1/4	1/4	1		1	67	G4	4	906
61	61	241	241	1.0	1/4	1/4	2/2	3	2	1/4	1/4	1		1	67	G4	4	911
61	61	242	242	1.0	1/2	1/2	2/2	4	2	1/4	1/4	1		3	45	A2	2	917
61	61	242	242	1.0	1/2	1/2	2/2	2	1	1/4	1/4	1		-1	65	F4	4	907
61	61	242	242	1.0	1/2	1/2	2/2	3	2	1/4	1/4	1		-1	65	F4	4	912
61	61	243	243	1.0	3/4	3/4	2/2	4	2	1/4	1/4	1		1	43	G2	2	918
61	61	243	243	1.0	3/4	3/4	2/2	2	1	1/4	1/4	1		4	64	E4	4	908
61	61	243	243	1.0	3/4	3/4	2/2	3	2	1/4	1/4	1		4	64	E4	4	913
62	62	244	244	2.0	0	0	2/2	4	2	1/2	1/2	1		-1	41	F2	2	931
62	62	244	244	3.0	0	0	2/2	4	1	3/4	1/2	3/2	-1	-1	53	F3	3	929
62	62	244	244	2.0	0	0	2/2	2	1	1/2	1/2	1		-1	65	F4	4	923
62	62	244	244	2.0	0	0	2/2	3	2	1/2	1/2	1		-1	65	F4	4	928
62	62	244	244	1.0	0	0	2/2	1	1	1/4	1/4	1	-1	-1	77	F5	5	919
62	62	244	244	1.0	0	0	2/2	3	1	1/4	1/4	1	-1	-1	77	F5	5	924
62	62	245	245	1.0	1/4	1/4	2/2	1	1	1/4	1/4	1		-6	78	Gb5	5	920
62	62	245	245	1.0	1/4	1/4	2/2	3	1	1/4	1/4	1		-6	78	Gb5	5	925
62	62	246	246	1.0	1/2	1/2	2/2	1	1	1/4	1/4	1		-1	77	F5	5	921
62	62	246	246	1.0	1/2	1/2	2/2	3	1	1/4	1/4	1		-1	77	F5	5	926
62	62	247	247	1.0	3/4	3/4	2/2	4	1	1/4	1/4	1	1	-6	66	Gb4	4	930
62	62	247	247	1.0	3/4	3/4	2/2	1	1	1/4	1/4	1		-3	75	Eb5	5	922
62	62	247	247	1.0	3/4	3/4	2/2	3	1	1/4	1/4	1		-3	75	Eb5	5	927
63	63	248	248	1.0	0	0	2/2	4	1	1/4	1/4	1	-1	-6	66	Gb4	4	940
63	63	248	248	1.0	0	0	2/2	1	1	1/4	1/4	1		-5	73	Db5	5	932
63	63	248	248	1.0	0	0	2/2	3	1	1/4	1/4	1		-5	73	Db5	5	936
63	63	249	249	1.0	1/4	1/4	2/2	4	1	1/4	1/4	1		-3	63	Eb4	4	941
63	63	249	249	1.0	1/4	1/4	2/2	1	1	1/4	1/4	1		0	72	C5	5	933
63	63	249	249	1.0	1/4	1/4	2/2	3	1	1/4	1/4	1		0	72	C5	5	937
63	63	250	250	1.0	1/2	1/2	2/2	4	1	1/4	1/4	1		-5	61	Db4	4	942
63	63	250	250	1.0	1/2	1/2	2/2	1	1	1/4	1/4	1		-2	70	Bb4	4	934
63	63	250	250	1.0	1/2	1/2	2/2	3	1	1/4	1/4	1		-2	70	Bb4	4	938
63	63	251	251	1.0	3/4	3/4	2/2	4	1	1/4	1/4	1		0	60	C4	4	943
63	63	251	251	1.0	3/4	3/4	2/2	1	1	1/4	1/4	1		3	69	A4	4	935
63	63	251	251	1.0	3/4	3/4	2/2	3	1	1/4	1/4	1		3	69	A4	4	939
64	64	252	252	1.0	0	0	2/2	4	2	1/4	1/4	1		-2	46	Bb2	2	952
64	64	252	252	1.0	0	0	2/2	4	1	1/4	1/4	1		-2	58	Bb3	3	950
64	64	252	252	3.0	0	0	2/2	1	1	3/4	1/2	3/2		-2	70	Bb4	4	944
64	64	252	252	3.0	0	0	2/2	3	2	3/4	1/2	3/2		-2	70	Bb4	4	948
64	64	252	252	4.0	0	0	2/2	2	1	1	1	1	1	-2	70	Bb4	4	946
64	64	252	252	3.0	0	0	2/2	3	2	3/4	1/2	3/2		-5	73	Db5	5	948
64	64	252	252	4.0	0	0	2/2	3	1	1	1	1	1	-2	82	Bb5	5	947
64	64	253	253	1.0	1/4	1/4	2/2	4	2	1/4	1/4	1		-2	58	Bb3	3	953
64	64	253	253	3.0	1/4	1/4	2/2	4	1	3/4	1/2	3/2	1	-2	58	Bb3	3	951
64	64	254	254	1.0	1/2	1/2	2/2	4	2	1/4	1/4	1		-4	56	Ab3	3	954
64	64	255	255	1.0	3/4	3/4	2/2	4	2	1/4	1/4	1		-6	54	Gb3	3	955
64	64	255	255	1.0	3/4	3/4	2/2	1	1	1/4	1/4	1		-3	75	Eb5	5	945
64	64	255	255	1.0	3/4	3/4	2/2	3	2	1/4	1/4	1		-3	75	Eb5	5	949
65	65	256	256	1.0	0	0	2/2	4	1	1/4	1/4	1		-1	53	F3	3	966
65	65	256	256	4.0	0	0	2/2	4	2	1	1	1	0	-2	58	Bb3	3	970
65	65	256	256	4.0	0	0	2/2	2	1	1	1	1	0	-2	70	Bb4	4	960
65	65	256	256	1.0	0	0	2/2	1	1	1/4	1/4	1		-5	73	Db5	5	956
65	65	256	256	1.0	0	0	2/2	3	2	1/4	1/4	1		-5	73	Db5	5	962
65	65	256	256	4.0	0	0	2/2	3	1	1	1	1	-1	-2	82	Bb5	5	961
65	65	257	257	1.0	1/4	1/4	2/2	4	1	1/4	1/4	1		-3	51	Eb3	3	967
65	65	257	257	1.0	1/4	1/4	2/2	1	1	1/4	1/4	1		0	72	C5	5	957
65	65	257	257	1.0	1/4	1/4	2/2	3	2	1/4	1/4	1		0	72	C5	5	963
65	65	258	258	1.0	1/2	1/2	2/2	4	1	1/4	1/4	1		-5	49	Db3	3	968
65	65	258	258	1.0	1/2	1/2	2/2	1	1	1/4	1/4	1		-2	70	Bb4	4	958
65	65	258	258	1.0	1/2	1/2	2/2	3	2	1/4	1/4	1		-2	70	Bb4	4	964
65	65	259	259	1.0	3/4	3/4	2/2	4	1	1/4	1/4	1		0	48	C3	3	969
65	65	259	259	1.0	3/4	3/4	2/2	1	1	1/4	1/4	1		3	69	A4	4	959
65	65	259	259	1.0	3/4	3/4	2/2	3	2	1/4	1/4	1		3	69	A4	4	965
66	66	260	260	1.0	0	0	2/2	4	2	1/4	1/4	1		-2	46	Bb2	2	979
66	66	260	260	1.0	0	0	2/2	4	1	1/4	1/4	1	-1	-2	58	Bb3	3	977
66	66	260	260	3.0	0	0	2/2	1	1	3/4	1/2	3/2		-2	70	Bb4	4	971
66	66	260	260	3.0	0	0	2/2	3	2	3/4	1/2	3/2		-2	70	Bb4	4	975
66	66	260	260	4.0	0	0	2/2	2	1	1	1	1	0	-2	70	Bb4	4	973
66	66	260	260	4.0	0	0	2/2	3	1	1	1	1	1	-2	82	Bb5	5	974
66	66	261	261	1.0	1/4	1/4	2/2	4	2	1/4	1/4	1		-2	58	Bb3	3	980
66	66	261	261	3.0	1/4	1/4	2/2	4	1	3/4	1/2	3/2	1	-2	58	Bb3	3	978
66	66	262	262	1.0	1/2	1/2	2/2	4	2	1/4	1/4	1		-4	56	Ab3	3	981
66	66	263	263	1.0	3/4	3/4	2/2	4	2	1/4	1/4	1		-6	54	Gb3	3	982
66	66	263	263	1.0	3/4	3/4	2/2	1	1	1/4	1/4	1		-3	75	Eb5	5	972
66	66	263	263	1.0	3/4	3/4	2/2	3	2	1/4	1/4	1		-3	75	Eb5	5	976
67	67	264	264	1.0	0	0	2/2	4	2	1/4	1/4	1		-1	53	F3	3	994
67	67	264	264	4.0	0	0	2/2	4	1	1	1	1	0	-2	58	Bb3	3	993
67	67	264	264	4.0	0	0	2/2	2	1	1	1	1	0	-2	70	Bb4	4	987
67	67	264	264	1.0	0	0	2/2	1	1	1/4	1/4	1		-5	73	Db5	5	983
67	67	264	264	1.0	0	0	2/2	3	2	1/4	1/4	1		-5	73	Db5	5	989
67	67	264	264	4.0	0	0	2/2	3	1	1	1	1	0	-2	82	Bb5	5	988
67	67	265	265	1.0	1/4	1/4	2/2	4	2	1/4	1/4	1		-3	51	Eb3	3	995
67	67	265	265	1.0	1/4	1/4	2/2	1	1	1/4	1/4	1		0	72	C5	5	984
67	67	265	265	1.0	1/4	1/4	2/2	3	2	1/4	1/4	1		0	72	C5	5	990
67	67	266	266	1.0	1/2	1/2	2/2	4	2	1/4	1/4	1		-5	49	Db3	3	996
67	67	266	266	1.0	1/2	1/2	2/2	1	1	1/4	1/4	1		-2	70	Bb4	4	985
67	67	266	266	1.0	1/2	1/2	2/2	3	2	1/4	1/4	1		-2	70	Bb4	4	991
67	67	267	267	1.0	3/4	3/4	2/2	4	2	1/4	1/4	1		0	48	C3	3	997
67	67	267	267	1.0	3/4	3/4	2/2	1	1	1/4	1/4	1		3	69	A4	4	986
67	67	267	267	1.0	3/4	3/4	2/2	3	2	1/4	1/4	1		3	69	A4	4	992
68	68	268	268	2.0	0	0	2/2	4	2	1/2	1/2	1		-2	46	Bb2	2	1010
68	68	268	268	3.0	0	0	2/2	4	1	3/4	1/2	3/2	-1	-2	58	Bb3	3	1008
68	68	268	268	1.0	0	0	2/2	2	1	1/4	1/4	1	-1	-2	70	Bb4	4	999
68	68	268	268	2.0	0	0	2/2	1	1	1/2	1/2	1		-2	70	Bb4	4	998
68	68	268	268	2.0	0	0	2/2	3	2	1/2	1/2	1		-2	70	Bb4	4	1007
68	68	268	268	1.0	0	0	2/2	3	1	1/4	1/4	1	-1	-2	82	Bb5	5	1003
68	68	269	269	1.0	1/4	1/4	2/2	2	1	1/4	1/4	1		0	72	C5	5	1000
68	68	269	269	1.0	1/4	1/4	2/2	3	1	1/4	1/4	1		0	84	C6	6	1004
68	68	270	270	1.0	1/2	1/2	2/2	2	1	1/4	1/4	1		-5	73	Db5	5	1001
68	68	270	270	1.0	1/2	1/2	2/2	3	1	1/4	1/4	1		-5	85	Db6	6	1005
68	68	271	271	1.0	3/4	3/4	2/2	4	1	1/4	1/4	1		-3	63	Eb4	4	1009
68	68	271	271	1.0	3/4	3/4	2/2	2	1	1/4	1/4	1		0	72	C5	5	1002
68	68	271	271	1.0	3/4	3/4	2/2	3	1	1/4	1/4	1		0	84	C6	6	1006
69	69	272	272	1.0	0	0	2/2	4	1	1/4	1/4	1		-5	61	Db4	4	1019
69	69	272	272	1.0	0	0	2/2	2	1	1/4	1/4	1		-2	70	Bb4	4	1011
69	69	272	272	1.0	0	0	2/2	3	1	1/4	1/4	1		-2	82	Bb5	5	1015
69	69	273	273	1.0	1/4	1/4	2/2	4	1	1/4	1/4	1		0	60	C4	4	1020
69	69	273	273	1.0	1/4	1/4	2/2	2	1	1/4	1/4	1		-4	68	Ab4	4	1012
69	69	273	273	1.0	1/4	1/4	2/2	3	1	1/4	1/4	1		-4	80	Ab5	5	1016
69	69	274	274	1.0	1/2	1/2	2/2	4	1	1/4	1/4	1		-2	58	Bb3	3	1021
69	69	274	274	1.0	1/2	1/2	2/2	2	1	1/4	1/4	1		1	67	G4	4	1013
69	69	274	274	1.0	1/2	1/2	2/2	3	1	1/4	1/4	1		1	79	G5	5	1017
69	69	275	275	1.0	3/4	3/4	2/2	4	1	1/4	1/4	1		5	59	B3	3	1022
69	69	275	275	1.0	3/4	3/4	2/2	2	1	1/4	1/4	1		-1	65	F4	4	1014
69	69	275	275	1.0	3/4	3/4	2/2	3	1	1/4	1/4	1		-1	77	F5	5	1018
70	70	276	276	1.0	0	0	2/2	4	2	1/4	1/4	1		0	48	C3	3	1031
70	70	276	276	1.0	0	0	2/2	4	1	1/4	1/4	1		0	60	C4	4	1029
70	70	276	276	3.0	0	0	2/2	2	1	3/4	1/2	3/2		4	64	E4	4	1024
70	70	276	276	4.0	0	0	2/2	1	1	1	1	1	1	0	72	C5	5	1023
70	70	276	276	4.0	0	0	2/2	3	2	1	1	1	1	0	72	C5	5	1028
70	70	276	276	3.0	0	0	2/2	3	1	3/4	1/2	3/2		4	76	E5	5	1026
70	70	277	277	1.0	1/4	1/4	2/2	4	2	1/4	1/4	1		0	60	C4	4	1032
70	70	277	277	3.0	1/4	1/4	2/2	4	1	3/4	1/2	3/2	1	0	60	C4	4	1030
70	70	278	278	1.0	1/2	1/2	2/2	4	2	1/4	1/4	1		-2	58	Bb3	3	1033
70	70	279	279	1.0	3/4	3/4	2/2	4	2	1/4	1/4	1		-4	56	Ab3	3	1034
70	70	279	279	1.0	3/4	3/4	2/2	2	1	1/4	1/4	1		0	72	C5	5	1025
70	70	279	279	1.0	3/4	3/4	2/2	3	1	1/4	1/4	1		0	84	C6	6	1027
71	71	280	280	1.0	0	0	2/2	4	2	1/4	1/4	1		1	55	G3	3	1046
71	71	280	280	4.0	0	0	2/2	4	1	1	1	1	0	0	60	C4	4	1045
71	71	280	280	1.0	0	0	2/2	2	1	1/4	1/4	1		-2	70	Bb4	4	1036
71	71	280	280	4.0	0	0	2/2	1	1	1	1	1	0	0	72	C5	5	1035
71	71	280	280	4.0	0	0	2/2	3	2	1	1	1	0	0	72	C5	5	1044
71	71	280	280	1.0	0	0	2/2	3	1	1/4	1/4	1		-2	82	Bb5	5	1040
71	71	281	281	1.0	1/4	1/4	2/2	4	2	1/4	1/4	1		-1	53	F3	3	1047
71	71	281	281	1.0	1/4	1/4	2/2	2	1	1/4	1/4	1		-4	68	Ab4	4	1037
71	71	281	281	1.0	1/4	1/4	2/2	3	1	1/4	1/4	1		-4	80	Ab5	5	1041
71	71	282	282	1.0	1/2	1/2	2/2	4	2	1/4	1/4	1		4	52	E3	3	1048
71	71	282	282	1.0	1/2	1/2	2/2	2	1	1/4	1/4	1		1	67	G4	4	1038
71	71	282	282	1.0	1/2	1/2	2/2	3	1	1/4	1/4	1		1	79	G5	5	1042
71	71	283	283	1.0	3/4	3/4	2/2	4	2	1/4	1/4	1		2	50	D3	3	1049
71	71	283	283	1.0	3/4	3/4	2/2	2	1	1/4	1/4	1		-1	65	F4	4	1039
71	71	283	283	1.0	3/4	3/4	2/2	3	1	1/4	1/4	1		-1	77	F5	5	1043
72	72	284	284	1.0	0	0	2/2	4	2	1/4	1/4	1		0	48	C3	3	1058
72	72	284	284	1.0	0	0	2/2	4	1	1/4	1/4	1	-1	0	60	C4	4	1056
72	72	284	284	3.0	0	0	2/2	2	1	3/4	1/2	3/2		4	64	E4	4	1051
72	72	284	284	4.0	0	0	2/2	1	1	1	1	1	0	0	72	C5	5	1050
72	72	284	284	4.0	0	0	2/2	3	2	1	1	1	0	0	72	C5	5	1055
72	72	284	284	3.0	0	0	2/2	3	1	3/4	1/2	3/2		4	76	E5	5	1053
72	72	285	285	1.0	1/4	1/4	2/2	4	2	1/4	1/4	1		0	60	C4	4	1059
72	72	285	285	3.0	1/4	1/4	2/2	4	1	3/4	1/2	3/2	1	0	60	C4	4	1057
72	72	286	286	1.0	1/2	1/2	2/2	4	2	1/4	1/4	1		-2	58	Bb3	3	1060
72	72	287	287	1.0	3/4	3/4	2/2	4	2	1/4	1/4	1		-4	56	Ab3	3	1061
72	72	287	287	1.0	3/4	3/4	2/2	2	1	1/4	1/4	1		0	72	C5	5	1052
72	72	287	287	1.0	3/4	3/4	2/2	3	1	1/4	1/4	1		0	84	C6	6	1054
73	73	288	288	1.0	0	0	2/2	4	2	1/4	1/4	1		1	55	G3	3	1073
73	73	288	288	4.0	0	0	2/2	4	1	1	1	1	0	0	60	C4	4	1072
73	73	288	288	1.0	0	0	2/2	2	1	1/4	1/4	1		-2	70	Bb4	4	1063
73	73	288	288	4.0	0	0	2/2	1	1	1	1	1	-1	0	72	C5	5	1062
73	73	288	288	4.0	0	0	2/2	3	2	1	1	1	0	0	72	C5	5	1071
73	73	288	288	1.0	0	0	2/2	3	1	1/4	1/4	1		-2	82	Bb5	5	1067
73	73	289	289	1.0	1/4	1/4	2/2	4	2	1/4	1/4	1		-1	53	F3	3	1074
73	73	289	289	1.0	1/4	1/4	2/2	2	1	1/4	1/4	1		-4	68	Ab4	4	1064
73	73	289	289	1.0	1/4	1/4	2/2	3	1	1/4	1/4	1		-4	80	Ab5	5	1068
73	73	290	290	1.0	1/2	1/2	2/2	4	2	1/4	1/4	1		4	52	E3	3	1075
73	73	290	290	1.0	1/2	1/2	2/2	2	1	1/4	1/4	1		1	67	G4	4	1065
73	73	290	290	1.0	1/2	1/2	2/2	3	1	1/4	1/4	1		1	79	G5	5	1069
73	73	291	291	1.0	3/4	3/4	2/2	4	2	1/4	1/4	1		2	50	D3	3	1076
73	73	291	291	1.0	3/4	3/4	2/2	2	1	1/4	1/4	1		-1	65	F4	4	1066
73	73	291	291	1.0	3/4	3/4	2/2	3	1	1/4	1/4	1		-1	77	F5	5	1070
74	74	292	292	4.0	0	0	2/2	4	2	1	1	1	1	0	48	C3	3	1086
74	74	292	292	2.0	0	0	2/2	4	1	1/2	1/2	1	-1	0	60	C4	4	1084
74	74	292	292	2.0	0	0	2/2	2	1	1/2	1/2	1		4	64	E4	4	1078
74	74	292	292	2.0	0	0	2/2	3	2	1/2	1/2	1	-1	0	72	C5	5	1082
74	74	292	292	4.0	0	0	2/2	1	1	1	1	1		0	72	C5	5	1077
74	74	292	292	2.0	0	0	2/2	3	1	1/2	1/2	1		4	76	E5	5	1080
74	74	294	294	2.0	1/2	1/2	2/2	4	1	1/2	1/2	1		4	52	E3	3	1085
74	74	294	294	2.0	1/2	1/2	2/2	2	1	1/2	1/2	1	1	0	72	C5	5	1079
74	74	294	294	2.0	1/2	1/2	2/2	3	1	1/2	1/2	1		0	72	C5	5	1081
74	74	294	294	2.0	1/2	1/2	2/2	3	2	1/2	1/2	1	1	0	72	C5	5	1083
75	75	296	296	4.0	0	0	2/2	4	2	1	1	1	-1	0	48	C3	3	1097
75	75	296	296	2.0	0	0	2/2	4	1	1/2	1/2	1		-1	53	F3	3	1095
75	75	296	296	2.0	0	0	2/2	2	1	1/2	1/2	1	-1	0	72	C5	5	1088
75	75	296	296	2.0	0	0	2/2	3	2	1/2	1/2	1	-1	0	72	C5	5	1093
75	75	296	296	2.0	0	0	2/2	3	1	1/2	1/2	1		-5	73	Db5	5	1090
75	75	296	296	4.0	0	0	2/2	1	1	1	1	1		-5	73	Db5	5	1087
75	75	298	298	2.0	1/2	1/2	2/2	4	1	1/2	1/2	1		1	55	G3	3	1096
75	75	298	298	2.0	1/2	1/2	2/2	2	1	1/2	1/2	1	1	-2	70	Bb4	4	1089
75	75	298	298	2.0	1/2	1/2	2/2	3	2	1/2	1/2	1	1	-2	70	Bb4	4	1094
75	75	298	298	1.0	1/2	1/2	2/2	3	1	1/4	1/4	1		-2	82	Bb5	5	1091
75	75	299	299	1.0	3/4	3/4	2/2	3	1	1/4	1/4	1		-5	73	Db5	5	1092
76	76	300	300	4.0	0	0	2/2	4	2	1	1	1	1	0	48	C3	3	1108
76	76	300	300	2.0	0	0	2/2	4	1	1/2	1/2	1		4	52	E3	3	1106
76	76	300	300	2.0	0	0	2/2	2	1	1/2	1/2	1	-1	-2	70	Bb4	4	1099
76	76	300	300	2.0	0	0	2/2	3	2	1/2	1/2	1	-1	-2	70	Bb4	4	1104
76	76	300	300	2.0	0	0	2/2	3	1	1/2	1/2	1		0	72	C5	5	1101
76	76	300	300	4.0	0	0	2/2	1	1	1	1	1		0	72	C5	5	1098
76	76	302	302	2.0	1/2	1/2	2/2	4	1	1/2	1/2	1		-1	53	F3	3	1107
76	76	302	302	2.0	1/2	1/2	2/2	2	1	1/2	1/2	1	1	-4	68	Ab4	4	1100
76	76	302	302	2.0	1/2	1/2	2/2	3	2	1/2	1/2	1	1	-4	68	Ab4	4	1105
76	76	302	302	1.0	1/2	1/2	2/2	3	1	1/4	1/4	1		-4	80	Ab5	5	1102
76	76	303	303	1.0	3/4	3/4	2/2	3	1	1/4	1/4	1		0	72	C5	5	1103
77	77	304	304	4.0	0	0	2/2	4	2	1	1	1	-1	0	48	C3	3	1119
77	77	304	304	2.0	0	0	2/2	4	1	1/2	1/2	1		2	50	D3	3	1117
77	77	304	304	2.0	0	0	2/2	2	1	1/2	1/2	1	-1	-4	68	Ab4	4	1110
77	77	304	304	2.0	0	0	2/2	3	2	1/2	1/2	1	-1	-4	68	Ab4	4	1115
77	77	304	304	2.0	0	0	2/2	3	1	1/2	1/2	1		-2	70	Bb4	4	1112
77	77	304	304	4.0	0	0	2/2	1	1	1	1	1		-2	70	Bb4	4	1109
77	77	306	306	2.0	1/2	1/2	2/2	4	1	1/2	1/2	1		4	52	E3	3	1118
77	77	306	306	2.0	1/2	1/2	2/2	2	1	1/2	1/2	1	1	1	67	G4	4	1111
77	77	306	306	2.0	1/2	1/2	2/2	3	2	1/2	1/2	1	1	1	67	G4	4	1116
77	77	306	306	1.0	1/2	1/2	2/2	3	1	1/4	1/4	1		1	79	G5	5	1113
77	77	307	307	1.0	3/4	3/4	2/2	3	1	1/4	1/4	1		-2	70	Bb4	4	1114
78	78	308	308	4.0	0	0	2/2	4	2	1	1	1	1	0	48	C3	3	1132
78	78	308	308	2.0	0	0	2/2	4	1	1/2	1/2	1		-1	53	F3	3	1130
78	78	308	308	2.0	0	0	2/2	3	1	1/2	1/2	1		-1	65	F4	4	1125
78	78	308	308	2.0	0	0	2/2	2	1	1/2	1/2	1	-1	1	67	G4	4	1123
78	78	308	308	2.0	0	0	2/2	3	2	1/2	1/2	1	-1	1	67	G4	4	1128
78	78	308	308	2.0	0	0	2/2	1	1	1/2	1/2	1		-4	68	Ab4	4	1120
78	78	310	310	2.0	1/2	1/2	2/2	4	1	1/2	1/2	1		-4	56	Ab3	3	1131
78	78	310	310	2.0	1/2	1/2	2/2	2	1	1/2	1/2	1		-1	65	F4	4	1124
78	78	310	310	2.0	1/2	1/2	2/2	3	2	1/2	1/2	1	1	-1	65	F4	4	1129
78	78	310	310	1.0	1/2	1/2	2/2	1	1	1/4	1/4	1		-2	70	Bb4	4	1121
78	78	310	310	1.0	1/2	1/2	2/2	3	1	1/4	1/4	1		-1	77	F5	5	1126
78	78	311	311	1.0	3/4	3/4	2/2	1	1	1/4	1/4	1		-4	68	Ab4	4	1122
78	78	311	311	1.0	3/4	3/4	2/2	3	1	1/4	1/4	1		-4	68	Ab4	4	1127
79	79	312	312	4.0	0	0	2/2	4	2	1	1	1	-1	0	48	C3	3	1141
79	79	312	312	2.0	0	0	2/2	4	1	1/2	1/2	1		0	60	C4	4	1139
79	79	312	312	2.0	0	0	2/2	2	1	1/2	1/2	1		-1	65	F4	4	1134
79	79	312	312	2.0	0	0	2/2	3	2	1/2	1/2	1	-1	-1	65	F4	4	1137
79	79	312	312	4.0	0	0	2/2	1	1	1	1	1		1	67	G4	4	1133
79	79	312	312	4.0	0	0	2/2	3	1	1	1	1		1	67	G4	4	1136
79	79	314	314	2.0	1/2	1/2	2/2	4	1	1/2	1/2	1		-2	58	Bb3	3	1140
79	79	314	314	2.0	1/2	1/2	2/2	2	1	1/2	1/2	1		4	64	E4	4	1135
79	79	314	314	2.0	1/2	1/2	2/2	3	2	1/2	1/2	1		4	64	E4	4	1138
80	80	316	316	2.0	0	0	2/2	4	1	1/2	1/2	1		-1	41	F2	2	1148
80	80	316	316	2.0	0	0	2/2	4	1	1/2	1/2	1		-1	53	F3	3	1148
80	80	316	316	1.0	0	0	2/2	3	1	1/4	1/4	1		-4	56	Ab3	3	1144
80	80	316	316	1.0	0	0	2/2	3	1	1/4	1/4	1		0	60	C4	4	1144
80	80	316	316	1.0	0	0	2/2	3	1	1/4	1/4	1		-1	65	F4	4	1144
80	80	316	316	2.0	0	0	2/2	1	1	1/2	1/2	1		-1	65	F4	4	1142
80	80	316	316	2.0	0	0	2/2	2	1	1/2	1/2	1		-1	65	F4	4	1143
80	80	317	317	1.0	1/4	1/4	2/2	3	1	1/4	1/4	1		-4	80	Ab5	5	1145
80	80	318	318	1.0	1/2	1/2	2/2	3	1	1/4	1/4	1		1	79	G5	5	1146
80	80	319	319	1.0	3/4	3/4	2/2	3	1	1/4	1/4	1		-4	80	Ab5	5	1147
81	81	320	320	1.0	0	0	2/2	3	1	1/4	1/4	1		-1	77	F5	5	1151
81	81	321	321	1.0	1/4	1/4	2/2	3	1	1/4	1/4	1		-4	80	Ab5	5	1152
81	81	322	322	2.0	1/2	1/2	2/2	4	1	1/2	1/2	1		3	57	A3	3	1155
81	81	322	322	2.0	1/2	1/2	2/2	4	1	1/2	1/2	1		0	60	C4	4	1155
81	81	322	322	2.0	1/2	1/2	2/2	2	1	1/2	1/2	1		-1	65	F4	4	1150
81	81	322	322	2.0	1/2	1/2	2/2	4	1	1/2	1/2	1		-1	65	F4	4	1155
81	81	322	322	1.0	1/2	1/2	2/2	3	1	1/4	1/4	1		0	72	C5	5	1153
81	81	322	322	2.0	1/2	1/2	2/2	1	1	1/2	1/2	1		-3	75	Eb5	5	1149
81	81	323	323	1.0	3/4	3/4	2/2	3	1	1/4	1/4	1		-3	75	Eb5	5	1154
82	82	324	324	2.0	0	0	2/2	4	1	1/2	1/2	1		-2	58	Bb3	3	1162
82	82	324	324	2.0	0	0	2/2	2	1	1/2	1/2	1		-1	65	F4	4	1157
82	82	324	324	2.0	0	0	2/2	4	1	1/2	1/2	1		-1	65	F4	4	1162
82	82	324	324	1.0	0	0	2/2	3	1	1/4	1/4	1		-5	73	Db5	5	1158
82	82	324	324	2.0	0	0	2/2	1	1	1/2	1/2	1		-5	73	Db5	5	1156
82	82	325	325	1.0	1/4	1/4	2/2	3	1	1/4	1/4	1		-2	82	Bb5	5	1159
82	82	326	326	1.0	1/2	1/2	2/2	3	1	1/4	1/4	1		-4	80	Ab5	5	1160
82	82	327	327	1.0	3/4	3/4	2/2	3	1	1/4	1/4	1		-2	82	Bb5	5	1161
83	83	328	328	1.0	0	0	2/2	3	1	1/4	1/4	1		1	79	G5	5	1165
83	83	329	329	1.0	1/4	1/4	2/2	3	1	1/4	1/4	1		-2	82	Bb5	5	1166
83	83	330	330	2.0	1/2	1/2	2/2	4	1	1/2	1/2	1		5	59	B3	3	1169
83	83	330	330	2.0	1/2	1/2	2/2	4	1	1/2	1/2	1		2	62	D4	4	1169
83	83	330	330	2.0	1/2	1/2	2/2	2	1	1/2	1/2	1		1	67	G4	4	1164
83	83	330	330	2.0	1/2	1/2	2/2	4	1	1/2	1/2	1		1	67	G4	4	1169
83	83	330	330	1.0	1/2	1/2	2/2	3	1	1/4	1/4	1		2	74	D5	5	1167
83	83	330	330	2.0	1/2	1/2	2/2	1	1	1/2	1/2	1		-1	77	F5	5	1163
83	83	331	331	1.0	3/4	3/4	2/2	3	1	1/4	1/4	1		-1	77	F5	5	1168
84	84	332	332	2.0	0	0	2/2	4	1	1/2	1/2	1		0	60	C4	4	1178
84	84	332	332	2.0	0	0	2/2	2	1	1/2	1/2	1		1	67	G4	4	1172
84	84	332	332	2.0	0	0	2/2	4	1	1/2	1/2	1		1	67	G4	4	1178
84	84	332	332	1.0	0	0	2/2	3	1	1/4	1/4	1		4	76	E5	5	1174
84	84	332	332	2.0	0	0	2/2	1	1	1/2	1/2	1		4	76	E5	5	1170
84	84	333	333	1.0	1/4	1/4	2/2	3	1	1/4	1/4	1		0	72	C5	5	1175
84	84	334	334	2.0	1/2	1/2	2/2	4	1	1/2	1/2	1		-4	56	Ab3	3	1179
84	84	334	334	2.0	1/2	1/2	2/2	4	1	1/2	1/2	1		0	60	C4	4	1179
84	84	334	334	2.0	1/2	1/2	2/2	2	1	1/2	1/2	1		-4	68	Ab4	4	1173
84	84	334	334	1.0	1/2	1/2	2/2	3	1	1/4	1/4	1		-1	77	F5	5	1176
84	84	334	334	2.0	1/2	1/2	2/2	1	1	1/2	1/2	1		-1	77	F5	5	1171
84	84	335	335	1.0	3/4	3/4	2/2	3	1	1/4	1/4	1		-4	68	Ab4	4	1177
85	85	336	336	2.0	0	0	2/2	4	1	1/2	1/2	1		-2	58	Bb3	3	1188
85	85	336	336	2.0	0	0	2/2	4	1	1/2	1/2	1		-5	61	Db4	4	1188
85	85	336	336	1.0	0	0	2/2	3	1	1/4	1/4	1		1	67	G4	4	1184
85	85	336	336	2.0	0	0	2/2	2	1	1/2	1/2	1		1	67	G4	4	1182
85	85	336	336	2.0	0	0	2/2	1	1	1/2	1/2	1		-1	77	F5	5	1180
85	85	337	337	1.0	1/4	1/4	2/2	3	1	1/4	1/4	1		-5	73	Db5	5	1185
85	85	337	337	1.0	1/4	1/4	2/2	3	1	1/4	1/4	1		-1	77	F5	5	1185
85	85	338	338	2.0	1/2	1/2	2/2	4	1	1/2	1/2	1		0	60	C4	4	1189
85	85	338	338	1.0	1/2	1/2	2/2	3	1	1/4	1/4	1		1	67	G4	4	1186
85	85	338	338	2.0	1/2	1/2	2/2	2	1	1/2	1/2	1		1	67	G4	4	1183
85	85	338	338	2.0	1/2	1/2	2/2	1	1	1/2	1/2	1		4	76	E5	5	1181
85	85	339	339	1.0	3/4	3/4	2/2	3	1	1/4	1/4	1		-2	70	Bb4	4	1187
85	85	339	339	1.0	3/4	3/4	2/2	3	1	1/4	1/4	1		4	76	E5	5	1187
86	86	340	340	2.0	0	0	2/2	4	1	1/2	1/2	1		-1	53	F3	3	1196
86	86	340	340	2.0	0	0	2/2	4	1	1/2	1/2	1		0	60	C4	4	1196
86	86	340	340	2.0	0	0	2/2	2	1	1/2	1/2	1		-1	65	F4	4	1191
86	86	340	340	1.0	0	0	2/2	3	1	1/4	1/4	1		-4	68	Ab4	4	1192
86	86	340	340	1.0	0	0	2/2	3	1	1/4	1/4	1		-1	77	F5	5	1192
86	86	340	340	2.0	0	0	2/2	1	1	1/2	1/2	1		-1	77	F5	5	1190
86	86	341	341	1.0	1/4	1/4	2/2	3	1	1/4	1/4	1		-4	80	Ab5	5	1193
86	86	342	342	1.0	1/2	1/2	2/2	3	1	1/4	1/4	1		1	79	G5	5	1194
86	86	343	343	1.0	3/4	3/4	2/2	3	1	1/4	1/4	1		-4	80	Ab5	5	1195
87	87	344	344	1.0	0	0	2/2	3	1	1/4	1/4	1		-1	77	F5	5	1199
87	87	345	345	1.0	1/4	1/4	2/2	3	1	1/4	1/4	1		-4	80	Ab5	5	1200
87	87	346	346	2.0	1/2	1/2	2/2	4	1	1/2	1/2	1		3	45	A2	2	1203
87	87	346	346	2.0	1/2	1/2	2/2	4	1	1/2	1/2	1		0	48	C3	3	1203
87	87	346	346	2.0	1/2	1/2	2/2	4	1	1/2	1/2	1		-1	53	F3	3	1203
87	87	346	346	2.0	1/2	1/2	2/2	2	1	1/2	1/2	1		-1	65	F4	4	1198
87	87	346	346	1.0	1/2	1/2	2/2	3	1	1/4	1/4	1		0	72	C5	5	1201
87	87	346	346	2.0	1/2	1/2	2/2	1	1	1/2	1/2	1		-3	75	Eb5	5	1197
87	87	347	347	1.0	3/4	3/4	2/2	3	1	1/4	1/4	1		-3	75	Eb5	5	1202
88	88	348	348	2.0	0	0	2/2	4	1	1/2	1/2	1		-2	46	Bb2	2	1210
88	88	348	348	2.0	0	0	2/2	4	1	1/2	1/2	1		-5	49	Db3	3	1210
88	88	348	348	2.0	0	0	2/2	4	1	1/2	1/2	1		-1	53	F3	3	1210
88	88	348	348	2.0	0	0	2/2	2	1	1/2	1/2	1		-1	65	F4	4	1205
88	88	348	348	1.0	0	0	2/2	3	1	1/4	1/4	1		-5	73	Db5	5	1206
88	88	348	348	2.0	0	0	2/2	1	1	1/2	1/2	1		-5	73	Db5	5	1204
88	88	349	349	1.0	1/4	1/4	2/2	3	1	1/4	1/4	1		-2	82	Bb5	5	1207
88	88	350	350	1.0	1/2	1/2	2/2	3	1	1/4	1/4	1		-4	80	Ab5	5	1208
88	88	351	351	1.0	3/4	3/4	2/2	3	1	1/4	1/4	1		-2	82	Bb5	5	1209
89	89	352	352	1.0	0	0	2/2	3	1	1/4	1/4	1		1	79	G5	5	1213
89	89	353	353	1.0	1/4	1/4	2/2	3	1	1/4	1/4	1		-2	82	Bb5	5	1214
89	89	354	354	2.0	1/2	1/2	2/2	4	1	1/2	1/2	1		5	47	B2	2	1217
89	89	354	354	2.0	1/2	1/2	2/2	4	1	1/2	1/2	1		2	50	D3	3	1217
89	89	354	354	2.0	1/2	1/2	2/2	4	1	1/2	1/2	1		1	55	G3	3	1217
89	89	354	354	2.0	1/2	1/2	2/2	2	1	1/2	1/2	1		1	67	G4	4	1212
89	89	354	354	1.0	1/2	1/2	2/2	3	1	1/4	1/4	1		2	74	D5	5	1215
89	89	354	354	2.0	1/2	1/2	2/2	1	1	1/2	1/2	1		-1	77	F5	5	1211
89	89	355	355	1.0	3/4	3/4	2/2	3	1	1/4	1/4	1		-1	77	F5	5	1216
90	90	356	356	2.0	0	0	2/2	4	1	1/2	1/2	1		0	48	C3	3	1226
90	90	356	356	2.0	0	0	2/2	4	1	1/2	1/2	1		4	52	E3	3	1226
90	90	356	356	2.0	0	0	2/2	4	1	1/2	1/2	1		1	55	G3	3	1226
90	90	356	356	2.0	0	0	2/2	2	1	1/2	1/2	1		1	67	G4	4	1220
90	90	356	356	1.0	0	0	2/2	3	1	1/4	1/4	1		4	76	E5	5	1222
90	90	356	356	2.0	0	0	2/2	1	1	1/2	1/2	1		4	76	E5	5	1218
90	90	357	357	1.0	1/4	1/4	2/2	3	1	1/4	1/4	1		0	72	C5	5	1223
90	90	358	358	2.0	1/2	1/2	2/2	4	1	1/2	1/2	1		-4	44	Ab2	2	1227
90	90	358	358	2.0	1/2	1/2	2/2	4	1	1/2	1/2	1		0	48	C3	3	1227
90	90	358	358	2.0	1/2	1/2	2/2	4	1	1/2	1/2	1		-1	53	F3	3	1227
90	90	358	358	2.0	1/2	1/2	2/2	2	1	1/2	1/2	1		-4	68	Ab4	4	1221
90	90	358	358	1.0	1/2	1/2	2/2	3	1	1/4	1/4	1		-1	77	F5	5	1224
90	90	358	358	2.0	1/2	1/2	2/2	1	1	1/2	1/2	1		-1	77	F5	5	1219
90	90	359	359	1.0	3/4	3/4	2/2	3	1	1/4	1/4	1		-4	68	Ab4	4	1225
91	91	360	360	2.0	0	0	2/2	4	1	1/2	1/2	1		-2	46	Bb2	2	1236
91	91	360	360	2.0	0	0	2/2	4	1	1/2	1/2	1		-5	49	Db3	3	1236
91	91	360	360	2.0	0	0	2/2	4	1	1/2	1/2	1		1	55	G3	3	1236
91	91	360	360	1.0	0	0	2/2	3	1	1/4	1/4	1		1	67	G4	4	1232
91	91	360	360	2.0	0	0	2/2	2	1	1/2	1/2	1		1	67	G4	4	1230
91	91	360	360	2.0	0	0	2/2	1	1	1/2	1/2	1		-1	77	F5	5	1228
91	91	361	361	1.0	1/4	1/4	2/2	3	1	1/4	1/4	1		-5	73	Db5	5	1233
91	91	361	361	1.0	1/4	1/4	2/2	3	1	1/4	1/4	1		-1	77	F5	5	1233
91	91	362	362	2.0	1/2	1/2	2/2	4	1	1/2	1/2	1		0	48	C3	3	1237
91	91	362	362	2.0	1/2	1/2	2/2	4	1	1/2	1/2	1		1	55	G3	3	1237
91	91	362	362	1.0	1/2	1/2	2/2	3	1	1/4	1/4	1		1	67	G4	4	1234
91	91	362	362	2.0	1/2	1/2	2/2	2	1	1/2	1/2	1		1	67	G4	4	1231
91	91	362	362	2.0	1/2	1/2	2/2	1	1	1/2	1/2	1		4	76	E5	5	1229
91	91	363	363	1.0	3/4	3/4	2/2	3	1	1/4	1/4	1		-2	70	Bb4	4	1235
91	91	363	363	1.0	3/4	3/4	2/2	3	1	1/4	1/4	1		4	76	E5	5	1235
92	92	364	364	2.0	0	0	2/2	4	1	1/2	1/2	1		-1	41	F2	2	1245
92	92	364	364	2.0	0	0	2/2	4	1	1/2	1/2	1		0	48	C3	3	1245
92	92	364	364	2.0	0	0	2/2	4	1	1/2	1/2	1		-1	53	F3	3	1245
92	92	364	364	2.0	0	0	2/2	2	1	1/2	1/2	1		-1	65	F4	4	1240
92	92	364	364	1.0	0	0	2/2	3	1	1/4	1/4	1		-4	68	Ab4	4	1242
92	92	364	364	1.0	0	0	2/2	3	1	1/4	1/4	1		-1	77	F5	5	1242
92	92	364	364	2.0	0	0	2/2	1	1	1/2	1/2	1		-1	77	F5	5	1238
92	92	365	365	1.0	1/4	1/4	2/2	3	1	1/4	1/4	1		-1	77	F5	5	1243
92	92	365	365	1.0	1/4	1/4	2/2	3	1	1/4	1/4	1		-4	80	Ab5	5	1243
92	92	366	366	2.0	1/2	1/2	2/2	4	1	1/2	1/2	1		0	36	C2	2	1246
92	92	366	366	2.0	1/2	1/2	2/2	4	1	1/2	1/2	1		0	48	C3	3	1246
92	92	366	366	2.0	1/2	1/2	2/2	2	1	1/2	1/2	1		1	67	G4	4	1241
92	92	366	366	2.0	1/2	1/2	2/2	1	1	1/2	1/2	1		4	76	E5	5	1239
92	92	367	367	1.0	3/4	3/4	2/2	3	1	1/4	1/4	1		1	67	G4	4	1244
92	92	367	367	1.0	3/4	3/4	2/2	3	1	1/4	1/4	1		0	72	C5	5	1244
92	92	367	367	1.0	3/4	3/4	2/2	3	1	1/4	1/4	1		4	76	E5	5	1244
92	92	367	367	1.0	3/4	3/4	2/2	3	1	1/4	1/4	1		1	79	G5	5	1244
93	93	368	368	2.0	0	0	2/2	4	1	1/2	1/2	1		-1	41	F2	2	1253
93	93	368	368	2.0	0	0	2/2	4	1	1/2	1/2	1		-1	53	F3	3	1253
93	93	368	368	2.0	0	0	2/2	2	1	1/2	1/2	1		-4	68	Ab4	4	1249
93	93	368	368	2.0	0	0	2/2	1	1	1/2	1/2	1		-1	77	F5	5	1247
93	93	369	369	1.0	1/4	1/4	2/2	3	1	1/4	1/4	1		-4	68	Ab4	4	1251
93	93	369	369	1.0	1/4	1/4	2/2	3	1	1/4	1/4	1		0	72	C5	5	1251
93	93	369	369	1.0	1/4	1/4	2/2	3	1	1/4	1/4	1		-1	77	F5	5	1251
93	93	369	369	1.0	1/4	1/4	2/2	3	1	1/4	1/4	1		-4	80	Ab5	5	1251
93	93	370	370	2.0	1/2	1/2	2/2	4	1	1/2	1/2	1		0	36	C2	2	1254
93	93	370	370	2.0	1/2	1/2	2/2	4	1	1/2	1/2	1		0	48	C3	3	1254
93	93	370	370	2.0	1/2	1/2	2/2	2	1	1/2	1/2	1		4	64	E4	4	1250
93	93	370	370	2.0	1/2	1/2	2/2	1	1	1/2	1/2	1		0	72	C5	5	1248
93	93	371	371	1.0	3/4	3/4	2/2	3	1	1/4	1/4	1		0	60	C4	4	1252
93	93	371	371	1.0	3/4	3/4	2/2	3	1	1/4	1/4	1		4	64	E4	4	1252
93	93	371	371	1.0	3/4	3/4	2/2	3	1	1/4	1/4	1		1	67	G4	4	1252
94	94	372	372	2.0	0	0	2/2	4	1	1/2	1/2	1		-1	29	F1	1	1258
94	94	372	372	2.0	0	0	2/2	4	1	1/2	1/2	1		-1	41	F2	2	1258
94	94	372	372	2.0	0	0	2/2	1	1	1/2	1/2	1		-1	65	F4	4	1255
94	94	372	372	2.0	0	0	2/2	2	1	1/2	1/2	1		-1	65	F4	4	1256
94	94	372	372	2.0	0	0	2/2	3	1	1/2	1/2	1		-1	65	F4	4	1257
94	94	372	372	2.0	0	0	2/2	3	1	1/2	1/2	1		-4	68	Ab4	4	1257
94	94	372	372	2.0	0	0	2/2	3	1	1/2	1/2	1		0	72	C5	5	1257
94	94	372	372	2.0	0	0	2/2	3	1	1/2	1/2	1		-1	77	F5	5	1257
